player_id,name,short_name,position,jersey_number,age,country,Buts,xG,Succ_dribbles,Tacles,Assists,Passes_Reussies_Pct,club,league,market_value_raw
108579,Harry Kane,H. Kane,F,9,32.0,England,36,26.87,32,19,5,81.02,bayern_munich,bundesliga,65000000
1084730,Bryan Zaragoza,B. Zaragoza,F,17,24.0,Spain,0,0.05,6,1,1,83.05,bayern_munich,bundesliga,7500000
1005834,Armindo Sieb,A. Sieb,F,30,23.0,Germany,2,2.22,6,7,0,69.39,bayern_munich,bundesliga,2600000
978838,Michael Olise,M. Olise,M,17,24.0,France,15,11.46,65,24,19,84.14,bayern_munich,bundesliga,144000000
883537,Luis Díaz,L. Díaz,M,14,29.0,Colombia,15,15.1,61,21,14,85.81,bayern_munich,bundesliga,76000000
1010231,Jamal Musiala,J. Musiala,M,10,23.0,Germany,3,4.81,21,11,4,84.93,bayern_munich,bundesliga,97000000
259117,Joshua Kimmich,J. Kimmich,M,6,31.0,Germany,2,2.65,11,32,8,92.38,bayern_munich,bundesliga,38000000
1861975,Lennart Karl,L. Karl,M,42,18.0,Germany,5,7.59,22,25,5,85.91,bayern_munich,bundesliga,63000000
187433,Serge Gnabry,S. Gnabry,M,7,31.0,Germany,8,6.26,16,18,6,89.83,bayern_munich,bundesliga,18900000
1142251,Aleksandar Pavlović,A. Pavlović,M,45,22.0,Germany,3,1.6,4,26,1,94.55,bayern_munich,bundesliga,96000000
364612,João Palhinha,J. Palhinha,M,16,31.0,Portugal,5,2.7,10,110,2,81.99,bayern_munich,bundesliga,13800000
1129935,Tom Bischof,T. Bischof,M,20,21.0,Germany,3,1.83,7,26,3,92.6,bayern_munich,bundesliga,39000000
1142248,Arijon Ibrahimović,A. Ibrahimović,M,20,20.0,Germany,2,6.31,23,34,4,72.08,bayern_munich,bundesliga,10500000
843665,Alphonso Davies,A. Davies,D,19,25.0,Canada,1,0.35,13,9,3,93.61,bayern_munich,bundesliga,39000000
798583,Dayot Upamecano,D. Upamecano,D,2,27.0,France,1,1.03,4,44,1,92.6,bayern_munich,bundesliga,65000000
896569,Kim Min-jae,K. Min-jae,D,3,29.0,South Korea,1,0.62,1,22,1,94.94,bayern_munich,bundesliga,21000000
980418,Sacha Boey,S. Boey,D,23,25.0,France,0,0.28,1,6,0,86.35,bayern_munich,bundesliga,9200000
227672,Jonathan Tah,J. Tah,D,4,30.0,Germany,2,0.71,3,24,1,96.31,bayern_munich,bundesliga,26000000
927407,Josip Stanišić,J. Stanišić,D,44,26.0,Croatia,2,1.36,10,28,3,89.75,bayern_munich,bundesliga,39000000
355492,Konrad Laimer,K. Laimer,D,27,29.0,Austria,3,2.42,14,46,9,90.06,bayern_munich,bundesliga,31000000
873106,Hiroki Itō,H. Itō,D,21,27.0,Japan,1,0.85,4,4,2,91.09,bayern_munich,bundesliga,19800000
1159759,Nathaniel Brown,N. Brown,D,21,23.0,Germany,4,2.52,17,81,4,84.74,bayern_munich,bundesliga,37000000
8959,Manuel Neuer,M. Neuer,G,1,40.0,Germany,0,0.0,0,0,0,81.28,bayern_munich,bundesliga,4099999
1130647,Jonas Urbig,J. Urbig,G,1,22.0,Germany,0,0.0,0,0,0,83.41,bayern_munich,bundesliga,19600000
26768,Sven Ulreich,S. Ulreich,G,26,37.0,Germany,0,0.0,0,0,0,47.37,bayern_munich,bundesliga,515000
1407524,Ibrahim Maza,I. Maza,F,30,20.0,Algeria,3,5.34,48,41,4,83.05,bayer_leverkusen,bundesliga,41000000
978521,Victor Okoh Boniface,V. O. Boniface,F,22,25.0,Nigeria,0,1.08,5,2,2,68.81,bayer_leverkusen,bundesliga,5500000
1394353,Eliesse Ben Seghir,E. Ben Seghir,F,17,21.0,Morocco,0,0.14,9,4,0,85.82,bayer_leverkusen,bundesliga,21000000
280609,Patrik Schick,P. Schick,F,14,30.0,Czechia,16,17.18,10,9,3,80.54,bayer_leverkusen,bundesliga,16600000
2029648,Christian Kofane,C. Kofane,F,35,19.0,Cameroon,5,6.8,7,13,4,82.76,bayer_leverkusen,bundesliga,41000000
1119502,Ernest Poku,E. Poku,F,19,22.0,Netherlands,5,3.05,28,13,5,83.15,bayer_leverkusen,bundesliga,24000000
1215906,Afonso Moreira,A. Moreira,F,17,21.0,Portugal,4,2.69,24,33,7,80.85,bayer_leverkusen,bundesliga,18400000
920379,Nathan Tella,N. Tella,F,23,27.0,Nigeria,1,2.8,13,12,4,85.17,bayer_leverkusen,bundesliga,15800000
1482433,Alejo Sarco,A. Sarco,F,18,20.0,Argentina,0,0.29,1,1,0,69.57,bayer_leverkusen,bundesliga,1800000
846445,Martin Terrier,M. Terrier,F,11,29.0,France,4,2.55,5,11,1,85.02,bayer_leverkusen,bundesliga,7400000
142390,Jonas Hofmann,J. Hofmann,F,7,34.0,Germany,2,1.63,7,13,2,83.55,bayer_leverkusen,bundesliga,1600000
255239,Lucas Vázquez,L. Vázquez,M,21,35.0,Spain,1,0.5,1,6,2,87.12,bayer_leverkusen,bundesliga,1600000
822600,Exequiel Palacios,E. Palacios,M,25,27.0,Argentina,0,0.6,4,21,1,90.67,bayer_leverkusen,bundesliga,26000000
975798,Malik Tillman,M. Tillman,M,10,24.0,USA,6,4.62,11,38,0,83.52,bayer_leverkusen,bundesliga,27000000
1003012,Ezequiel Fernández,E. Fernández,M,6,23.0,Argentina,0,0.68,9,31,1,89.47,bayer_leverkusen,bundesliga,21000000
796047,Aleix García,A. García,M,24,29.0,Spain,3,2.29,4,26,8,92.88,bayer_leverkusen,bundesliga,21000000
1174761,Arthur,Arthur,M,13,23.0,Brazil,1,0.92,14,20,3,83.7,bayer_leverkusen,bundesliga,7400000
1568522,Montrell Culbreath,M. Culbreath,M,42,18.0,Germany,1,1.83,5,27,0,84.58,bayer_leverkusen,bundesliga,15600000
883262,Edmond Tapsoba,E. Tapsoba,D,12,27.0,Burkina Faso,5,2.5,8,31,3,90.95,bayer_leverkusen,bundesliga,37000000
1003339,Jarell Quansah,J. Quansah,D,4,23.0,England,4,2.84,14,28,0,90.29,bayer_leverkusen,bundesliga,48000000
168903,Robert Andrich,R. Andrich,D,8,31.0,Germany,2,0.72,1,43,0,90.1,bayer_leverkusen,bundesliga,6200000
1006489,Loïc Badé,L. Badé,D,5,26.0,France,0,1.29,3,33,0,92.12,bayer_leverkusen,bundesliga,19400000
1529051,Abdoulaye Faye,A. Faye,D,25,21.0,Senegal,0,0.59,7,32,0,87.65,bayer_leverkusen,bundesliga,4200000
1937795,Axel Tape,A. Tape,D,16,18.0,France,0,0.22,7,1,0,96.05,bayer_leverkusen,bundesliga,8700000
1173172,Jeanuël Belocian,J. Belocian,D,44,21.0,France,0,0.47,7,35,1,89.46,bayer_leverkusen,bundesliga,12900000
1138778,Tim Oermann,T. Oermann,D,15,22.0,Germany,0,0.0,0,1,0,55.56,bayer_leverkusen,bundesliga,4099999
171919,Mark Flekken,M. Flekken,G,1,33.0,Netherlands,0,0.0,1,0,0,72.97,bayer_leverkusen,bundesliga,6400000
96832,Janis Blaswich,J. Blaswich,G,28,35.0,Germany,0,0.0,0,0,0,74.19,bayer_leverkusen,bundesliga,650000
328027,Serhou Guirassy,S. Guirassy,F,9,30.0,Guinea,17,17.56,12,2,1,75.57,borussia_dortmund,bundesliga,34000000
940054,Karim Adeyemi,K. Adeyemi,F,27,24.0,Germany,7,4.87,27,5,4,71.67,borussia_dortmund,bundesliga,41000000
980628,Maximilian Beier,M. Beier,F,14,23.0,Germany,9,7.35,18,26,6,70.41,borussia_dortmund,bundesliga,43000000
954076,Fábio Silva,F. Silva,F,21,23.0,Portugal,2,2.64,12,7,6,72.39,borussia_dortmund,bundesliga,21000000
1937835,Mathis Albert,M. Albert,F,41,17.0,USA,0,0.0,0,1,0,66.67,borussia_dortmund,bundesliga,310000
1134083,Jobe Bellingham,J. Bellingham,M,7,20.0,England,0,1.08,15,44,1,87.4,borussia_dortmund,bundesliga,38000000
994556,Carney Chukwuemeka,C. Chukwuemeka,M,17,22.0,Austria,2,1.93,22,21,0,85.12,borussia_dortmund,bundesliga,18100000
907463,Felix Nmecha,F. Nmecha,M,8,25.0,Germany,2,3.62,31,37,3,87.16,borussia_dortmund,bundesliga,48000000
133908,Marcel Sabitzer,M. Sabitzer,M,20,32.0,Austria,1,1.15,3,30,2,83.84,borussia_dortmund,bundesliga,6200000
1002813,Yan Couto,Y. Couto,M,2,24.0,Brazil,2,1.01,13,20,2,81.7,borussia_dortmund,bundesliga,17500000
800951,Julian Ryerson,J. Ryerson,M,26,28.0,Norway,0,0.93,24,34,15,82.58,borussia_dortmund,bundesliga,24000000
1861666,Samuele Inacio,S. Inacio,M,40,18.0,Italy,1,1.76,5,6,0,84.68,borussia_dortmund,bundesliga,15900000
1021272,Daniel Svensson,D. Svensson,M,24,24.0,Sweden,2,1.79,12,38,2,83.45,borussia_dortmund,bundesliga,20000000
577726,Ramy Bensebaini,R. Bensebaini,D,5,31.0,Algeria,5,3.11,4,28,2,87.41,borussia_dortmund,bundesliga,7400000
940871,Nico Schlotterbeck,N. Schlotterbeck,D,4,26.0,Germany,5,3.72,15,50,1,88.26,borussia_dortmund,bundesliga,57000000
138156,Emre Can,E. Can,D,23,32.0,Germany,3,2.45,3,12,0,86.22,borussia_dortmund,bundesliga,3200000
799046,Waldemar Anton,W. Anton,D,3,29.0,Germany,2,1.74,13,73,0,89.85,borussia_dortmund,bundesliga,19700000
1137131,Filippo Mané,F. Mané,D,39,21.0,Italy,0,0.0,0,1,0,86.27,borussia_dortmund,bundesliga,2400000
1937833,Luca Reggiani,L. Reggiani,D,49,18.0,Italy,1,0.43,4,14,0,88.1,borussia_dortmund,bundesliga,9700000
1418620,Almugera Kabar,A. Kabar,D,42,20.0,Germany,0,0.1,0,1,0,50.0,borussia_dortmund,bundesliga,3100000
556866,Gregor Kobel,G. Kobel,G,1,28.0,Switzerland,0,0.0,0,0,0,72.13,borussia_dortmund,bundesliga,41000000
981562,Diant Ramaj,D. Ramaj,G,41,24.0,Germany,0,0.0,0,1,1,65.12,borussia_dortmund,bundesliga,6300000
1898148,Ayoube Amaimouni Echghouyab,A. Amaimouni Echghouyab,F,29,21.0,Morocco,2,0.52,20,6,3,76.98,eintracht_frankfurt,bundesliga,10900000
147745,Michy Batshuayi,M. Batshuayi,F,30,32.0,Belgium,1,1.13,1,1,0,73.68,eintracht_frankfurt,bundesliga,2200000
979315,Elye Wahi,E. Wahi,F,17,23.0,Côte d'Ivoire,0,0.8,1,2,1,83.54,eintracht_frankfurt,bundesliga,19400000
939830,Jonathan Burkardt,J. Burkardt,F,9,26.0,Germany,13,12.0,6,8,1,73.3,eintracht_frankfurt,bundesliga,29000000
1146148,Jean-Mattéo Bahoya,J. Bahoya,F,19,21.0,France,3,2.04,41,31,4,80.45,eintracht_frankfurt,bundesliga,24000000
997012,Ansgar Knauff,A. Knauff,F,7,24.0,Germany,4,3.78,11,13,1,70.62,eintracht_frankfurt,bundesliga,15500000
1474296,Younes Ebnoutalib,Y. Ebnoutalib,F,11,22.0,Germany,1,0.65,1,0,0,76.19,eintracht_frankfurt,bundesliga,8800000
906276,Jessic Ngankam,J. Ngankam,F,32,25.0,Germany,0,0.0,1,0,0,88.24,eintracht_frankfurt,bundesliga,720000
1192318,Farès Chaïbi,F. Chaïbi,M,8,23.0,Algeria,2,2.83,11,31,9,78.88,eintracht_frankfurt,bundesliga,14500000
1440948,Can Uzun,C. Uzun,M,42,20.0,Türkiye,8,3.93,16,15,4,81.62,eintracht_frankfurt,bundesliga,44000000
790965,Ritsu Doan,R. Doan,M,20,28.0,Japan,5,3.36,34,43,5,77.65,eintracht_frankfurt,bundesliga,15600000
66518,Mario Götze,M. Götze,M,27,34.0,Germany,0,0.57,5,14,0,83.2,eintracht_frankfurt,bundesliga,3100000
591706,Ellyes Skhiri,E. Skhiri,M,15,31.0,Tunisia,0,0.64,7,20,0,88.02,eintracht_frankfurt,bundesliga,5200000
1142211,Hugo Larsson,H. Larsson,M,16,22.0,Sweden,2,1.47,4,19,2,86.78,eintracht_frankfurt,bundesliga,30000000
904994,Eric Ebimbe,E. Ebimbe,M,26,25.0,Cameroon,5,3.6,3,25,0,76.81,eintracht_frankfurt,bundesliga,6500000
1149113,Oscar Højlund,O. Højlund,M,6,21.0,Denmark,1,0.54,5,29,1,89.72,eintracht_frankfurt,bundesliga,14600000
1977245,Love Arrhov,L. Arrhov,M,31,18.0,Sweden,0,0.0,1,2,0,73.91,eintracht_frankfurt,bundesliga,5200000
40239,Timothy Chandler,T. Chandler,M,22,36.0,USA,0,0.0,0,0,0,80.0,eintracht_frankfurt,bundesliga,375000
965778,Arthur Theate,A. Theate,D,3,26.0,Belgium,1,1.1,4,35,0,89.92,eintracht_frankfurt,bundesliga,16500000
581302,Robin Koch,R. Koch,D,4,29.0,Germany,3,1.38,2,42,1,91.77,eintracht_frankfurt,bundesliga,10800000
1048569,Nnamdi Collins,N. Collins,D,34,22.0,Germany,1,0.45,11,49,2,87.64,eintracht_frankfurt,bundesliga,18500000
1403018,Elias Baum,E. Baum,D,2,20.0,Germany,0,0.0,0,1,0,90.77,eintracht_frankfurt,bundesliga,3900000
941179,Niels Nkounkou,N. Nkounkou,D,29,25.0,France,0,0.19,8,16,1,80.34,eintracht_frankfurt,bundesliga,2800000
1134203,Kauã Santos,Kauã,G,40,23.0,Brazil,0,0.0,1,1,0,63.0,eintracht_frankfurt,bundesliga,6500000
190161,Michael Zetterer,M. Zetterer,G,23,31.0,Germany,0,0.0,0,0,0,71.86,eintracht_frankfurt,bundesliga,4099999
1019321,Igor Matanović,I. Matanović,F,31,23.0,Croatia,11,9.24,12,23,2,62.58,freiburg,bundesliga,21000000
1067120,Eren Dinkçi,E. Dinkçi,F,18,24.0,Türkiye,3,3.97,11,25,1,70.62,freiburg,bundesliga,5400000
280009,Lucas Höler,L. Höler,F,9,32.0,Germany,3,4.5,10,25,1,68.93,freiburg,bundesliga,2900000
1131002,Derry Scherhant,D. Scherhant,F,7,23.0,Germany,5,2.58,30,20,1,75.66,freiburg,bundesliga,7300000
1518931,Johan Manzambi,J. Manzambi,M,44,20.0,Switzerland,5,3.85,33,35,4,84.45,freiburg,bundesliga,54000000
1508537,Cyriaque Irié,C. Irié,M,22,21.0,Burkina Faso,0,0.73,12,9,0,83.64,freiburg,bundesliga,8199999
1020422,Yuito Suzuki,Y. Suzuki,M,14,24.0,Japan,4,3.86,18,20,2,77.53,freiburg,bundesliga,25000000
171961,Vincenzo Grifo,V. Grifo,M,32,33.0,Italy,7,5.74,10,10,4,82.11,freiburg,bundesliga,3700000
836711,Jan-Niklas Beste,J. Beste,M,19,27.0,Germany,2,3.44,15,40,2,75.46,freiburg,bundesliga,10800000
569784,Maximilian Eggestein,M. Eggestein,M,8,29.0,Germany,3,3.8,15,64,1,82.66,freiburg,bundesliga,10500000
914755,Patrick Osterhage,P. Osterhage,M,6,26.0,Germany,1,0.95,6,14,0,86.65,freiburg,bundesliga,11600000
2217897,Rouven Tarnutzer,R. Tarnutzer,M,69,18.0,Switzerland,0,0.0,0,0,0,100.0,freiburg,bundesliga,380000
142259,Matthias Ginter,M. Ginter,D,28,32.0,Germany,3,2.3,3,22,4,87.47,freiburg,bundesliga,4800000
576266,Philipp Lienhart,P. Lienhart,D,3,30.0,Austria,1,1.06,3,18,0,90.28,freiburg,bundesliga,9600000
1131339,Jordy Makengo,J. Makengo,D,33,24.0,France,0,0.0,7,22,1,84.04,freiburg,bundesliga,5800000
142231,Christian Günter,C. Günter,D,30,33.0,Germany,0,0.38,2,19,3,78.79,freiburg,bundesliga,1900000
1596573,Bruno Ogbus,B. Ogbus,D,43,20.0,Switzerland,0,0.37,3,23,0,91.6,freiburg,bundesliga,14000000
142525,Lukas Kübler,L. Kübler,D,17,33.0,Germany,2,3.18,2,40,2,81.26,freiburg,bundesliga,1500000
1131337,Maximilian Rosenfelder,M. Rosenfelder,D,37,23.0,Germany,0,0.02,2,8,0,89.12,freiburg,bundesliga,6300000
979820,Philipp Treu,P. Treu,D,29,25.0,Germany,1,1.19,15,45,2,85.63,freiburg,bundesliga,15900000
103442,Anthony Jung,A. Jung,D,5,34.0,Germany,0,0.03,1,4,0,82.72,freiburg,bundesliga,580000
980626,Noah Atubolu,N. Atubolu,G,1,24.0,Germany,0,0.0,0,0,0,67.01,freiburg,bundesliga,24000000
1083390,Mio Backhaus,M. Backhaus,G,30,22.0,Germany,0,0.0,0,0,0,78.9,freiburg,bundesliga,14400000
67647,Andrej Kramarić,A. Kramarić,F,27,35.0,Croatia,14,11.89,19,8,6,85.28,hoffenheim,bundesliga,2700000
1010117,Fisnik Asllani,F. Asllani,F,11,23.0,Kosovo,10,8.28,17,17,7,68.56,hoffenheim,bundesliga,36000000
1217613,Gift Orban,G. Orban,F,14,23.0,Nigeria,7,10.55,19,4,2,71.81,hoffenheim,bundesliga,7300000
963801,Adam Hložek,A. Hložek,F,23,23.0,Czechia,0,0.46,0,0,0,81.82,hoffenheim,bundesliga,10300000
1418703,Max Moerstedt,M. Moerstedt,F,33,20.0,Germany,2,0.83,4,7,0,73.33,hoffenheim,bundesliga,7600000
1014290,Tim Lemperle,T. Lemperle,F,19,24.0,Germany,8,8.4,15,21,2,70.23,hoffenheim,bundesliga,15300000
1440627,Yannick Eduardo,Y. Eduardo,F,31,20.0,Czechia,0,0.0,0,0,0,0.0,hoffenheim,bundesliga,2600000
987504,Patrick Wimmer,P. Wimmer,M,39,25.0,Austria,4,3.12,38,47,3,65.18,hoffenheim,bundesliga,11100000
1493305,Leon Avdullahu,L. Avdullahu,M,7,22.0,Kosovo,0,0.59,8,47,1,89.97,hoffenheim,bundesliga,33000000
916946,Wouter Burger,W. Burger,M,18,25.0,Netherlands,4,3.46,4,72,5,77.52,hoffenheim,bundesliga,21000000
978062,Alexander Prass,A. Prass,M,22,25.0,Austria,3,1.19,16,32,2,76.25,hoffenheim,bundesliga,8700000
1128638,Muhammed Damar,M. Damar,M,10,22.0,Germany,0,1.24,2,5,0,81.6,hoffenheim,bundesliga,4600000
1083410,Umut Tohumcu,U. Tohumcu,M,17,21.0,Germany,0,0.09,1,3,0,84.78,hoffenheim,bundesliga,3200000
857740,Ozan Kabak,O. Kabak,D,5,26.0,Türkiye,4,4.33,6,20,0,84.72,hoffenheim,bundesliga,14600000
138024,Vladimír Coufal,V. Coufal,D,34,33.0,Czechia,1,0.88,31,60,8,78.21,hoffenheim,bundesliga,2400000
790977,Koki Machida,K. Machida,D,28,28.0,Japan,0,0.0,0,1,0,88.89,hoffenheim,bundesliga,5800000
1000269,Albian Hajdari,A. Hajdari,D,21,23.0,Kosovo,1,1.73,2,58,2,82.8,hoffenheim,bundesliga,24000000
828571,Bernardo,Bernardo,D,13,31.0,Brazil,0,0.52,6,68,0,79.36,hoffenheim,bundesliga,3700000
1122806,Arthur Chaves,A. Chaves,D,35,25.0,Brazil,2,1.07,2,26,0,82.04,hoffenheim,bundesliga,4900000
957615,Robin Hranáč,R. Hranáč,D,2,26.0,Czechia,1,2.14,2,25,0,86.32,hoffenheim,bundesliga,10900000
944899,Valentin Gendrey,V. Gendrey,D,15,26.0,France,1,0.28,0,1,1,96.15,hoffenheim,bundesliga,6300000
40244,Oliver Baumann,O. Baumann,G,1,36.0,Germany,0,0.0,2,0,0,71.11,hoffenheim,bundesliga,2700000
1462742,Ilyas Ansah,I. Ansah,F,10,21.0,Germany,5,3.25,25,17,1,74.92,union_berlin,bundesliga,12900000
1090010,Marin Ljubičić,M. Ljubičić,F,20,24.0,Croatia,2,1.35,1,0,0,40.0,union_berlin,bundesliga,1800000
927405,Woo-Yeong Jeong,W. Jeong,F,11,26.0,South Korea,4,2.63,7,18,1,75.68,union_berlin,bundesliga,3700000
953767,Andrej Ilić,A. Ilić,F,23,26.0,Serbia,5,11.26,7,4,9,54.76,union_berlin,bundesliga,8300000
608362,Oliver Burke,O. Burke,F,7,29.0,Scotland,6,5.18,11,12,2,72.13,union_berlin,bundesliga,2900000
1513469,Livan Burcu,L. Burcu,F,9,21.0,Türkiye,1,1.61,15,12,1,79.81,union_berlin,bundesliga,4200000
1568506,Dmytro Bogdanov,D. Bogdanov,F,30,19.0,Ukraine,0,0.97,0,0,0,100.0,union_berlin,bundesliga,770000
2311163,Linus Guther,L. Güther,F,49,16.0,Germany,0,0.0,0,0,0,0.0,union_berlin,bundesliga,1000000
791642,Josip Juranović,J. Juranović,M,18,30.0,Croatia,1,0.69,0,7,1,74.81,union_berlin,bundesliga,2200000
877302,András Schäfer,A. Schäfer,M,13,27.0,Hungary,2,1.97,9,41,1,76.32,union_berlin,bundesliga,4099999
886737,Derrick Köhn,D. Köhn,M,39,27.0,Ghana,1,2.15,11,34,2,76.3,union_berlin,bundesliga,4200000
149479,Rani Khedira,R. Khedira,M,,32.0,Tunisia,5,2.04,3,59,1,66.62,union_berlin,bundesliga,2100000
327863,Robert Skov,R. Skov,M,24,30.0,Denmark,0,0.02,3,6,0,67.74,union_berlin,bundesliga,1900000
1198074,Aljoscha Kemlein,A. Kemlein,M,6,21.0,Germany,0,1.18,17,40,2,76.79,union_berlin,bundesliga,11000000
48557,Christopher Trimmel,C. Trimmel,M,28,39.0,Austria,0,0.09,1,38,3,68.04,union_berlin,bundesliga,555000
800252,Tim Skarke,T. Skarke,M,21,29.0,Germany,1,0.89,5,7,1,70.13,union_berlin,bundesliga,1500000
168985,Janik Haberer,J. Haberer,M,19,32.0,Germany,0,0.58,6,35,1,76.28,union_berlin,bundesliga,2100000
1086547,Leopold Querfeld,L. Querfeld,D,14,22.0,Austria,3,3.69,4,52,0,79.95,union_berlin,bundesliga,18900000
1210666,Tom Alexander Rothe,T. Rothe,D,15,21.0,Germany,2,1.15,7,20,0,72.82,union_berlin,bundesliga,10300000
904991,Stanley Nsoki,S. Nsoki,D,34,27.0,France,1,0.16,4,13,2,69.97,union_berlin,bundesliga,1800000
254449,Marvin Friedrich,M. Friedrich,D,5,30.0,Germany,0,0.0,0,6,0,82.35,union_berlin,bundesliga,1900000
137692,Frederik Rønnow,F. Rønnow,G,1,33.0,Denmark,0,0.0,0,1,0,55.82,union_berlin,bundesliga,2100000
842718,Matheo Raab,M. Raab,G,31,27.0,Germany,0,0.0,0,0,0,53.13,union_berlin,bundesliga,560000
148167,Carl Klaus,C. Klaus,G,25,32.0,Germany,0,0.0,0,0,0,61.47,union_berlin,bundesliga,335000
794298,Deniz Undav,D. Undav,F,26,29.0,Germany,19,16.4,9,18,6,72.64,vfb_stuttgart,bundesliga,20000000
878081,Ermedin Demirović,E. Demirović,F,9,28.0,Bosnia & Herzegovina,12,7.55,7,14,3,73.2,vfb_stuttgart,bundesliga,20000000
1464642,Jeremy Arevalo,J. Arévalo,F,25,21.0,Ecuador,0,0.13,1,0,1,73.68,vfb_stuttgart,bundesliga,7200000
1154491,Jovan Milošević,J. Milošević,F,19,20.0,Serbia,3,2.01,5,4,1,74.53,vfb_stuttgart,bundesliga,7200000
983540,Tiago Tomás,T. Tomás,F,8,24.0,Portugal,5,5.97,13,15,3,79.07,vfb_stuttgart,bundesliga,14600000
1126569,Bilal El Khannouss,B. E. Khannouss,M,11,22.0,Morocco,4,3.17,18,28,5,79.34,vfb_stuttgart,bundesliga,32000000
1153265,Badredine Bouanani,B. Bouanani,M,27,21.0,Algeria,0,0.97,4,4,0,77.72,vfb_stuttgart,bundesliga,10500000
901882,Angelo Stiller,A. Stiller,M,6,25.0,Germany,2,3.08,14,49,5,88.12,vfb_stuttgart,bundesliga,46000000
1464641,Chema Andrés,C. Andrés,M,30,21.0,Spain,3,1.4,2,30,0,84.87,vfb_stuttgart,bundesliga,19400000
990201,Jamie Leweling,J. Leweling,M,18,25.0,Germany,7,4.31,31,22,9,77.38,vfb_stuttgart,bundesliga,37000000
891510,Chris Führich,C. Führich,M,10,28.0,Germany,7,4.26,28,15,7,82.97,vfb_stuttgart,bundesliga,11600000
801030,Atakan Karazor,A. Karazor,M,16,29.0,Türkiye,0,0.73,8,42,1,85.01,vfb_stuttgart,bundesliga,8800000
1427148,Lazar Jovanović,L. Jovanović,M,45,19.0,Serbia,0,0.07,1,0,0,61.54,vfb_stuttgart,bundesliga,3800000
861981,Nikolas Nartey,N. Nartey,M,28,26.0,Denmark,4,2.52,18,14,3,83.3,vfb_stuttgart,bundesliga,10300000
253993,Grischa Prömel,G. Prömel,M,6,31.0,Germany,7,5.09,6,36,2,82.0,vfb_stuttgart,bundesliga,3600000
788949,Maximilian Mittelstädt,M. Mittelstädt,D,7,29.0,Germany,6,4.4,14,67,4,86.17,vfb_stuttgart,bundesliga,19800000
1418649,Finn Jeltsch,F. Jeltsch,D,29,19.0,Germany,0,0.15,5,24,1,90.8,vfb_stuttgart,bundesliga,32000000
826205,Dan Zagadou,D. Zagadou,D,23,27.0,France,0,0.34,1,5,0,86.38,vfb_stuttgart,bundesliga,1900000
863271,Jeff Chabot,J. Chabot,D,24,28.0,Germany,0,1.13,4,34,0,88.82,vfb_stuttgart,bundesliga,15500000
1127823,Luca Jaquez,L. Jaquez,D,14,23.0,Switzerland,0,0.12,2,8,1,90.78,vfb_stuttgart,bundesliga,10700000
1979970,Ameen Al-Dakhil,A. Al-Dakhil,D,2,24.0,Belgium,0,0.06,2,8,0,88.58,vfb_stuttgart,bundesliga,3100000
906278,Josha Vagnoman,J. Vagnoman,D,4,25.0,Germany,1,2.89,6,30,3,81.8,vfb_stuttgart,bundesliga,10300000
1009334,Lorenz Assignon,L. Assignon,D,22,26.0,France,0,0.57,11,22,0,83.75,vfb_stuttgart,bundesliga,8700000
962898,Leonidas Stergiou,L. Stergiou,D,20,24.0,Switzerland,0,0.09,1,8,0,77.63,vfb_stuttgart,bundesliga,2700000
916943,Ramon Hendriks,R. Hendriks,D,3,24.0,Netherlands,0,0.31,8,35,3,90.42,vfb_stuttgart,bundesliga,24000000
135264,Yussuf Poulsen,Y. Poulsen,F,15,32.0,Denmark,1,0.76,3,4,0,58.56,vfl_bochum,bundesliga,935000
1568535,Otto Stange,O. Stange,F,49,19.0,Germany,0,0.96,5,3,0,71.43,vfl_bochum,bundesliga,4300000
789192,Jean-Luc Dompé,J. Dompé,F,7,30.0,France,3,2.08,21,5,0,80.84,vfl_bochum,bundesliga,2400000
991824,Rayan Philippe,R. Philippe,F,14,25.0,France,5,5.2,12,20,0,69.61,vfl_bochum,bundesliga,4099999
1862226,Alexander Røssing-Lelesiit,A. Røssing-Lelesiit,F,38,19.0,Norway,0,0.08,6,9,1,80.88,vfl_bochum,bundesliga,4700000
1546267,Fabio Baldé,F. Baldé,F,45,20.0,Portugal,1,0.91,10,14,1,73.58,vfl_bochum,bundesliga,4600000
901892,Albert Sambi Lokonga,A. Sambi Lokonga,M,6,26.0,Belgium,5,2.05,8,31,0,87.7,vfl_bochum,bundesliga,12400000
1000263,Albert Grønbæk,A. Grønbæk,M,23,25.0,Denmark,0,0.03,2,4,0,76.47,vfl_bochum,bundesliga,5300000
841985,Emir Sahiti,E. Sahiti,M,29,27.0,Kosovo,0,0.0,4,0,0,70.97,vfl_bochum,bundesliga,1500000
798303,Miro Muheim,M. Muheim,M,28,28.0,Switzerland,0,1.19,21,62,4,75.63,vfl_bochum,bundesliga,5300000
842526,Bakery Jatta,B. Jatta,M,18,28.0,Gambia,1,0.84,3,15,1,81.61,vfl_bochum,bundesliga,1000000
989203,Immanuel Pherai,I. Pherai,M,10,25.0,Suriname,0,0.05,1,2,0,78.26,vfl_bochum,bundesliga,1600000
1064305,Nicolai Remberg,N. Remberg,M,21,26.0,Germany,0,1.03,14,60,2,89.04,vfl_bochum,bundesliga,8400000
973564,Nicolás Capaldo,N. Capaldo,D,24,27.0,Argentina,1,1.93,10,68,3,77.73,vfl_bochum,bundesliga,8400000
801003,Jordan Torunarigha,J. Torunarigha,D,25,28.0,Nigeria,0,0.37,6,37,0,85.4,vfl_bochum,bundesliga,4099999
999030,Warmed Omari,W. Omari,D,17,26.0,Comoros,0,0.12,6,22,1,85.77,vfl_bochum,bundesliga,3900000
945532,Daniel Elfadli,D. Elfadli,D,8,29.0,Libya,0,0.41,3,22,0,93.39,vfl_bochum,bundesliga,3300000
2204961,Shafiq Nandja,S. Nandja,D,43,19.0,Germany,0,0.0,0,0,0,80.0,vfl_bochum,bundesliga,530000
1030355,Sander Tangvik,S. Tangvik,G,12,23.0,Norway,0,0.0,0,0,0,66.67,vfl_bochum,bundesliga,2700000
113442,Daniel Fernandes,D. Fernandes,G,1,33.0,Portugal,0,0.26,1,0,0,74.16,vfl_bochum,bundesliga,1300000
1099296,Mateo Pellegrino,M. Pellegrino,F,9,24.0,Argentina,9,8.59,25,17,1,62.71,wolfsburg,bundesliga,14600000
928295,Adrian Benedyczak,A. Benedyczak,F,7,25.0,Poland,1,1.44,0,6,1,73.96,wolfsburg,bundesliga,4900000
1423452,Daniel Mikołajewski,D. Mikołajewski,F,76,20.0,Poland,0,0.22,0,1,0,100.0,wolfsburg,bundesliga,1900000
1004790,Jacob Ondrejka,J. Ondrejka,F,17,23.0,Sweden,0,1.16,10,7,0,79.51,wolfsburg,bundesliga,5800000
1486729,Nesta Elphege,N. Elphege,F,23,25.0,France,2,1.91,4,2,1,66.13,wolfsburg,bundesliga,3700000
856065,Pontus Almqvist,P. Almqvist,F,11,27.0,Sweden,0,0.39,6,9,1,78.3,wolfsburg,bundesliga,1700000
1459459,Benjamin Cremaschi,B. Cremaschi,M,25,21.0,USA,0,0.02,2,2,0,72.55,wolfsburg,bundesliga,4300000
934384,Adrián Bernabé,A. Bernabé,M,10,25.0,Spain,3,2.25,15,39,1,84.78,wolfsburg,bundesliga,14100000
876259,Hans Nicolussi Caviglia,H. Caviglia,M,41,26.0,Italy,0,0.91,11,27,4,84.51,wolfsburg,bundesliga,6200000
1110136,Mandela Keita,M. Keita,M,16,24.0,Belgium,1,0.7,29,74,1,88.43,wolfsburg,bundesliga,18100000
1086199,Franco Carboni,F. Carboni,M,47,23.0,Argentina,0,0.0,1,2,0,80.0,wolfsburg,bundesliga,945000
891346,Emanuele Valeri,E. Valeri,M,14,27.0,Italy,0,0.68,15,46,2,73.14,wolfsburg,bundesliga,2900000
1201388,Christian Ordoñez,C. Ordoñez,M,24,22.0,Argentina,1,0.48,5,25,0,82.2,wolfsburg,bundesliga,7100000
957921,Oliver Sørensen,O. Sørensen,M,22,24.0,Denmark,1,1.59,7,18,1,82.88,wolfsburg,bundesliga,6700000
1155423,Alessandro Circati,A. Circati,D,3,22.0,Australia,1,1.01,4,43,0,87.62,wolfsburg,bundesliga,13000000
1516324,Mariano Troilo,M. Troilo,D,37,23.0,Argentina,1,0.75,5,28,0,89.31,wolfsburg,bundesliga,9100000
984527,Abdoulaye Ndiaye,A. Ndiaye,D,3,24.0,Senegal,0,0.63,2,16,0,83.96,wolfsburg,bundesliga,5800000
928103,Enrico Delprato,E. Delprato,D,15,26.0,Italy,2,2.12,5,36,0,86.14,wolfsburg,bundesliga,6600000
958517,Lautaro Valenti,L. Valenti,D,5,27.0,Argentina,0,0.56,8,49,0,78.16,wolfsburg,bundesliga,2200000
1963449,Sascha Britschgi,S. Britschgi,D,27,19.0,Switzerland,0,0.42,9,33,2,76.1,wolfsburg,bundesliga,9300000
905351,Zion Suzuki,Z. Suzuki,G,31,23.0,Japan,0,0.0,0,0,0,61.95,wolfsburg,bundesliga,21000000
990411,Edoardo Corvi,E. Corvi,G,40,25.0,Italy,0,0.0,0,1,0,74.61,wolfsburg,bundesliga,1500000
1002428,Filippo Rinaldi,F. Rinaldi,G,66,23.0,Italy,0,0.0,0,0,0,47.73,wolfsburg,bundesliga,620000
175753,Mariano Díaz,M. Díaz,F,9,32.0,Dominican Republic,0,0.24,1,4,0,65.12,alaves,la_liga,285000
831253,Toni Martínez,T. Martínez,F,11,29.0,Spain,14,11.23,17,28,3,58.51,alaves,la_liga,7300000
814385,Lucas Boyé,L. Boyé,F,15,30.0,Argentina,11,9.48,37,36,1,73.14,alaves,la_liga,5300000
1639543,Aitor Mañas,A. Mañas,F,34,23.0,Spain,0,0.68,2,3,0,85.71,alaves,la_liga,570000
1082968,Abderrahman Rebbach,A. Rebbach,M,21,27.0,Algeria,1,2.31,18,42,4,79.61,alaves,la_liga,2400000
855832,Antonio Blanco,A. Blanco,M,8,25.0,Spain,2,1.37,24,94,3,85.51,alaves,la_liga,9700000
794937,Carles Aleñá,C. Aleñá,M,10,28.0,Spain,0,2.71,13,37,4,85.29,alaves,la_liga,2800000
138383,Denis Suárez,D. Suárez,M,4,32.0,Spain,1,0.98,25,23,2,85.82,alaves,la_liga,1100000
873717,Carlos Benavídez,C. Benavídez,M,23,28.0,Uruguay,0,0.23,0,11,0,82.35,alaves,la_liga,960000
1084381,Pablo Ibáñez,P. Ibáñez,M,19,28.0,Spain,1,4.39,31,57,1,85.76,alaves,la_liga,4099999
891931,Ander Guevara,A. Guevara,M,6,29.0,Spain,1,0.24,5,12,1,82.64,alaves,la_liga,2700000
1513222,Ángel Pérez,Á. Pérez,M,7,23.0,Spain,1,0.98,20,15,3,74.84,alaves,la_liga,2800000
1403364,Youssef Enriquez,Y. Enriquez,D,3,20.0,Morocco,0,0.79,8,17,1,79.25,alaves,la_liga,4300000
879875,Facundo Garcés,F. Garcés,D,2,26.0,Argentina,0,0.35,0,13,0,84.46,alaves,la_liga,1300000
896073,Nahuel Tenaglia,N. Tenaglia,D,14,30.0,Argentina,2,1.59,10,66,0,86.42,alaves,la_liga,3200000
985262,Moussa Diarra,M. Diarra,D,22,25.0,Mali,0,0.0,1,6,0,64.06,alaves,la_liga,1800000
235648,Jonny Otto,J. Otto,D,17,32.0,Spain,0,0.55,25,66,0,86.62,alaves,la_liga,2100000
999178,Ville Koski,V. Koski,D,16,24.0,Finland,0,0.02,0,6,0,81.54,alaves,la_liga,1600000
369004,Antonio Sivera,A. Sivera,G,1,29.0,Spain,0,0.0,0,2,0,50.24,alaves,la_liga,5600000
1520799,Maroan Sannadi,M. Sannadi,F,21,25.0,Morocco,1,1.1,1,1,0,71.43,athletic_bilbao,la_liga,2800000
605672,Gorka Guruzeta,G. Guruzeta,F,11,29.0,Spain,10,10.46,7,19,3,67.24,athletic_bilbao,la_liga,4600000
1085400,Nico Williams,N. Williams,M,10,24.0,Spain,6,5.37,67,15,3,77.43,athletic_bilbao,la_liga,44000000
783374,Iñaki Williams,I. Williams,M,9,32.0,Ghana,3,6.39,12,12,6,69.35,athletic_bilbao,la_liga,7300000
966801,Oihan Sancet,O. Sancet,M,8,26.0,Spain,4,6.47,16,25,0,81.34,athletic_bilbao,la_liga,24000000
592012,Álex Berenguer,Á. Berenguer,M,7,31.0,Spain,2,4.47,23,28,3,76.95,athletic_bilbao,la_liga,4099999
1495844,Mikel Jauregizar,M. Jauregizar,M,18,22.0,Spain,2,1.79,10,68,0,80.43,athletic_bilbao,la_liga,31000000
96365,Iñigo Ruiz de Galarreta,I. R. d. Galarreta,M,16,32.0,Spain,1,0.71,34,60,2,82.5,athletic_bilbao,la_liga,1800000
944165,Robert Navarro,R. Navarro,M,23,24.0,Spain,6,3.94,23,16,1,80.77,athletic_bilbao,la_liga,6500000
2110897,Alejandro Rego Mora,A. Rego Mora,M,30,23.0,Spain,1,0.58,9,42,1,82.19,athletic_bilbao,la_liga,5500000
1012409,Beñat Prados,B. Prados,M,24,25.0,Spain,0,0.03,1,3,0,75.51,athletic_bilbao,la_liga,15500000
1953923,Selton Sanchez,S. Sánchez,M,44,19.0,Spain,0,0.27,1,3,1,66.67,athletic_bilbao,la_liga,2900000
359742,Mikel Vesga,M. Vesga,M,6,33.0,Spain,0,0.15,7,18,0,76.68,athletic_bilbao,la_liga,1200000
1019318,Nico Serrano,N. Serrano,M,22,23.0,Spain,1,0.67,7,6,0,80.49,athletic_bilbao,la_liga,1600000
966802,Unai Vencedor,U. Vencedor,M,13,25.0,Spain,0,0.0,4,22,0,81.49,athletic_bilbao,la_liga,1500000
149734,Aymeric Laporte,A. Laporte,D,14,32.0,Spain,0,1.62,2,27,1,89.17,athletic_bilbao,la_liga,8400000
910978,Dani Vivian,D. Vivian,D,3,27.0,Spain,1,1.23,5,55,0,85.54,athletic_bilbao,la_liga,18200000
1398511,Adama Boiro,A. Boiro,D,19,24.0,Spain,0,0.04,8,18,0,87.06,athletic_bilbao,la_liga,2300000
84531,Yuri Berchiche,Y. Berchiche,D,17,36.0,Spain,0,0.56,10,43,6,87.53,athletic_bilbao,la_liga,910000
959872,Aitor Paredes,A. Paredes,D,4,26.0,Spain,2,1.11,3,21,0,87.59,athletic_bilbao,la_liga,7100000
807648,Yeray Álvarez,Y. Álvarez,D,,31.0,Spain,0,0.12,0,1,0,83.16,athletic_bilbao,la_liga,930000
910267,Jesús Areso,J. Areso,D,12,27.0,Spain,0,0.12,14,22,1,83.48,athletic_bilbao,la_liga,5500000
866810,Andoni Gorosabel,A. Gorosabel,D,2,29.0,Spain,0,0.25,12,37,1,85.59,athletic_bilbao,la_liga,2900000
1632454,Hugo Rincón,H. Rincón,D,34,23.0,Spain,1,0.86,9,47,1,82.56,athletic_bilbao,la_liga,3400000
797291,Unai Simón,U. Simón,G,1,29.0,Spain,0,0.0,0,1,0,58.01,athletic_bilbao,la_liga,21000000
1155116,Alex Padilla,Á. Padilla,G,27,22.0,Mexico,0,0.0,0,0,0,35.48,athletic_bilbao,la_liga,3100000
1014412,Julen Agirrezabala,J. Agirrezabala,G,13,25.0,Spain,0,0.0,0,2,0,69.64,athletic_bilbao,la_liga,9800000
944656,Julián Alvarez,J. Álvarez,F,19,26.0,Argentina,8,7.7,26,21,4,83.45,atletico_madrid,la_liga,97000000
824200,Ademola Lookman,A. Lookman,F,22,28.0,Nigeria,2,2.68,16,5,0,79.58,atletico_madrid,la_liga,44000000
309078,Alexander Sørloth,A. Sørloth,F,9,30.0,Norway,13,10.16,10,14,0,68.0,atletico_madrid,la_liga,18600000
1131581,Carlos Martín,C. Martín,F,12,24.0,Spain,0,1.3,4,11,0,82.73,atletico_madrid,la_liga,1500000
944660,Thiago Almada,T. Almada,M,11,25.0,Argentina,3,3.72,21,29,1,86.65,atletico_madrid,la_liga,16000000
1099352,Giuliano Simeone,G. Simeone,M,20,23.0,Argentina,4,5.17,29,45,6,81.82,atletico_madrid,la_liga,44000000
910031,Alex Baena,A. Baena,M,10,24.0,Spain,2,2.0,14,18,3,81.04,atletico_madrid,la_liga,43000000
177177,Alejandro Grimaldo,A. Grimaldo,M,20,30.0,Spain,8,6.65,25,49,8,87.4,atletico_madrid,la_liga,19400000
1142588,Pablo Barrios,P. Barrios,M,8,23.0,Spain,1,1.79,33,30,1,88.97,atletico_madrid,la_liga,60000000
990169,Johnny Cardoso,J. Cardoso,M,5,24.0,USA,0,0.08,5,37,0,88.38,atletico_madrid,la_liga,18700000
1119345,Obed Vargas,O. Vargas,M,21,20.0,Mexico,0,0.18,10,26,1,82.28,atletico_madrid,la_liga,9300000
191182,Thomas Lemar,T. Lemar,M,11,30.0,France,3,1.93,20,27,1,88.15,atletico_madrid,la_liga,1900000
84539,Koke,Koke,M,6,34.0,Spain,2,0.72,3,50,2,91.92,atletico_madrid,la_liga,4600000
1391752,Rodrigo Mendoza,R. Mendoza,M,4,21.0,Spain,1,1.62,20,16,1,85.38,atletico_madrid,la_liga,21000000
831799,Nahuel Molina,N. Molina,D,16,28.0,Argentina,2,0.48,15,40,2,80.54,atletico_madrid,la_liga,14600000
353138,Marcos Llorente,M. Llorente,D,14,31.0,Spain,0,1.98,13,59,4,89.46,atletico_madrid,la_liga,21000000
787751,Robin Le Normand,R. Le Normand,D,24,29.0,Spain,1,0.62,1,35,1,89.49,atletico_madrid,la_liga,19100000
325355,José María Giménez,J. M. Giménez,D,2,31.0,Uruguay,0,1.74,2,25,1,90.15,atletico_madrid,la_liga,8600000
1094106,Marc Pubill,Pubill,D,18,23.0,Spain,1,0.92,4,25,1,88.07,atletico_madrid,la_liga,33000000
807771,Dávid Hancko,D. Hancko,D,17,28.0,Slovakia,0,1.33,8,43,2,87.65,atletico_madrid,la_liga,36000000
965011,Matteo Ruggeri,M. Ruggeri,D,3,24.0,Italy,0,0.14,5,36,3,86.76,atletico_madrid,la_liga,27000000
263651,Juan Musso,J. Musso,G,1,32.0,Argentina,0,0.0,0,0,0,77.42,atletico_madrid,la_liga,3200000
69768,Jan Oblak,J. Oblak,G,13,33.0,Slovenia,0,0.0,0,0,0,73.36,atletico_madrid,la_liga,16000000
855833,Ferran Torres,F. Torres,F,7,26.0,Spain,16,13.16,9,7,2,75.8,barcelona,la_liga,54000000
1162107,Roony Bardghji,R. Bardghji,F,19,20.0,Sweden,1,1.43,22,6,1,88.69,barcelona,la_liga,15500000
914902,Anthony Gordon,A. Gordon,F,10,25.0,England,6,8.83,33,19,2,81.82,barcelona,la_liga,67000000
1402912,Lamine Yamal,L. Yamal,M,10,19.0,Spain,16,12.81,133,35,11,81.1,barcelona,la_liga,215000000
831005,Raphinha,Raphinha,M,11,29.0,Brazil,13,10.36,21,15,3,81.22,barcelona,la_liga,63000000
992587,Pedri,Pedri,M,8,23.0,Spain,2,1.57,38,50,9,91.58,barcelona,la_liga,164000000
1103693,Pablo Gavi,Gavi,M,6,21.0,Spain,0,0.0,1,17,1,92.44,barcelona,la_liga,31000000
795222,Frenkie de Jong,F. de Jong,M,21,29.0,Netherlands,1,1.17,5,45,5,94.21,barcelona,la_liga,32000000
789071,Dani Olmo,D. Olmo,M,20,28.0,Spain,7,7.66,16,33,8,85.27,barcelona,la_liga,58000000
1153270,Fermín López,F. López,M,16,23.0,Spain,6,6.99,44,48,9,87.42,barcelona,la_liga,103000000
1526618,Marc Bernal,M. Bernal,M,22,19.0,Spain,2,1.04,11,26,1,92.03,barcelona,la_liga,29000000
1000483,Marc Casadó,M. Casadó,M,17,22.0,Spain,0,0.96,2,18,1,90.98,barcelona,la_liga,17400000
1590761,Toni Fernández,T. Fernández,M,29,18.0,Spain,0,0.0,0,0,0,77.78,barcelona,la_liga,3100000
1939137,Tomás Marqués,T. Marqués,M,43,19.0,Spain,0,0.0,0,0,0,83.33,barcelona,la_liga,3100000
1402913,Pau Cubarsí,P. Cubarsí,D,5,19.0,Spain,1,0.54,1,42,0,94.94,barcelona,la_liga,75000000
827212,Jules Koundé,J. Koundé,D,23,27.0,France,1,1.66,21,47,3,91.57,barcelona,la_liga,64000000
997035,Alejandro Balde,A. Balde,D,3,22.0,Spain,0,0.62,23,35,2,91.79,barcelona,la_liga,55000000
925097,Ronald Araújo,R. Araújo,D,4,27.0,Uruguay,3,1.43,0,21,0,92.0,barcelona,la_liga,22000000
186795,Andreas Christensen,A. Christensen,D,15,30.0,Denmark,0,0.25,0,5,0,95.57,barcelona,la_liga,7700000
876214,Eric García,E. García,D,24,25.0,Spain,1,2.96,2,74,2,92.17,barcelona,la_liga,39000000
1094827,Gerard Martín,G. Martín,D,18,24.0,Spain,0,0.2,6,40,0,91.42,barcelona,la_liga,32000000
1402908,Hector Fort,H. Fort,D,32,19.0,Spain,2,0.62,8,12,2,83.33,barcelona,la_liga,11600000
1546073,Xavi Espart,X. Espart,D,42,19.0,Spain,0,0.02,3,4,0,89.23,barcelona,la_liga,5300000
1464652,Álvaro Cortés,Á. Cortés,D,36,21.0,Spain,0,0.0,1,1,0,94.57,barcelona,la_liga,3600000
930267,Joan García,J. García,G,13,25.0,Spain,0,0.0,1,6,0,89.72,barcelona,la_liga,46000000
88625,Marc-André Ter Stegen,M. ter Stegen,G,1,34.0,Germany,0,0.0,0,0,0,92.0,barcelona,la_liga,3100000
50490,Wojciech Szczęsny,W. Szczęsny,G,25,36.0,Poland,0,0.0,0,0,0,83.83,barcelona,la_liga,730000
785989,Borja Iglesias,B. Iglesias,F,7,33.0,Spain,14,10.45,12,8,2,73.03,celta_vigo,la_liga,2900000
19356,Iago Aspas,I. Aspas,F,10,38.0,Spain,5,4.48,12,15,3,78.58,celta_vigo,la_liga,1500000
949962,Ferran Jutglà,F. Jutglà,F,9,27.0,Spain,9,6.73,21,12,3,77.88,celta_vigo,la_liga,10700000
1173575,Jones El-Abdellaoui,J. El-Abdellaoui,F,39,20.0,Morocco,2,2.59,11,6,0,83.22,celta_vigo,la_liga,8400000
1398524,Pablo Durán,P. Durán,F,18,25.0,Spain,2,4.26,7,16,2,72.1,celta_vigo,la_liga,4099999
962890,Ilaix Moriba,I. Moriba,M,6,23.0,Guinea,2,1.39,13,87,3,88.42,celta_vigo,la_liga,13700000
1126779,Williot Swedberg,W. Swedberg,M,19,22.0,Sweden,5,4.25,10,28,5,77.55,celta_vigo,la_liga,18700000
158615,Matías Vecino,M. Vecino,M,15,34.0,Uruguay,0,0.33,0,10,1,88.62,celta_vigo,la_liga,1100000
286167,Aleix Febas,A. Febas,M,14,30.0,Spain,2,2.21,52,77,2,89.53,celta_vigo,la_liga,5200000
1154935,Hugo Álvarez,H. Álvarez,M,23,23.0,Spain,4,2.74,16,15,2,85.57,celta_vigo,la_liga,7800000
1120669,Hugo Sotelo,H. Sotelo,M,22,22.0,Spain,0,0.09,2,30,2,92.26,celta_vigo,la_liga,4800000
1002764,Sergio Carreira,S. Carreira,M,5,25.0,Spain,2,1.58,26,32,1,85.36,celta_vigo,la_liga,11500000
1008259,Javier Rueda,J. Rueda,M,17,24.0,Spain,2,1.3,21,20,6,76.5,celta_vigo,la_liga,6200000
1398526,Miguel Román,M. Román,M,16,23.0,Spain,1,0.91,3,27,0,87.7,celta_vigo,la_liga,14400000
1216080,Damián Rodríguez,D. Rodríguez,M,14,23.0,Spain,0,0.06,0,0,0,92.98,celta_vigo,la_liga,1900000
69408,Marcos Alonso,M. Alonso,D,20,35.0,Spain,1,2.2,17,41,0,90.2,celta_vigo,la_liga,1300000
825133,Javi Galán,J. Galán,D,20,31.0,Spain,0,0.21,38,48,1,83.89,celta_vigo,la_liga,1700000
360718,Carl Starfelt,C. Starfelt,D,2,31.0,Sweden,0,0.55,1,23,0,95.86,celta_vigo,la_liga,4099999
892521,Unai Núñez,U. Núñez,D,4,29.0,Spain,0,0.45,9,24,0,78.08,celta_vigo,la_liga,3300000
984789,Manuel Sánchez,M. Sánchez,D,23,25.0,Spain,1,0.77,12,81,2,81.5,celta_vigo,la_liga,6400000
1526627,Javi Rodríguez,J. Rodríguez,D,32,23.0,Spain,0,0.68,8,38,1,90.34,celta_vigo,la_liga,17500000
1012410,Alvaro Núñez,A. Núñez,D,14,26.0,Spain,0,0.29,15,29,2,91.41,celta_vigo,la_liga,3900000
1145100,Yoel Lago,Y. Lago,D,29,22.0,Spain,0,0.03,2,19,0,91.67,celta_vigo,la_liga,3700000
1069703,Carlos Domínguez,C. Domínguez,D,24,25.0,Spain,0,0.52,0,13,0,91.4,celta_vigo,la_liga,1900000
1630975,Manu Fernández,M. Fernández,D,12,25.0,Spain,0,0.05,1,13,0,90.08,celta_vigo,la_liga,1400000
815202,Ionuț Radu,I. Radu,G,13,29.0,Romania,0,0.0,1,0,0,68.6,celta_vigo,la_liga,8700000
1392592,Roberto Fernández,R. Fernández,F,9,24.0,Spain,7,9.31,9,12,3,69.78,espanyol,la_liga,10300000
84972,Kike García,K. García,F,19,36.0,Spain,8,8.8,9,12,1,64.78,espanyol,la_liga,725000
891511,Javi Puado,J. Puado,M,7,28.0,Spain,2,3.47,5,4,0,83.92,espanyol,la_liga,7000000
877262,Edu Expósito,E. Expósito,M,8,29.0,Spain,1,2.35,34,53,6,76.28,espanyol,la_liga,4500000
1063015,Tyrhys Dolan,T. Dolan,M,24,24.0,England,2,2.54,35,57,5,83.42,espanyol,la_liga,10800000
175185,Pere Milla,P. Milla,M,11,33.0,Spain,7,7.07,11,37,1,71.54,espanyol,la_liga,965000
826010,Pol Lozano,P. Lozano,M,10,26.0,Spain,2,0.78,3,38,1,86.89,espanyol,la_liga,5800000
1064009,Urko González,U. González,M,4,25.0,Spain,0,0.73,14,55,1,80.94,espanyol,la_liga,11600000
1019236,Jofre Carreras,J. Carreras,M,17,25.0,Spain,1,2.34,16,9,0,74.77,espanyol,la_liga,2800000
1099344,Antoniu Roca,A. Roca,M,20,23.0,Spain,0,0.22,10,7,0,69.64,espanyol,la_liga,1600000
1064026,Omar El Hilali,O. E. Hilali,D,23,22.0,Morocco,0,0.01,7,73,2,80.55,espanyol,la_liga,15900000
1392044,Quilindschy Hartman,Q. Hartman,D,3,24.0,Netherlands,0,0.34,5,52,5,75.68,espanyol,la_liga,15500000
81992,Leandro Cabrera,L. Cabrera,D,6,35.0,Uruguay,3,2.78,6,36,0,80.41,espanyol,la_liga,930000
1129360,Clemens Riedel,C. Riedel,D,38,22.0,Germany,0,0.13,1,28,1,88.3,espanyol,la_liga,3900000
1068891,Jose Salinas,J. Salinas,D,12,25.0,Spain,0,0.16,3,2,0,83.93,espanyol,la_liga,1800000
934351,Miguel Rubio,M. Rubio,D,15,28.0,Spain,1,0.72,1,4,0,76.71,espanyol,la_liga,1400000
94527,Marko Dmitrović,M. Dmitrović,G,13,34.0,Serbia,0,0.0,0,3,0,54.05,espanyol,la_liga,650000
1082734,Angel Fortuno,A. Fortuno,G,1,25.0,Spain,0,0.0,0,0,0,91.3,espanyol,la_liga,290000
1884145,Christantus Uche,C. Uche,F,12,23.0,Nigeria,0,0.49,0,1,0,59.32,getafe,la_liga,13200000
973536,Martín Satriano,M. Satriano,F,10,25.0,Uruguay,6,4.34,25,23,1,64.67,getafe,la_liga,10600000
604954,Borja Mayoral,B. Mayoral,F,9,29.0,Spain,4,3.05,6,5,1,81.06,getafe,la_liga,6300000
96369,Juanmi,Juanmi,F,7,33.0,Spain,1,0.15,1,2,0,66.67,getafe,la_liga,910000
1398518,Álex Sancris,Á. Sancris,F,18,29.0,Spain,0,0.39,5,10,1,69.07,getafe,la_liga,1400000
1154549,Mario Martín,M. Martín,M,6,22.0,Spain,2,2.63,14,56,1,73.11,getafe,la_liga,10700000
869931,Yvan Neyou,Y. Neyou,M,4,29.0,Cameroon,0,0.0,0,0,0,83.33,getafe,la_liga,1900000
1088565,Ramón Terrats,R. Terrats,M,20,25.0,Spain,1,1.5,9,22,2,76.95,getafe,la_liga,3200000
1392054,Coba Da Costa,C. Da Costa,M,20,23.0,Guinea-Bissau,0,0.31,10,10,0,68.18,getafe,la_liga,1500000
353154,Javier Muñoz,J. Muñoz,M,14,31.0,Spain,0,0.36,4,8,0,68.98,getafe,la_liga,1100000
1101232,Abdel Abqar,A. Abqar,D,3,27.0,Morocco,0,0.3,2,38,2,72.34,getafe,la_liga,3300000
307702,Djené,Djené,D,2,34.0,Togo,0,0.13,9,36,0,78.67,getafe,la_liga,1500000
1392092,Sebastián Boselli,S. Boselli,D,15,22.0,Uruguay,0,0.36,2,17,0,54.12,getafe,la_liga,1500000
1108450,Zaid Romero,Z. Romero,D,2,26.0,Argentina,1,0.9,16,31,0,69.18,getafe,la_liga,2400000
1457536,Andrés García,A. García,D,16,23.0,Spain,0,0.0,0,5,0,100.0,getafe,la_liga,6500000
1895964,Ismael Bekhoucha,I. Bekhoucha,D,31,21.0,Morocco,0,0.02,2,6,1,63.16,getafe,la_liga,290000
1918369,Davinchi,Davinchi,D,26,18.0,Spain,0,0.24,10,26,0,58.02,getafe,la_liga,910000
53739,Kiko Femenía,K. Femenía,D,17,35.0,Spain,1,0.69,7,39,1,77.37,getafe,la_liga,740000
604258,David Soria,D. Soria,G,13,33.0,Spain,0,0.0,0,0,0,44.92,getafe,la_liga,2700000
976374,Vladyslav Vanat,V. Vanat,F,19,24.0,Ukraine,9,8.52,9,5,1,78.02,girona,la_liga,13900000
826013,Abel Ruíz,A. Ruíz,F,9,26.0,Spain,0,0.25,1,1,0,77.78,girona,la_liga,1900000
218616,Portu,Portu,F,8,34.0,Spain,0,1.36,0,4,0,71.79,girona,la_liga,1300000
1151851,Dawda Camara,D. Camara,F,14,23.0,Mauritania,0,0.12,0,1,0,70.0,girona,la_liga,1100000
991421,Azzedine Ounahi,A. Ounahi,M,18,26.0,Morocco,5,3.4,69,23,2,85.78,girona,la_liga,10300000
1092769,Yáser Asprilla,Y. Asprilla,M,10,22.0,Colombia,0,0.58,13,8,0,85.43,girona,la_liga,15000000
361790,Donny van de Beek,D. van de Beek,M,6,29.0,Netherlands,0,0.09,0,0,0,92.31,girona,la_liga,1900000
319735,Viktor Tsygankov,V. Tsygankov,M,15,28.0,Ukraine,6,6.83,27,31,5,82.44,girona,la_liga,15700000
910026,Bryan Gil,B. Gil,M,21,25.0,Spain,0,2.9,33,31,3,83.78,girona,la_liga,8199999
973699,Iván Martín,I. Martín,M,23,27.0,Spain,0,0.87,30,61,1,89.37,girona,la_liga,4600000
835484,Fran Beltrán,F. Beltrán,M,8,27.0,Spain,1,0.73,7,34,0,91.47,girona,la_liga,4200000
1391616,Joel Roca,J. Roca,M,3,21.0,Spain,3,3.7,37,23,1,83.25,girona,la_liga,6300000
1084081,Arnau Martínez,A. Martínez,D,4,23.0,Spain,2,1.62,13,66,3,85.22,girona,la_liga,10800000
294593,Álex Moreno,Á. Moreno,D,24,33.0,Spain,0,1.49,35,43,3,83.68,girona,la_liga,3100000
1002347,Alejandro Francés,A. Francés,D,16,23.0,Spain,0,0.82,7,25,2,83.17,girona,la_liga,2800000
164343,Paulo Gazzaniga,P. Gazzaniga,G,13,34.0,Argentina,0,0.0,0,1,0,67.4,girona,la_liga,1900000
1521733,Vladyslav Krapyvtsov,V. Krapyvtsov,G,25,21.0,Ukraine,0,0.0,0,0,0,64.1,girona,la_liga,330000
1000150,Zito Luvumbo,Z. Luvumbo,F,77,24.0,Angola,0,1.1,3,2,0,76.92,las_palmas,la_liga,3100000
146852,Abdón Prats,A. Prats,F,9,33.0,Spain,0,0.88,1,0,0,65.38,las_palmas,la_liga,860000
1914318,Marc Domenech,M. Domenech,F,27,20.0,Spain,0,0.11,1,3,1,59.38,las_palmas,la_liga,1100000
1082981,Pablo Torre,P. Torre,M,20,23.0,Spain,4,1.73,16,22,4,85.06,las_palmas,la_liga,4900000
1939173,Jan Virgili,J. Virgili,M,17,19.0,Spain,2,2.33,49,15,4,75.68,las_palmas,la_liga,13800000
988351,Samú Costa,S. Costa,M,12,25.0,Portugal,7,3.98,14,65,2,79.89,las_palmas,la_liga,14600000
110783,Sergi Darder,S. Darder,M,10,32.0,Spain,1,2.04,34,28,5,84.56,las_palmas,la_liga,2800000
255999,Omar Mascarell,O. Mascarell,M,5,33.0,Equatorial Guinea,2,0.28,6,48,2,85.95,las_palmas,la_liga,730000
826004,Manu Morlanes,M. Morlanes,M,8,27.0,Spain,3,2.0,8,56,0,89.33,las_palmas,la_liga,2200000
1484974,Justin-Noel Kalumba,J. Kalumba,M,30,21.0,France,0,0.09,1,1,0,74.07,las_palmas,la_liga,775000
949722,Antonio Sánchez,A. Sánchez,M,6,29.0,Spain,0,0.4,5,21,0,78.78,las_palmas,la_liga,
1905699,Jan Salas,J. Salas,M,28,20.0,Spain,0,0.0,1,0,0,60.0,las_palmas,la_liga,485000
344847,Johan Mojica,J. Mojica,D,22,33.0,Colombia,0,0.54,15,51,4,79.09,las_palmas,la_liga,1400000
300522,Martin Valjent,M. Valjent,D,24,30.0,Slovakia,0,0.81,4,50,0,87.16,las_palmas,la_liga,3200000
807116,Antonio Raíllo,A. Raíllo,D,21,34.0,Spain,0,0.54,0,25,1,88.43,las_palmas,la_liga,1100000
879543,Mateu Morey,M. Morey,D,2,26.0,Spain,1,0.3,4,19,0,76.35,las_palmas,la_liga,1400000
828239,Toni Lato,T. Lato,D,3,28.0,Spain,0,0.0,7,10,1,81.82,las_palmas,la_liga,1300000
1605225,Aboubaka Soumahoro,A. Soumahoro,D,22,21.0,France,0,0.0,0,1,0,90.0,las_palmas,la_liga,1300000
1513896,David López,D. López,D,27,23.0,Spain,0,0.31,2,11,0,83.22,las_palmas,la_liga,1300000
996903,Lucas Bergström,L. Bergström,G,13,23.0,Finland,0,0.0,0,0,0,53.79,las_palmas,la_liga,1500000
1000442,Yassine Kechta,Y. Kechta,M,,24.0,Morocco,2,1.69,7,32,1,79.67,leganes,la_liga,3900000
936234,Juan Cruz,J. Cruz,M,10,26.0,Spain,0,0.39,2,4,0,88.19,leganes,la_liga,1700000
349526,Dani Rodríguez,D. Rodríguez,M,9,38.0,Spain,0,0.02,1,2,0,66.67,leganes,la_liga,105000
37318,Ante Budimir,A. Budimir,F,17,34.0,Croatia,17,17.13,3,21,0,60.05,osasuna,la_liga,2600000
997280,Raúl García de Haro,R. García,F,9,25.0,Spain,7,6.45,15,15,1,67.09,osasuna,la_liga,3100000
591132,Kike Barja,K. Barja,F,11,29.0,Spain,2,0.93,6,5,2,73.98,osasuna,la_liga,1500000
1086346,Iker Benito,I. Benito,F,2,23.0,Spain,1,0.6,1,1,0,81.33,osasuna,la_liga,1500000
980383,Raúl Moro,R. Moro,M,18,23.0,Spain,0,0.23,12,2,2,76.36,osasuna,la_liga,3300000
985329,Aimar Oroz,A. Oroz,M,10,24.0,Spain,0,1.68,30,37,2,79.74,osasuna,la_liga,6900000
260031,Rubén García,R. García,M,14,33.0,Spain,2,2.43,18,50,5,79.47,osasuna,la_liga,1700000
976141,Jon Moncayola,J. Moncayola,M,7,28.0,Spain,0,2.0,13,55,4,80.12,osasuna,la_liga,7300000
187313,Lucas Torró,L. Torró,M,6,31.0,Spain,0,1.6,9,39,1,74.6,osasuna,la_liga,2700000
149370,Moi Gómez,M. Gómez,M,16,32.0,Spain,0,0.39,12,20,2,88.84,osasuna,la_liga,1600000
1119586,Iker Muñoz,I. Muñoz,M,8,23.0,Spain,0,0.35,4,12,0,84.86,osasuna,la_liga,1800000
1067582,Enzo Boyomo,E. Boyomo,D,22,24.0,Cameroon,1,1.03,3,58,2,86.38,osasuna,la_liga,14600000
900792,Alejandro Catena,A. Catena,D,24,31.0,Spain,3,2.67,6,41,2,85.61,osasuna,la_liga,2700000
842419,Valentin Rosier,V. Rosier,D,19,29.0,France,1,0.67,28,48,1,81.33,osasuna,la_liga,3100000
1010165,Abel Bretones,A. Bretones,D,23,25.0,Spain,1,0.63,13,33,2,77.14,osasuna,la_liga,3400000
944225,Jorge Herrando,J. Herrando,D,5,25.0,Spain,0,0.29,3,32,1,86.04,osasuna,la_liga,3200000
1399702,Asier Osambela,A. Osambela,D,29,21.0,Spain,1,0.39,0,6,0,70.3,osasuna,la_liga,1000000
1495856,Iñigo Arguibide,I. Arguibide,D,41,21.0,Spain,0,0.0,0,3,0,63.16,osasuna,la_liga,850000
294377,Sergio Herrera,S. Herrera,G,1,33.0,Spain,0,0.0,0,0,0,69.39,osasuna,la_liga,2600000
99516,Aitor Fernández,A. Fernández,G,13,35.0,Spain,0,0.0,1,0,0,60.78,osasuna,la_liga,465000
981604,Alemão,Alemão,F,9,28.0,Brazil,4,3.66,7,5,0,68.65,rayo_vallecano,la_liga,4400000
900003,Jorge de Frutos,J. de Frutos,F,19,29.0,Spain,10,10.63,28,31,1,76.07,rayo_vallecano,la_liga,10900000
910024,Sergio Camello,S. Camello,F,10,25.0,Spain,5,3.06,17,11,1,81.65,rayo_vallecano,la_liga,3300000
932764,Randy Nteka,R. Nteka,F,11,28.0,Angola,3,2.47,4,4,0,79.12,rayo_vallecano,la_liga,1000000
913679,Pathé Ismaël Ciss,P. I. Ciss,M,6,32.0,Senegal,2,3.31,9,54,1,89.18,rayo_vallecano,la_liga,1600000
899982,Isi Palazón,I. Palazón,M,7,31.0,Spain,3,5.3,23,29,3,82.45,rayo_vallecano,la_liga,3000000
345111,Álvaro García,Á. García,M,18,33.0,Spain,4,6.5,4,27,5,68.33,rayo_vallecano,la_liga,1500000
900669,Pedro Díaz,P. Díaz,M,4,28.0,Spain,0,1.73,15,38,1,84.9,rayo_vallecano,la_liga,2900000
588566,Unai López,U. López,M,17,30.0,Spain,0,0.89,13,31,4,86.65,rayo_vallecano,la_liga,2600000
900008,Óscar Valentín,Ó. Valentín,M,23,31.0,Spain,1,1.01,5,72,0,88.64,rayo_vallecano,la_liga,1900000
966637,Fran Pérez,F. Pérez,M,21,23.0,Spain,2,2.24,14,15,1,82.24,rayo_vallecano,la_liga,2300000
965031,Andrei Rațiu,A. Rațiu,D,2,28.0,Romania,0,2.25,63,70,4,82.2,rayo_vallecano,la_liga,16700000
1458073,Nobel Mendy,N. Mendy,D,32,21.0,Senegal,2,1.58,3,27,0,85.77,rayo_vallecano,la_liga,7700000
88528,Florian Lejeune,F. Lejeune,D,24,35.0,France,2,2.29,8,66,1,87.27,rayo_vallecano,la_liga,1700000
850035,Luiz Felipe,L. Felipe,D,,29.0,Italy,0,0.38,0,12,0,90.94,rayo_vallecano,la_liga,2100000
1010421,Pep Chavarría,J. Chavarría,D,3,28.0,Spain,1,0.61,17,54,2,84.59,rayo_vallecano,la_liga,9700000
152446,Iván Balliu,I. Balliu,D,20,34.0,Albania,0,0.35,7,15,0,82.26,rayo_vallecano,la_liga,1100000
1120947,Jozhua Vertrouwd,J. Vertrouwd,D,33,21.0,Netherlands,0,0.05,0,7,0,90.91,rayo_vallecano,la_liga,2100000
1139724,Pelayo Fernández,P. Fernández,D,27,23.0,Spain,0,0.04,0,1,0,85.71,rayo_vallecano,la_liga,520000
358910,Augusto Batalla,A. Batalla,G,13,30.0,Argentina,0,0.0,5,1,0,63.91,rayo_vallecano,la_liga,5800000
965832,Dani Cárdenas,D. Cárdenas,G,1,29.0,Spain,0,0.0,0,1,0,69.11,rayo_vallecano,la_liga,1700000
887055,Cucho Hernández,C. Hernández,F,19,27.0,Colombia,11,11.08,28,28,3,71.8,real_betis,la_liga,16500000
958380,Antony,Antony,M,7,26.0,Brazil,8,8.79,27,39,6,81.94,real_betis,la_liga,37000000
1011375,Abdessamad Ezzalzouli,A. Ezzalzouli,M,10,24.0,Morocco,10,9.2,39,53,8,79.32,real_betis,la_liga,43000000
103417,Isco,Isco,M,22,34.0,Spain,1,1.0,1,3,1,91.72,real_betis,la_liga,3600000
798835,Giovani Lo Celso,G. Lo Celso,M,20,30.0,Argentina,2,2.47,16,19,3,87.98,real_betis,la_liga,7800000
838629,Álvaro Fidalgo,Á. Fidalgo,M,15,29.0,Mexico,1,0.51,3,12,0,92.97,real_betis,la_liga,6500000
1129401,Nelson Deossa,N. Deossa,M,18,26.0,Colombia,0,0.46,29,14,0,83.44,real_betis,la_liga,9800000
989113,Rodrigo Riquelme,R. Riquelme,M,17,26.0,Spain,1,2.16,11,16,1,83.17,real_betis,la_liga,4300000
816763,Pablo Fornals,P. Fornals,M,8,30.0,Spain,9,3.92,25,39,6,86.71,real_betis,la_liga,8400000
1893910,Pablo García,P. García,M,52,20.0,Spain,0,1.37,5,10,0,81.25,real_betis,la_liga,8199999
847128,Marc Roca,M. Roca,M,21,29.0,Spain,1,1.36,11,38,1,88.08,real_betis,la_liga,4200000
992331,Iker Losada,I. Losada,M,14,24.0,Spain,3,1.73,6,13,1,71.37,real_betis,la_liga,2000000
851271,Fran García,F. Garcia,D,20,26.0,Spain,1,0.83,3,19,1,88.96,real_betis,la_liga,9200000
188365,Héctor Bellerín,H. Bellerín,D,2,31.0,Spain,2,0.42,7,31,3,88.23,real_betis,la_liga,2500000
1015287,Natan,Natan,D,4,25.0,Brazil,0,0.5,3,32,0,88.27,real_betis,la_liga,26000000
914835,Junior Firpo,J. Firpo,D,23,29.0,Dominican Republic,0,0.46,4,24,1,84.6,real_betis,la_liga,3400000
1186010,Valentín Gómez,V. Gómez,D,16,23.0,Argentina,1,0.8,13,46,0,85.91,real_betis,la_liga,11200000
99519,Marc Bartra,M. Bartra,D,5,35.0,Spain,1,0.78,6,45,0,86.52,real_betis,la_liga,930000
305278,Diego Llorente,D. Llorente,D,3,32.0,Spain,1,0.94,1,27,0,90.41,real_betis,la_liga,2600000
893062,Aitor Ruibal,A. Ruibal,D,24,30.0,Spain,4,3.85,15,45,2,82.66,real_betis,la_liga,3900000
1152139,Angel Ortiz,Á. Ortiz,D,40,21.0,Spain,0,0.04,7,27,0,83.2,real_betis,la_liga,4400000
548848,Pau López,P. López,G,25,31.0,Spain,0,0.0,0,1,0,76.64,real_betis,la_liga,2700000
964983,Álvaro Valles,Á. Valles,G,1,28.0,Spain,0,0.0,1,0,0,71.83,real_betis,la_liga,6500000
826643,Kylian Mbappé,K. Mbappé,F,10,27.0,France,25,23.95,78,4,5,86.47,real_madrid,la_liga,191000000
868812,Vinícius Júnior,Vinícius Jr.,F,7,26.0,Brazil,16,13.65,87,29,5,83.17,real_madrid,la_liga,146000000
910536,Rodrygo,Rodrygo,F,11,25.0,Brazil,1,2.58,18,13,3,90.74,real_madrid,la_liga,48000000
1174937,Endrick,Endrick,F,9,19.0,Brazil,0,0.0,1,0,0,0.0,real_madrid,la_liga,42000000
1403559,Franco Mastantuono,F. Mastantuono,F,30,18.0,Argentina,1,3.09,25,20,0,90.04,real_madrid,la_liga,44000000
1402716,Gonzalo García,G. García,F,16,22.0,Spain,6,5.37,3,11,1,85.06,real_madrid,la_liga,31000000
991011,Jude Bellingham,J. Bellingham,M,5,23.0,England,6,7.26,37,51,4,89.21,real_madrid,la_liga,123000000
831808,Federico Valverde,F. Valverde,M,8,27.0,Uruguay,5,2.89,23,41,8,90.13,real_madrid,la_liga,87000000
1091116,Arda Güler,A. Güler,M,15,21.0,Türkiye,4,4.57,27,46,9,90.71,real_madrid,la_liga,87000000
835485,Brahim Díaz,B. Díaz,M,21,26.0,Morocco,1,1.84,25,15,6,90.58,real_madrid,la_liga,37000000
973887,Eduardo Camavinga,E. Camavinga,M,6,23.0,France,1,1.18,13,65,0,91.8,real_madrid,la_liga,48000000
859025,Aurélien Tchouaméni,A. Tchouaméni,M,14,26.0,France,1,2.66,3,68,0,91.53,real_madrid,la_liga,73000000
331209,Bernardo Silva,B. Silva,M,20,31.0,Portugal,2,2.56,21,54,4,90.2,real_madrid,la_liga,21000000
2237795,Thiago Pitarch,T. Pitarch,M,8,18.0,Spain,0,0.41,7,12,2,90.17,real_madrid,la_liga,18200000
759520,Denzel Dumfries,D. Dumfries,M,2,30.0,Netherlands,3,3.44,6,16,1,80.11,real_madrid,la_liga,26000000
1142683,Manuel Ángel Morán,M. Á. Morán,M,37,22.0,Spain,0,0.05,1,4,0,89.86,real_madrid,la_liga,4600000
1402688,César Palacios,C. Palacios,M,38,21.0,Spain,0,0.17,2,3,0,90.57,real_madrid,la_liga,6800000
795064,Trent Alexander-Arnold,T. Alexander-Arnold,D,12,27.0,England,0,0.32,5,14,4,85.26,real_madrid,la_liga,62000000
142622,Antonio Rüdiger,A. Rüdiger,D,22,33.0,Germany,1,0.92,0,14,0,93.09,real_madrid,la_liga,6200000
1176744,Dean Huijsen,D. Huijsen,D,24,21.0,Spain,2,2.26,2,31,2,89.83,real_madrid,la_liga,66000000
822519,Éder Militão,É. Militão,D,3,28.0,Brazil,2,1.78,3,23,1,90.87,real_madrid,la_liga,21000000
1156645,Raúl Asencio,R. Asencio,D,17,23.0,Spain,2,1.24,1,17,0,94.01,real_madrid,la_liga,18100000
1085081,Álvaro Carreras,Á. Carreras,D,18,23.0,Spain,2,0.46,19,41,3,90.6,real_madrid,la_liga,53000000
792073,Ferland Mendy,F. Mendy,D,23,31.0,France,0,0.0,2,1,0,92.41,real_madrid,la_liga,4200000
794939,Marc Cucurella,M. Cucurella,D,3,27.0,Spain,1,2.35,1,55,4,87.75,real_madrid,la_liga,52000000
826215,Ibrahima Konaté,I. Konaté,D,5,27.0,France,1,1.21,5,53,0,89.62,real_madrid,la_liga,46000000
1142689,David Jiménez,D. Jiménez,D,35,22.0,Spain,0,0.11,0,1,0,97.14,real_madrid,la_liga,5200000
70988,Thibaut Courtois,T. Courtois,G,1,34.0,Belgium,0,0.0,0,1,0,80.18,real_madrid,la_liga,14500000
857574,Andriy Lunin,A. Lunin,G,13,27.0,Ukraine,0,0.0,0,1,0,87.56,real_madrid,la_liga,11300000
823622,Mikel Oyarzabal,M. Oyarzabal,F,10,29.0,Spain,15,15.24,36,29,4,76.83,real_sociedad,la_liga,27000000
1026015,Orri Óskarsson,O. S. Óskarsson,F,9,21.0,Iceland,9,6.1,3,7,0,62.9,real_sociedad,la_liga,21000000
1099175,Jon Karrikaburu,J. Karrikaburu,F,19,23.0,Spain,0,0.91,0,2,0,58.82,real_sociedad,la_liga,1600000
880218,Takefusa Kubo,T. Kubo,M,14,25.0,Japan,2,2.39,37,29,4,79.35,real_sociedad,la_liga,21000000
949156,Luka Sučić,L. Sučić,M,24,23.0,Croatia,3,1.98,14,19,1,79.48,real_sociedad,la_liga,10900000
280979,Gonçalo Guedes,G. Guedes,M,11,29.0,Portugal,8,3.86,18,25,4,74.69,real_sociedad,la_liga,5700000
1066045,Arsen Zakharyan,A. Zakharyan,M,21,23.0,Russia,0,1.02,1,10,0,79.63,real_sociedad,la_liga,8700000
839585,Yangel Herrera,Y. Herrera,M,12,28.0,Venezuela,0,0.4,5,12,0,78.93,real_sociedad,la_liga,5600000
832427,Carlos Soler,C. Soler,M,18,29.0,Spain,4,2.72,13,38,3,86.44,real_sociedad,la_liga,6600000
966862,Ander Barrenetxea,A. Barrenetxea,M,7,24.0,Spain,3,2.62,55,30,5,80.3,real_sociedad,la_liga,17200000
980410,Beñat Turrientes,B. Turrientes,M,8,24.0,Spain,0,0.79,20,40,3,86.37,real_sociedad,la_liga,10600000
1216309,Jon Gorrotxategi,J. Gorrotxategi,M,4,24.0,Spain,1,0.79,10,45,3,86.94,real_sociedad,la_liga,27000000
1139409,Pablo Marín,P. Marín,M,15,23.0,Spain,0,1.25,17,19,1,79.14,real_sociedad,la_liga,7400000
1136702,Mikel Goti,M. Goti,M,22,24.0,Spain,0,0.35,2,0,0,48.28,real_sociedad,la_liga,955000
1116388,Jon Aramburu,J. Aramburu,D,2,23.0,Venezuela,1,1.91,11,105,0,80.92,real_sociedad,la_liga,13900000
855835,Sergio Gómez,S. Gómez,D,17,25.0,Spain,0,1.09,13,88,6,86.62,real_sociedad,la_liga,14600000
353250,Álvaro Odriozola,Á. Odriozola,D,20,30.0,Spain,1,0.52,0,5,0,85.71,real_sociedad,la_liga,825000
1466116,Jon Martin,J. Martin,D,31,20.0,Spain,2,1.99,8,31,0,91.22,real_sociedad,la_liga,24000000
838159,Igor Zubeldia,I. Zubeldia,D,5,29.0,Spain,0,0.26,1,38,1,88.12,real_sociedad,la_liga,6300000
934383,Jon Pacheco,J. Pacheco,D,20,25.0,Spain,0,0.3,3,36,0,86.47,real_sociedad,la_liga,5200000
966441,Aihen Muñoz,A. Muñoz,D,3,28.0,Spain,1,0.48,4,28,0,83.77,real_sociedad,la_liga,2600000
945404,Javi López,J. López,D,12,24.0,Spain,0,0.48,18,43,1,79.65,real_sociedad,la_liga,5400000
1657024,Iñaki Rupérez,I. Rupérez,D,33,23.0,Spain,0,0.0,0,0,0,100.0,real_sociedad,la_liga,205000
791773,Álex Remiro,Á. Remiro,G,1,31.0,Spain,0,0.0,1,1,0,71.47,real_sociedad,la_liga,9600000
1094782,Unai Marrero,U. Marrero,G,13,24.0,Spain,0,0.0,0,0,0,55.26,real_sociedad,la_liga,1100000
1171626,Dani Pérez,D. Pérez,M,,20.0,Spain,0,0.0,1,0,0,100.0,real_valladolid,la_liga,320000
1090681,Ramón Martínez,R. Martínez,D,5,23.0,Spain,0,0.0,0,0,0,89.06,real_valladolid,la_liga,1000000
946381,Akor Adams,A. Adams,F,9,26.0,Nigeria,10,10.0,16,8,3,63.87,sevilla,la_liga,14600000
875890,Chidera Ejuke,C. Ejuke,F,21,28.0,Nigeria,1,1.59,57,19,1,83.89,sevilla,la_liga,3700000
825754,Rafa Mir,R. Mir,F,9,29.0,Spain,8,8.08,5,16,0,80.0,sevilla,la_liga,4099999
1018190,Isaac Romero,I. Romero,F,7,26.0,Spain,4,5.26,10,16,0,72.32,sevilla,la_liga,5200000
1468090,Alfon González,A. González,F,17,27.0,Spain,2,1.75,6,3,0,81.82,sevilla,la_liga,3300000
872919,Rubén Vargas,R. Vargas,M,11,27.0,Switzerland,3,3.17,21,19,6,73.08,sevilla,la_liga,11100000
799054,Djibril Sow,D. Sow,M,20,29.0,Switzerland,5,1.8,7,45,4,89.05,sevilla,la_liga,7100000
960006,Lucien Agoumé,L. Agoumé,M,18,24.0,France,1,0.89,11,70,3,81.04,sevilla,la_liga,15500000
1010655,Juanlu Sánchez,J. Sánchez,M,16,22.0,Spain,0,0.81,27,63,3,83.25,sevilla,la_liga,9700000
997033,Peque Fernández,P. Fernández,M,14,23.0,Spain,2,1.0,18,13,1,81.32,sevilla,la_liga,3300000
591750,Joan Jordán,J. Jordán,M,8,32.0,Spain,0,0.0,0,0,0,77.78,sevilla,la_liga,970000
1534422,Oso,Oso,M,36,23.0,Spain,2,1.3,17,27,3,75.51,sevilla,la_liga,10500000
788141,Jon Guridi,J. Guridi,M,18,31.0,Spain,0,1.76,9,28,0,82.21,sevilla,la_liga,1700000
1142094,Manu Bueno,M. Bueno,M,28,21.0,Spain,0,0.05,1,3,0,85.19,sevilla,la_liga,1500000
818986,Gabriel Suazo,G. Suazo,D,12,28.0,Chile,0,0.47,15,86,1,83.33,sevilla,la_liga,6600000
1003007,Tanguy Nianzou,T. Nianzou,D,5,24.0,France,0,0.48,2,14,0,88.4,sevilla,la_liga,1200000
840951,Marcão,Marcão,D,23,30.0,Brazil,0,0.71,1,13,0,87.34,sevilla,la_liga,2600000
1015240,José Ángel Carmona,J. Á. Carmona,D,2,24.0,Spain,1,0.77,19,65,3,81.27,sevilla,la_liga,11100000
1097719,Kike Salas,K. Salas,D,4,24.0,Spain,2,1.55,8,59,0,80.2,sevilla,la_liga,15400000
1035988,Arouna Sangante,A. Sangante,D,93,24.0,Senegal,1,0.43,4,41,1,85.67,sevilla,la_liga,7700000
928672,Adrià Pedrosa,A. Pedrosa,D,3,28.0,Spain,1,0.56,5,34,1,83.85,sevilla,la_liga,2700000
949707,Juan Iglesias,J. Iglesias,D,21,28.0,Spain,1,1.06,30,112,2,64.35,sevilla,la_liga,4800000
941464,Federico Gattoni,F. Gattoni,D,22,27.0,Argentina,0,0.0,0,0,0,100.0,sevilla,la_liga,720000
252815,Fábio Cardoso,F. Cardoso,D,15,32.0,Portugal,0,0.0,0,5,0,92.91,sevilla,la_liga,1400000
1428699,Andres Castrin,A. Castrin,D,32,23.0,Spain,1,0.43,9,26,0,86.25,sevilla,la_liga,6500000
138149,Odysseas Vlachodimos,O. Vlachodimos,G,19,32.0,Greece,0,0.0,1,0,0,63.74,sevilla,la_liga,3200000
827064,Arnaut Danjuma,A. Danjuma,F,7,29.0,Netherlands,3,4.66,27,13,2,77.55,valencia,la_liga,2800000
754710,Umar Sadiq,U. Sadiq,F,6,29.0,Nigeria,4,3.48,15,8,2,68.16,valencia,la_liga,3900000
909119,Hugo Duro,H. Duro,F,9,26.0,Spain,10,8.84,3,16,0,70.41,valencia,la_liga,11600000
873947,Dani Raba,D. Raba,F,19,30.0,Spain,0,0.41,3,7,1,80.33,valencia,la_liga,1200000
609752,Guido Rodríguez,G. Rodríguez,M,2,32.0,Argentina,0,0.03,0,1,0,89.47,valencia,la_liga,4200000
1122610,Javier Guerra,J. Guerra,M,8,23.0,Spain,4,3.35,26,29,6,81.53,valencia,la_liga,26000000
826948,Pepelu,Pepelu,M,18,27.0,Spain,2,3.57,8,60,0,86.17,valencia,la_liga,7300000
998950,Diego López,D. López,M,16,24.0,Spain,4,2.72,13,22,1,76.61,valencia,la_liga,9600000
845693,André Almeida,A. Almeida,M,10,26.0,Portugal,0,0.59,15,23,2,89.96,valencia,la_liga,6200000
900433,Luis Rioja,L. Rioja,M,11,32.0,Spain,3,2.29,36,36,6,78.61,valencia,la_liga,1900000
857482,Filip Ugrinić,F. Ugrinić,M,23,27.0,Switzerland,0,0.96,18,25,3,83.82,valencia,la_liga,5700000
797306,Mouctar Diakhaby,M. Diakhaby,D,4,29.0,Guinea,1,0.53,1,8,0,87.5,valencia,la_liga,1500000
227922,José Luis Gayà,J. L. Gayà,D,14,31.0,Spain,1,0.81,11,69,2,83.87,valencia,la_liga,4300000
996928,César Tárrega,C. Tárrega,D,5,24.0,Spain,0,0.61,10,42,0,86.3,valencia,la_liga,9300000
953097,Cenk Özkaçar,C. Özkaçar,D,5,25.0,Türkiye,0,0.97,6,33,0,86.76,valencia,la_liga,4099999
151138,Dimitri Foulquier,D. Foulquier,D,20,33.0,Guadeloupe,0,0.57,10,15,0,84.75,valencia,la_liga,980000
996929,Jesús Vázquez,J. Vázquez,D,21,23.0,Spain,0,0.3,21,24,0,84.07,valencia,la_liga,4200000
913695,José Copete,J. Copete,D,3,26.0,Spain,0,1.54,7,26,0,85.56,valencia,la_liga,4500000
97951,Stole Dimitrievski,S. Dimitrievski,G,1,32.0,North Macedonia,0,0.0,0,1,0,60.76,valencia,la_liga,2100000
593526,Nicolas Pépé,N. Pépé,F,19,31.0,Côte d'Ivoire,8,8.26,59,31,8,82.41,villarreal,la_liga,6600000
1009372,Georges Mikautadze,G. Mikautadze,F,9,25.0,Georgia,13,11.42,32,6,6,75.5,villarreal,la_liga,32000000
146866,Gerard Moreno,G. Moreno,F,7,34.0,Spain,10,6.3,17,15,0,79.23,villarreal,la_liga,2400000
345195,Ayoze Pérez,A. Pérez,F,22,32.0,Spain,5,5.38,13,22,4,75.78,villarreal,la_liga,5400000
1172477,Tani Oluwaseyi,T. Oluwaseyi,F,21,26.0,Canada,2,3.38,9,7,2,63.39,villarreal,la_liga,7500000
1086128,Álex Forés,Á. Forés,F,19,25.0,Spain,0,1.21,3,2,1,68.25,villarreal,la_liga,630000
879694,Pape Gueye,P. Gueye,M,18,27.0,Senegal,5,3.96,15,40,2,80.54,villarreal,la_liga,39000000
1089108,Ilias Akhomach,I. Akhomach,M,11,22.0,Morocco,0,1.94,14,24,1,84.11,villarreal,la_liga,11100000
973290,Tajon Buchanan,T. Buchanan,M,17,27.0,Canada,7,2.06,21,28,1,81.33,villarreal,la_liga,13000000
1012444,Alberto Moleiro,A. Moleiro,M,20,22.0,Spain,10,5.77,33,30,5,79.12,villarreal,la_liga,54000000
1201412,Thiago Fernández,T. Fernández,M,15,22.0,Argentina,0,0.54,20,13,4,80.71,villarreal,la_liga,4700000
843678,Santi Comesaña,S. Comesaña,M,14,29.0,Spain,3,4.17,11,45,6,83.21,villarreal,la_liga,8400000
1087359,Renato Veiga,R. Veiga,D,12,22.0,Portugal,0,0.28,0,19,0,88.41,villarreal,la_liga,24000000
873189,Juan Foyth,J. Foyth,D,8,28.0,Argentina,0,0.12,3,20,0,89.73,villarreal,la_liga,8600000
1468046,Santiago Mouriño,S. Mouriño,D,15,24.0,Uruguay,1,1.08,14,102,2,84.06,villarreal,la_liga,19400000
1136721,Willy Kambwala,W. Kambwala,D,5,21.0,DR Congo,0,0.0,0,0,0,88.37,villarreal,la_liga,3100000
1184541,Alexander Freeman,A. Freeman,D,3,21.0,USA,0,0.02,3,13,0,90.6,villarreal,la_liga,3200000
1396048,Carlos Romero,C. Romero,D,37,24.0,Spain,6,2.8,49,97,3,79.33,villarreal,la_liga,24000000
986245,Sergi Cardona,S. Cardona,D,23,27.0,Spain,1,1.01,4,47,4,81.6,villarreal,la_liga,8600000
911853,Logan Costa,L. Costa,D,2,25.0,Cape Verde,0,0.0,0,1,0,96.15,villarreal,la_liga,14600000
1525863,Pau Navarro,P. Navarro,D,6,21.0,Spain,0,0.07,7,65,0,88.39,villarreal,la_liga,14600000
908714,Arnau Tenas,A. Tenas,G,25,25.0,Spain,0,0.0,0,1,0,63.03,villarreal,la_liga,4400000
1066603,Luiz Júnior,L. Júnior,G,1,25.0,Brazil,0,0.0,0,0,0,69.4,villarreal,la_liga,12400000
804508,Viktor Gyökeres,V. Gyökeres,F,14,28.0,Sweden,14,12.4,7,7,1,62.38,arsenal,premier_league,61000000
934235,Bukayo Saka,B. Saka,F,7,24.0,England,7,7.55,50,41,5,76.71,arsenal,premier_league,115000000
836705,Kai Havertz,K. Havertz,F,29,27.0,Germany,2,3.31,3,8,3,74.1,arsenal,premier_league,53000000
922573,Gabriel Martinelli,G. Martinelli,F,11,25.0,Brazil,1,3.99,22,12,4,72.41,arsenal,premier_league,42000000
794839,Gabriel Jesus,G. Jesus,F,9,29.0,Brazil,3,2.69,8,4,0,76.85,arsenal,premier_league,17600000
966547,Noni Madueke,N. Madueke,F,20,24.0,England,3,1.22,29,21,1,76.16,arsenal,premier_league,54000000
547410,Martin Ødegaard,M. Ødegaard,M,8,27.0,Norway,1,1.23,9,19,6,84.66,arsenal,premier_league,71000000
856714,Declan Rice,D. Rice,M,41,27.0,England,4,3.17,14,70,5,87.31,arsenal,premier_league,114000000
864921,Eberechi Eze,E. Eze,M,10,28.0,England,7,5.05,29,19,2,84.83,arsenal,premier_league,69000000
592010,Mikel Merino,M. Merino,M,23,30.0,Spain,4,3.38,5,26,3,75.95,arsenal,premier_league,26000000
1917626,Max Dowman,M. Dowman,M,56,16.0,England,1,1.18,6,2,0,88.46,arsenal,premier_league,31000000
966837,Martín Zubimendi,M. Zubimendi,M,36,27.0,Spain,5,2.85,7,68,1,87.34,arsenal,premier_league,77000000
1401702,Ethan Nwaneri,E. Nwaneri,M,22,19.0,England,0,0.23,3,1,0,90.8,arsenal,premier_league,34000000
135256,Christian Nørgaard,C. Nørgaard,M,16,32.0,Denmark,0,0.08,0,3,0,83.61,arsenal,premier_league,4800000
904835,Fábio Vieira,F. Vieira,M,21,26.0,Portugal,7,4.65,32,20,5,83.02,arsenal,premier_league,16600000
826139,Reiss Nelson,R. Nelson,M,24,26.0,England,0,0.71,5,4,1,91.89,arsenal,premier_league,8800000
869792,Gabriel Magalhães,G. Magalhães,D,6,28.0,Brazil,3,2.93,1,38,4,88.17,arsenal,premier_league,70000000
941168,William Saliba,W. Saliba,D,2,25.0,France,1,0.86,7,35,0,92.87,arsenal,premier_league,94000000
1002837,Piero Hincapié,P. Hincapié,D,5,24.0,Ecuador,1,0.36,7,48,2,88.89,arsenal,premier_league,46000000
958959,Jurriën Timber,J. Timber,D,12,25.0,Netherlands,3,4.77,13,66,5,85.25,arsenal,premier_league,73000000
957602,Riccardo Calafiori,R. Calafiori,D,33,24.0,Italy,1,3.34,16,32,2,85.58,arsenal,premier_league,53000000
1144630,Cristhian Mosquera,C. Mosquera,D,3,22.0,Spain,0,0.1,1,32,0,91.31,arsenal,premier_league,38000000
1423711,Myles Lewis-Skelly,M. Lewis-Skelly,D,49,19.0,England,0,0.11,8,8,0,91.62,arsenal,premier_league,48000000
846036,Ben White,B. White,D,4,28.0,England,0,0.46,3,15,1,81.64,arsenal,premier_league,27000000
581310,David Raya,D. Raya,G,1,30.0,Spain,0,0.0,1,1,0,64.8,arsenal,premier_league,33000000
232422,Kepa Arrizabalaga,K. Arrizabalaga,G,13,31.0,Spain,0,0.0,0,0,0,75.0,arsenal,premier_league,5300000
555386,Ollie Watkins,O. Watkins,F,11,30.0,England,16,15.14,26,22,3,72.69,aston_villa,premier_league,26000000
610766,Tammy Abraham,T. Abraham,F,18,28.0,England,2,2.04,1,4,0,56.82,aston_villa,premier_league,16500000
808590,Leon Bailey,L. Bailey,F,31,28.0,Jamaica,0,0.49,5,10,1,76.98,aston_villa,premier_league,13100000
930245,Evann Guessand,E. Guessand,F,29,25.0,Côte d'Ivoire,1,1.56,14,24,2,82.35,aston_villa,premier_league,24000000
996919,Samuel Iling Junior,S. I. Junior,F,19,22.0,England,0,0.0,0,2,0,56.67,aston_villa,premier_league,6300000
948261,Morgan Rogers,M. Rogers,M,27,23.0,England,10,6.78,42,42,6,74.63,aston_villa,premier_league,86000000
783126,Emiliano Buendía,E. Buendía,M,10,29.0,Argentina,6,3.42,9,49,2,81.46,aston_villa,premier_league,14600000
923973,Amadou Onana,A. Onana,M,24,24.0,Belgium,2,1.71,7,48,0,87.4,aston_villa,premier_league,41000000
250223,John McGinn,J. McGinn,M,7,31.0,Scotland,5,2.96,19,29,4,82.36,aston_villa,premier_league,12600000
826204,Boubacar Kamara,B. Kamara,M,44,26.0,France,1,0.49,14,37,3,88.26,aston_villa,premier_league,39000000
98435,Ross Barkley,R. Barkley,M,6,32.0,England,3,1.51,13,14,1,87.71,aston_villa,premier_league,3600000
1631879,Alysson,Alysson,M,47,20.0,Brazil,0,0.05,2,0,0,82.35,aston_villa,premier_league,10800000
1089388,Lamare Bogarde,L. Bogarde,M,26,22.0,Netherlands,0,0.0,2,26,0,89.7,aston_villa,premier_league,17500000
833956,Matty Cash,M. Cash,D,2,28.0,Poland,3,1.19,11,66,3,85.5,aston_villa,premier_league,19800000
143334,Victor Lindelöf,V. Lindelöf,D,3,31.0,Sweden,0,0.28,0,7,1,94.21,aston_villa,premier_league,4800000
96538,Lucas Digne,L. Digne,D,12,32.0,France,0,0.72,4,36,6,80.85,aston_villa,premier_league,5500000
976263,Ian Maatsen,I. Maatsen,D,22,24.0,Netherlands,0,1.3,21,43,1,86.01,aston_villa,premier_league,28000000
827679,Ezri Konsa,E. Konsa,D,4,28.0,England,0,1.25,8,22,0,95.47,aston_villa,premier_league,42000000
864169,Pau Torres,P. Torres,D,14,29.0,Spain,0,1.27,7,22,0,89.04,aston_villa,premier_league,21000000
1152923,Kosta Nedeljković,K. Nedeljković,D,20,20.0,Serbia,0,0.0,0,1,0,87.1,aston_villa,premier_league,6600000
303638,Tyrone Mings,T. Mings,D,5,33.0,England,0,1.37,2,5,0,89.96,aston_villa,premier_league,3200000
158263,Emiliano Martínez,E. Martínez,G,23,33.0,Argentina,0,0.0,0,0,1,73.74,aston_villa,premier_league,11500000
100390,Marco Bizot,M. Bizot,G,40,35.0,Netherlands,0,0.0,0,0,0,76.35,aston_villa,premier_league,1400000
991478,Amine Adli,A. Adli,F,21,26.0,Morocco,3,2.6,8,36,1,77.24,bournemouth,premier_league,18100000
1426228,Eli Junior Kroupi,E. J. Kroupi,F,22,20.0,France,13,8.35,15,9,0,76.02,bournemouth,premier_league,72000000
1154587,Álvaro Rodriguez,Á. Rodriguez,F,20,22.0,Uruguay,7,8.85,39,24,5,64.43,bournemouth,premier_league,9100000
998490,Evanilson,Evanilson,F,9,26.0,Brazil,6,10.59,16,13,1,76.56,bournemouth,premier_league,33000000
336655,Enes Ünal,E. Ünal,F,26,29.0,Türkiye,1,2.0,1,1,0,67.86,bournemouth,premier_league,6800000
1464966,Rayan,Rayan,M,37,19.0,Brazil,5,2.91,13,11,2,78.3,bournemouth,premier_league,58000000
851596,Justin Kluivert,J. Kluivert,M,19,27.0,Netherlands,2,2.32,11,10,0,81.16,bournemouth,premier_league,24000000
1154861,Ben Gannon-Doak,B. Doak,M,11,20.0,Scotland,0,0.26,2,6,1,77.08,bournemouth,premier_league,14600000
1476524,Alex Tóth,A. Tóth,M,27,20.0,Hungary,0,0.11,1,1,0,87.69,bournemouth,premier_league,13100000
1104986,Alex Scott,A. Scott,M,8,22.0,England,3,3.81,29,60,1,84.85,bournemouth,premier_league,53000000
800419,Tyler Adams,T. Adams,M,12,27.0,USA,2,0.6,6,53,2,87.13,bournemouth,premier_league,26000000
895576,Marcus Tavernier,M. Tavernier,M,16,27.0,England,7,9.06,39,40,4,83.6,bournemouth,premier_league,23000000
322391,Ryan Christie,R. Christie,M,10,31.0,Scotland,2,1.92,19,27,0,78.24,bournemouth,premier_league,8600000
855731,David Brooks,D. Brooks,M,7,29.0,Wales,1,5.83,17,19,3,77.08,bournemouth,premier_league,11000000
548188,Lewis Cook,L. Cook,M,4,29.0,England,0,0.08,3,25,1,86.14,bournemouth,premier_league,11600000
2007889,Ben Winterburn,B. Winterburn,M,47,21.0,England,0,0.0,0,0,0,0.0,bournemouth,premier_league,320000
1201520,Julio Soler,J. Soler,D,6,21.0,Argentina,0,0.0,0,1,0,86.96,bournemouth,premier_league,8300000
1406130,Veljko Milosavljević,V. Milosavljević,D,44,19.0,Serbia,0,0.15,1,5,0,84.21,bournemouth,premier_league,18600000
962408,Bafodé Diakité,B. Diakité,D,18,25.0,France,0,0.02,0,20,0,87.98,bournemouth,premier_league,23000000
999028,Adrien Truffert,A. Truffert,D,3,24.0,France,1,1.36,33,103,5,83.46,bournemouth,premier_league,28000000
1156586,James Hill,J. Hill,D,23,24.0,England,0,0.89,2,39,3,77.72,bournemouth,premier_league,24000000
44566,Adam Smith,A. Smith,D,15,35.0,England,0,0.0,1,15,2,77.96,bournemouth,premier_league,310000
882604,Đorđe Petrović,Đ. Petrović,G,1,26.0,Serbia,0,0.0,0,0,0,64.37,bournemouth,premier_league,29000000
1016907,Igor Thiago,I. Thiago,F,9,25.0,Brazil,22,20.57,29,38,1,69.21,brentford,premier_league,68000000
991604,Fabio Carvalho,F. Carvalho,F,14,23.0,Portugal,1,0.7,1,3,0,80.0,brentford,premier_league,7800000
113956,Callum Wilson,C. Wilson,F,9,34.0,England,7,7.66,13,4,1,64.74,brentford,premier_league,4300000
1403098,Kaye Furo,K. I. Furo,F,47,19.0,Belgium,0,0.0,0,0,0,0.0,brentford,premier_league,7600000
1106451,Dango Ouattara,D. Ouattara,M,19,24.0,Burkina Faso,7,7.72,23,24,3,63.09,brentford,premier_league,36000000
42694,Jordan Henderson,J. Henderson,M,6,36.0,England,1,0.33,3,27,3,77.89,brentford,premier_league,1300000
907072,Mikkel Damsgaard,M. Damsgaard,M,24,26.0,Denmark,4,2.62,18,57,4,76.34,brentford,premier_league,29000000
1006387,Kevin Schade,K. Schade,M,7,24.0,Germany,8,12.18,20,41,3,67.74,brentford,premier_league,36000000
1031258,Yehor Yarmoliuk,Y. Yarmoliuk,M,18,22.0,Ukraine,1,1.2,15,70,2,84.34,brentford,premier_league,30000000
1126692,Antoni Milambo,A. Milambo,M,17,21.0,Netherlands,0,0.0,0,3,0,72.73,brentford,premier_league,15500000
1020680,Jaidon Anthony,J. Anthony,M,11,26.0,England,8,5.13,36,42,2,79.93,brentford,premier_league,19400000
799251,Mathias Jensen,M. Jensen,M,8,30.0,Denmark,3,2.27,19,41,1,80.84,brentford,premier_league,10400000
814873,Vitaly Janelt,V. Janelt,M,27,28.0,Germany,1,0.91,5,27,4,87.3,brentford,premier_league,16600000
856260,Josh Dasilva,J. Dasilva,M,10,27.0,England,0,0.08,0,0,0,80.0,brentford,premier_league,1500000
1137431,Michael Kayode,M. Kayode,D,33,22.0,Italy,1,1.18,55,67,1,85.01,brentford,premier_league,39000000
576384,Kristoffer Ajer,K. Ajer,D,20,28.0,Norway,0,0.78,3,37,1,80.03,brentford,premier_league,19500000
924378,Sepp van den Berg,S. van den Berg,D,4,24.0,Netherlands,0,3.13,1,23,2,88.54,brentford,premier_league,33000000
958916,Nathan Collins,N. Collins,D,22,25.0,Ireland,1,2.28,7,31,2,83.11,brentford,premier_league,29000000
855864,Ethan Pinnock,E. Pinnock,D,5,33.0,Jamaica,0,0.01,1,5,0,82.71,brentford,premier_league,2800000
972421,Keane Lewis-Potter,K. Lewis-Potter,D,23,25.0,England,3,3.04,16,23,3,77.64,brentford,premier_league,24000000
966869,Aaron Hickey,A. Hickey,D,2,24.0,Scotland,0,0.46,0,15,0,83.57,brentford,premier_league,16500000
599128,Rico Henry,R. Henry,D,3,29.0,Jamaica,0,0.18,15,15,1,76.92,brentford,premier_league,13800000
827362,Caoimhin Kelleher,C. Kelleher,G,1,27.0,Ireland,0,0.0,3,1,0,65.25,brentford,premier_league,25000000
1005959,Hákon Rafn Valdimarsson,H. R. Valdimarsson,G,12,24.0,Iceland,0,0.0,0,0,0,73.17,brentford,premier_league,2600000
999231,Evan Ferguson,E. Ferguson,F,28,21.0,Ireland,3,2.62,8,7,2,76.97,brighton,premier_league,21000000
1416535,Charalampos Kostoulas,C. Kostoulas,F,19,19.0,Greece,2,2.14,11,11,1,74.8,brighton,premier_league,27000000
33902,Danny Welbeck,D. Welbeck,F,18,35.0,England,13,12.44,11,24,1,79.42,brighton,premier_league,3100000
1155321,Stefanos Tzimas,S. Tzimas,F,9,20.0,Greece,1,0.46,1,3,1,70.83,brighton,premier_league,18500000
1199043,Carlos Baleba,C. Baleba,M,17,22.0,Cameroon,0,0.75,12,37,0,86.1,brighton,premier_league,53000000
936849,Kaoru Mitoma,K. Mitoma,M,22,29.0,Japan,3,4.06,28,18,1,82.4,brighton,premier_league,20000000
1117025,Facundo Buonanotte,F. Buonanotte,M,40,21.0,Argentina,0,0.06,0,1,0,77.78,brighton,premier_league,10900000
1065588,Diego Gómez,D. Gómez,M,25,23.0,Paraguay,5,6.29,19,78,1,77.95,brighton,premier_league,27000000
1036269,Yasin Ayari,Y. Ayari,M,26,22.0,Sweden,3,2.71,18,47,3,86.09,brighton,premier_league,32000000
1400106,Yankuba Minteh,Y. Minteh,M,11,21.0,Gambia,3,3.8,65,56,4,67.94,brighton,premier_league,42000000
48480,Pascal Groß,P. Groß,M,30,35.0,Germany,1,1.45,7,29,3,85.93,brighton,premier_league,2300000
891829,Matt O'Riley,M. O'Riley,M,33,25.0,Denmark,1,1.2,0,5,0,87.14,brighton,premier_league,16500000
946695,Georginio Rutter,G. Rutter,M,10,24.0,France,3,3.02,28,32,3,69.5,brighton,premier_league,31000000
1471095,Ibrahim Osman,I. Osman,M,17,21.0,Ghana,0,1.86,6,11,2,79.88,brighton,premier_league,7400000
1142315,Jack Hinshelwood,J. Hinshelwood,M,13,21.0,England,4,4.92,3,19,3,82.59,brighton,premier_league,27000000
1167066,Tom Watson,T. Watson,M,14,20.0,England,0,0.04,0,1,0,73.68,brighton,premier_league,7500000
825844,Ferdi Kadıoğlu,F. Kadıoğlu,D,24,26.0,Türkiye,1,2.03,12,57,0,85.59,brighton,premier_league,36000000
1405212,Luka Vušković,L. Vušković,D,16,19.0,Croatia,6,4.22,8,22,0,83.05,brighton,premier_league,64000000
997152,Maxim De Cuyper,M. De Cuyper,D,29,25.0,Belgium,2,1.82,7,23,3,84.25,brighton,premier_league,21000000
959628,Mats Wieffer,M. Wieffer,D,27,26.0,Netherlands,2,1.93,9,66,3,83.2,brighton,premier_league,24000000
115365,Lewis Dunk,L. Dunk,D,5,34.0,England,1,1.71,4,35,0,92.34,brighton,premier_league,3600000
836675,Pascal Struijk,P. Struijk,D,5,26.0,Netherlands,0,3.02,4,39,1,88.47,brighton,premier_league,23000000
842513,Igor Júlio,I. Júlio,D,3,28.0,Brazil,0,0.0,0,0,0,72.73,brighton,premier_league,9700000
788784,Olivier Boscagli,O. Boscagli,D,21,28.0,France,0,0.04,2,16,1,86.47,brighton,premier_league,13900000
994363,Bart Verbruggen,B. Verbruggen,G,1,23.0,Netherlands,0,0.0,1,1,0,76.05,brighton,premier_league,37000000
1135873,Alejandro Garnacho,A. Garnacho,F,49,22.0,Argentina,1,3.45,14,15,4,87.32,chelsea,premier_league,26000000
975079,João Pedro,J. Pedro,F,20,24.0,Brazil,15,14.96,40,27,5,75.32,chelsea,premier_league,74000000
1085381,Nicolas Jackson,N. Jackson,F,15,25.0,Senegal,8,7.26,11,8,1,81.56,chelsea,premier_league,39000000
1414933,Marc Guiu,M. Guiu,F,38,20.0,Spain,0,1.55,1,0,1,68.75,chelsea,premier_league,11200000
997087,Liam Delap,L. Delap,F,9,23.0,England,1,4.47,10,5,0,69.84,chelsea,premier_league,26000000
1048333,Emmanuel Emegha,E. Emegha,F,10,23.0,Netherlands,4,3.9,3,0,2,82.69,chelsea,premier_league,26000000
1090458,David Datro Fofana,D. D. Fofana,F,99,23.0,Côte d'Ivoire,0,0.96,2,2,0,84.85,chelsea,premier_league,4099999
982780,Cole Palmer,C. Palmer,M,10,24.0,England,10,10.56,22,25,1,85.73,chelsea,premier_league,92000000
1597265,Estêvão,Estêvão,M,41,19.0,Brazil,2,2.92,29,11,2,80.74,chelsea,premier_league,82000000
974505,Enzo Fernández,E. Fernández,M,8,25.0,Argentina,10,11.29,13,53,4,86.03,chelsea,premier_league,87000000
987650,Moisés Caicedo,M. Caicedo,M,25,24.0,Ecuador,3,1.44,15,87,1,91.72,chelsea,premier_league,104000000
879349,Pedro Neto,P. Neto,M,7,26.0,Portugal,5,4.62,47,19,6,87.33,chelsea,premier_league,58000000
1140599,Jamie Gittens,J. Gittens,M,11,21.0,England,0,0.82,13,8,2,79.19,chelsea,premier_league,29000000
1069488,Roméo Lavia,R. Lavia,M,45,22.0,Belgium,0,0.2,3,8,0,92.61,chelsea,premier_league,21000000
1110006,Dário Essugo,D. Essugo,M,14,21.0,Portugal,0,0.0,2,6,0,84.0,chelsea,premier_league,13900000
1397736,Marco Palestra,M. Palestra,M,27,21.0,Italy,1,1.71,70,55,4,85.12,chelsea,premier_league,36000000
885908,Reece James,R. James,D,24,26.0,England,2,1.04,11,48,4,88.97,chelsea,premier_league,63000000
1154657,Mamadou Sarr,M. Sarr,D,19,20.0,Senegal,0,0.44,0,1,0,88.46,chelsea,premier_league,24000000
996958,Malo Gusto,M. Gusto,D,27,23.0,France,2,1.56,13,53,3,86.79,chelsea,premier_league,36000000
996911,Levi Colwill,L. Colwill,D,6,23.0,England,0,0.0,0,3,0,90.1,chelsea,premier_league,55000000
1153079,Jorrel Hato,J. Hato,D,21,20.0,Netherlands,0,0.31,7,36,0,91.98,chelsea,premier_league,41000000
826134,Trevoh Chalobah,T. Chalobah,D,23,27.0,England,3,1.43,7,35,0,93.04,chelsea,premier_league,43000000
923894,Wesley Fofana,W. Fofana,D,29,25.0,France,0,0.72,10,19,1,92.1,chelsea,premier_league,29000000
1403050,Josh Acheampong,J. Acheampong,D,34,20.0,England,1,0.63,11,11,0,92.05,chelsea,premier_league,24000000
1500263,Aarón Anselmino,A. Anselmino,D,30,21.0,Argentina,1,0.07,1,9,0,87.32,chelsea,premier_league,10600000
352668,Tosin Adarabioyo,T. Adarabioyo,D,4,28.0,England,0,0.11,0,17,0,90.49,chelsea,premier_league,16500000
904827,Benoît Badiashile,B. Badiashile,D,5,25.0,France,0,0.0,0,7,0,92.94,chelsea,premier_league,14500000
827243,Axel Disasi,A. Disasi,D,2,28.0,France,0,1.02,2,14,0,86.57,chelsea,premier_league,15500000
920546,Robert Sánchez,R. Sánchez,G,1,28.0,Spain,0,0.0,0,2,1,66.74,chelsea,premier_league,19900000
962053,Filip Jørgensen,F. Jørgensen,G,12,24.0,Denmark,0,0.0,1,0,0,76.02,chelsea,premier_league,14600000
1149148,Mike Penders,M. Penders,G,1,20.0,Belgium,0,0.0,0,0,0,86.07,chelsea,premier_league,24000000
840217,Richarlison,Richarlison,F,9,29.0,Brazil,11,8.09,12,27,4,62.15,crystal_palace,premier_league,24000000
1048888,Mathys Tel,M. Tel,F,11,21.0,France,4,2.44,39,19,1,77.44,crystal_palace,premier_league,23000000
361420,Dominic Solanke,D. Solanke,F,19,28.0,England,3,2.43,13,22,0,74.05,crystal_palace,premier_league,31000000
862223,Manor Solomon,M. Solomon,F,27,26.0,Israel,2,0.85,25,13,1,89.52,crystal_palace,premier_league,7800000
1142679,Wilson Odobert,W. Odobert,F,28,21.0,France,0,1.9,24,10,2,84.92,crystal_palace,premier_league,18500000
998772,Dane Scarlett,D. Scarlett,F,44,22.0,England,0,0.0,0,0,0,50.0,crystal_palace,premier_league,1400000
905163,Mohammed Kudus,M. Kudus,M,20,25.0,Ghana,2,1.93,52,29,5,85.59,crystal_palace,premier_league,54000000
997183,Xavi Simons,X. Simons,M,7,23.0,Netherlands,2,3.08,28,34,5,82.92,crystal_palace,premier_league,43000000
1002711,Pape Matar Sarr,P. Sarr,M,29,23.0,Senegal,2,1.72,13,33,4,84.99,crystal_palace,premier_league,28000000
892673,Sandro Tonali,S. Tonali,M,8,26.0,Italy,0,1.74,19,35,2,84.39,crystal_palace,premier_league,74000000
904970,Conor Gallagher,C. Gallagher,M,22,26.0,England,1,1.07,13,23,1,84.73,crystal_palace,premier_league,31000000
356398,James Maddison,J. Maddison,M,10,29.0,England,0,0.21,0,1,0,94.59,crystal_palace,premier_league,19400000
1391251,Lucas Bergvall,L. Bergvall,M,15,20.0,Sweden,1,1.4,15,22,3,81.64,crystal_palace,premier_league,36000000
791190,Rodrigo Bentancur,R. Bentancur,M,30,29.0,Uruguay,1,0.74,20,56,1,85.76,crystal_palace,premier_league,19300000
1142562,Mateus Fernandes,M. Fernandes,M,18,22.0,Portugal,3,2.0,28,103,4,87.45,crystal_palace,premier_league,49000000
1142335,Archie Gray,A. Gray,M,14,20.0,England,2,1.48,7,11,2,83.12,crystal_palace,premier_league,34000000
829932,Cristian Romero,C. Romero,D,17,28.0,Argentina,4,1.31,8,58,1,87.32,crystal_palace,premier_league,42000000
262911,Andy Robertson,A. Robertson,D,26,32.0,Scotland,1,1.1,3,12,0,83.26,crystal_palace,premier_league,7500000
998247,Micky van de Ven,M. van de Ven,D,37,25.0,Netherlands,4,2.53,11,39,1,90.45,crystal_palace,premier_league,49000000
913654,Pedro Porro,P. Porro,D,23,26.0,Spain,1,1.05,19,76,2,74.97,crystal_palace,premier_league,32000000
830659,Marcos Senesi,M. Senesi,D,5,29.0,Argentina,0,1.52,6,62,5,77.66,crystal_palace,premier_league,23000000
962012,Jan Paul van Hecke,J. P. van Hecke,D,6,26.0,Netherlands,3,3.3,3,53,3,87.19,crystal_palace,premier_league,49000000
945798,Djed Spence,D. Spence,D,24,25.0,England,0,0.9,33,44,0,80.84,crystal_palace,premier_league,31000000
983572,Destiny Udogie,D. Udogie,D,13,23.0,Italy,0,0.19,6,31,1,85.47,crystal_palace,premier_league,28000000
794953,Kevin Danso,K. Danso,D,4,27.0,Austria,0,0.59,2,27,0,86.9,crystal_palace,premier_league,19400000
1482340,Souza,Souza,D,38,20.0,Brazil,0,0.02,0,0,0,92.59,crystal_palace,premier_league,12400000
1144143,Kota Takai,K. Takai,D,25,21.0,Japan,0,0.16,0,11,0,88.03,crystal_palace,premier_league,4600000
94758,Ben Davies,B. Davies,D,33,33.0,Wales,1,0.49,0,5,0,86.15,crystal_palace,premier_league,2800000
1031251,Antonín Kinský,A. Kinský,G,31,23.0,Czechia,0,0.0,0,0,0,62.84,crystal_palace,premier_league,15700000
553606,Guglielmo Vicario,G. Vicario,G,1,29.0,Italy,0,0.0,0,1,0,67.04,crystal_palace,premier_league,17300000
42209,Martin Dúbravka,M. Dúbravka,G,1,37.0,Slovakia,0,0.0,0,1,0,58.22,crystal_palace,premier_league,485000
1403061,Tyrique George,T. George,F,32,20.0,England,0,0.63,7,7,0,80.18,everton,premier_league,21000000
1395746,Thierno Barry,T. Barry,F,11,23.0,France,8,8.15,9,6,0,60.5,everton,premier_league,31000000
987489,Beto,Beto,F,9,28.0,Guinea-Bissau,9,8.91,14,15,1,62.02,everton,premier_league,19300000
914309,Iliman Ndiaye,I. Ndiaye,M,10,26.0,Senegal,6,6.71,73,70,3,83.95,everton,premier_league,53000000
861970,Kiernan Dewsbury-Hall,K. Dewsbury-Hall,M,22,27.0,England,8,4.31,27,52,4,82.46,everton,premier_league,38000000
1017392,Carlos Alcaraz,C. Alcaraz,M,24,23.0,Argentina,0,1.24,7,14,1,81.76,everton,premier_league,14600000
927361,James Garner,J. Garner,M,37,25.0,England,2,2.03,18,120,7,87.23,everton,premier_league,48000000
1174472,Tyler Dibling,T. Dibling,M,20,20.0,England,0,0.2,13,7,0,86.27,everton,premier_league,15700000
935543,Dwight McNeil,D. McNeil,M,7,26.0,England,0,1.39,7,23,1,81.48,everton,premier_league,18800000
1064082,Merlin Röhl,M. Röhl,M,34,24.0,Germany,1,0.78,3,25,0,77.51,everton,premier_league,14700000
1085950,Tim Iroegbunam,T. Iroegbunam,M,42,23.0,England,0,0.6,15,68,2,81.43,everton,premier_league,18500000
1627560,Harrison Armstrong,H. Armstrong,M,45,19.0,England,0,0.79,1,13,0,80.58,everton,premier_league,12400000
876643,Vitaliy Mykolenko,V. Mykolenko,D,16,27.0,Ukraine,0,0.29,10,51,1,79.8,everton,premier_league,26000000
979563,Jarrad Branthwaite,J. Branthwaite,D,32,24.0,England,1,0.35,0,13,0,83.76,everton,premier_league,41000000
145188,James Tarkowski,J. Tarkowski,D,6,33.0,England,2,2.75,4,51,3,80.63,everton,premier_league,5200000
998253,Jake O'Brien,J. O'Brien,D,15,25.0,Ireland,1,1.74,6,57,1,73.96,everton,premier_league,16500000
110846,Michael Keane,M. Keane,D,5,33.0,England,3,2.33,6,36,1,85.48,everton,premier_league,2800000
1020141,Nathan Patterson,N. Patterson,D,2,24.0,Scotland,0,0.03,1,10,0,76.19,everton,premier_league,16300000
138530,Jordan Pickford,J. Pickford,G,1,32.0,England,0,0.0,0,2,0,61.57,everton,premier_league,13900000
1015256,Rodrigo Muniz,R. Muniz,F,9,25.0,Brazil,1,3.34,5,8,1,42.42,fulham,premier_league,22000000
1503757,Jonah Kusi-Asare,J. Kusi-Asare,F,18,19.0,Sweden,0,0.0,0,1,0,68.75,fulham,premier_league,3300000
1065216,Oscar Bobb,O. Bobb,M,14,23.0,Norway,0,1.48,27,21,1,85.79,fulham,premier_league,27000000
352770,Alex Iwobi,A. Iwobi,M,17,30.0,Nigeria,4,1.92,19,27,3,85.13,fulham,premier_league,21000000
867445,Emile Smith Rowe,E. Smith Rowe,M,32,25.0,England,3,4.77,14,35,0,91.09,fulham,premier_league,18300000
1112879,Kevin,Kevin,M,22,23.0,Brazil,1,1.2,44,21,1,76.4,fulham,premier_league,26000000
793167,Sander Berge,S. Berge,M,16,28.0,Norway,0,1.54,9,57,1,89.82,fulham,premier_league,26000000
371222,Saša Lukić,S. Lukić,M,20,29.0,Serbia,1,2.26,6,49,2,85.62,fulham,premier_league,9400000
1546231,Joshua King,J. King,M,24,19.0,England,1,2.47,16,27,2,79.89,fulham,premier_league,26000000
82566,Tom Cairney,T. Cairney,M,10,35.0,Scotland,2,1.21,4,7,0,92.63,fulham,premier_league,530000
365802,Harrison Reed,H. Reed,M,6,31.0,England,1,0.13,0,0,0,93.02,fulham,premier_league,2100000
825719,Issa Diop,I. Diop,D,31,29.0,Morocco,1,0.8,1,6,0,87.65,fulham,premier_league,8199999
861972,Calvin Bassey,C. Bassey,D,3,26.0,Nigeria,1,1.72,10,62,0,87.75,fulham,premier_league,29000000
803174,Antonee Robinson,A. Robinson,D,33,28.0,USA,1,1.07,12,48,0,80.0,fulham,premier_league,24000000
329417,Timothy Castagne,T. Castagne,D,21,30.0,Belgium,0,1.42,3,40,0,86.31,fulham,premier_league,7600000
362682,Joachim Andersen,J. Andersen,D,5,30.0,Denmark,0,1.48,6,45,1,86.07,fulham,premier_league,21000000
836698,Ryan Sessegnon,R. Sessegnon,D,30,26.0,England,3,1.61,9,48,1,76.44,fulham,premier_league,21000000
190877,Kenny Tete,K. Tete,D,2,30.0,Netherlands,1,0.96,8,65,0,84.42,fulham,premier_league,8700000
868715,Jorge Cuenca,J. Cuenca,D,15,26.0,Spain,0,0.05,2,16,0,88.34,fulham,premier_league,8600000
103335,Bernd Leno,B. Leno,G,1,34.0,Germany,0,0.0,0,4,0,77.33,fulham,premier_league,5500000
1004505,Loum Tchaouna,L. Tchaouna,F,17,22.0,France,2,1.25,7,18,1,75.15,ipswich_town,premier_league,13800000
885864,Frank Onyeka,F. Onyeka,M,16,28.0,Nigeria,0,0.0,2,2,1,77.78,ipswich_town,premier_league,7700000
999276,Aurèle Amenda,A. Amenda,D,5,22.0,Switzerland,0,0.77,2,15,0,87.73,ipswich_town,premier_league,10300000
981619,Igor Jesus,I. Jesus,F,19,25.0,Brazil,6,6.64,11,24,4,72.71,leicester_city,premier_league,26000000
50480,Chris Wood,C. Wood,F,11,34.0,New Zealand,3,4.25,1,1,0,69.38,leicester_city,premier_league,5200000
359664,Taiwo Awoniyi,T. Awoniyi,F,9,28.0,Nigeria,4,3.58,2,2,1,80.0,leicester_city,premier_league,7600000
954061,Arnaud Kalimuendo,A. Kalimuendo,F,15,24.0,France,0,0.44,0,1,0,82.76,leicester_city,premier_league,24000000
843754,Ibrahim Sangaré,I. Sangaré,M,6,28.0,Côte d'Ivoire,2,1.15,11,59,2,86.82,leicester_city,premier_league,21000000
1003334,James McAtee,J. McAtee,M,24,23.0,England,0,0.17,3,7,1,84.3,leicester_city,premier_league,16200000
867442,Callum Hudson Odoi,C. Hudson Odoi,M,7,25.0,England,3,2.8,30,14,4,89.19,leicester_city,premier_league,32000000
865912,Morgan Gibbs-White,M. Gibbs-White,M,10,26.0,England,15,10.84,30,20,4,81.13,leicester_city,premier_league,67000000
944327,Dan Ndoye,D. Ndoye,M,14,25.0,Switzerland,1,1.06,13,23,1,78.37,leicester_city,premier_league,31000000
1090963,Omari Hutchinson,O. Hutchinson,M,21,22.0,England,1,1.94,41,22,5,83.09,leicester_city,premier_league,28000000
871765,Nicolás Domínguez,N. Domínguez,M,16,28.0,Argentina,1,1.47,6,56,1,85.23,leicester_city,premier_league,13800000
963298,Dilane Bakwa,D. Bakwa,M,29,23.0,France,0,0.55,8,4,2,79.08,leicester_city,premier_league,26000000
846252,Ryan Yates,R. Yates,M,22,28.0,England,0,0.5,1,16,2,78.08,leicester_city,premier_league,7200000
1199282,Murillo,Murillo,D,5,24.0,Brazil,1,0.74,9,35,0,83.57,leicester_city,premier_league,49000000
836168,Nikola Milenković,N. Milenković,D,31,28.0,Serbia,0,0.84,3,31,0,86.61,leicester_city,premier_league,26000000
800417,Ola Aina,O. Aina,D,34,29.0,Nigeria,0,0.4,15,31,0,84.74,leicester_city,premier_league,16399999
927356,Neco Williams,N. Williams,D,3,25.0,Wales,2,1.97,31,96,3,81.81,leicester_city,premier_league,26000000
1170722,Jair,Jair,D,23,21.0,Brazil,0,0.29,2,9,0,80.09,leicester_city,premier_league,15500000
1010220,Nicolò Savona,N. Savona,D,37,23.0,Italy,2,1.34,2,20,0,78.7,leicester_city,premier_league,14600000
985086,Morato,Morato,D,4,25.0,Brazil,1,1.32,5,30,0,85.34,leicester_city,premier_league,13600000
979144,Luca Netz,L. Netz,D,25,23.0,Germany,0,0.0,2,12,0,83.0,leicester_city,premier_league,7700000
1390490,Zach Abbott,Z. Abbott,D,44,20.0,England,0,0.0,1,4,0,70.97,leicester_city,premier_league,3900000
840103,John Victor,J. Victor,G,13,30.0,Brazil,0,0.0,0,0,0,63.85,leicester_city,premier_league,4900000
78152,Matz Sels,M. Sels,G,26,34.0,Belgium,0,0.0,0,1,0,57.14,leicester_city,premier_league,3700000
823941,Alexander Isak,A. Isak,F,9,26.0,Sweden,3,2.65,1,7,1,62.5,liverpool,premier_league,88000000
1048422,Hugo Ekitiké,H. Ekitiké,F,22,24.0,France,11,9.87,38,11,4,76.75,liverpool,premier_league,77000000
845386,Federico Chiesa,F. Chiesa,F,14,28.0,Italy,2,1.5,2,8,1,71.68,liverpool,premier_league,11900000
1881902,Rio Ngumoha,R. Ngumoha,F,73,17.0,England,2,1.31,30,4,1,86.98,liverpool,premier_league,29000000
1145642,Víctor Muñoz,V. Muñoz,F,21,23.0,Spain,6,5.86,75,22,2,80.74,liverpool,premier_league,29000000
1019322,Florian Wirtz,F. Wirtz,M,7,23.0,Germany,5,7.03,39,34,3,84.52,liverpool,premier_league,95000000
869856,Dominik Szoboszlai,D. Szoboszlai,M,8,25.0,Hungary,6,4.85,26,56,7,87.75,liverpool,premier_league,91000000
895324,Alexis Mac Allister,A. Mac Allister,M,10,27.0,Argentina,2,3.89,11,53,4,86.58,liverpool,premier_league,77000000
862967,Cody Gakpo,C. Gakpo,M,18,27.0,Netherlands,7,8.46,34,28,5,78.53,liverpool,premier_league,58000000
904897,Ryan Gravenberch,R. Gravenberch,M,38,24.0,Netherlands,5,1.9,32,59,3,88.87,liverpool,premier_league,87000000
955245,Harvey Elliott,H. Elliott,M,19,23.0,England,0,0.29,0,0,0,84.15,liverpool,premier_league,21000000
143040,Wataru Endo,W. Endo,M,3,33.0,Japan,0,0.04,0,7,1,85.11,liverpool,premier_league,3700000
927353,Curtis Jones,C. Jones,M,17,25.0,England,1,2.77,22,40,2,91.62,liverpool,premier_league,33000000
1445945,Trey Nyoni,T. Nyoni,M,42,19.0,England,0,0.37,0,1,0,90.91,liverpool,premier_league,8500000
151545,Virgil van Dijk,V. van Dijk,D,4,35.0,Netherlands,6,3.77,2,22,0,89.0,liverpool,premier_league,15500000
970361,Jeremie Frimpong,J. Frimpong,D,30,25.0,Netherlands,0,0.51,18,11,1,84.58,liverpool,premier_league,36000000
1097425,Miloš Kerkez,M. Kerkez,D,6,22.0,Hungary,2,1.59,12,41,1,85.33,liverpool,premier_league,36000000
1008402,Conor Bradley,C. Bradley,D,12,23.0,Northern Ireland,0,0.24,7,19,1,83.94,liverpool,premier_league,27000000
786259,Kostas Tsimikas,K. Tsimikas,D,21,30.0,Greece,0,0.41,6,11,0,80.0,liverpool,premier_league,4400000
318927,Joe Gomez,J. Gomez,D,2,29.0,England,0,0.27,3,10,2,79.69,liverpool,premier_league,12600000
1445625,Jérémy Jacquet,J. Jacquet,D,97,21.0,France,0,1.04,4,27,0,90.43,liverpool,premier_league,57000000
243609,Alisson,Alisson,G,1,33.0,Brazil,0,0.0,0,0,0,79.02,liverpool,premier_league,16500000
930997,Giorgi Mamardashvili,G. Mamardashvili,G,25,25.0,Georgia,0,0.0,0,1,0,70.38,liverpool,premier_league,29000000
284417,Freddie Woodman,F. Woodman,G,28,29.0,England,0,0.0,0,0,0,56.96,liverpool,premier_league,3100000
839956,Erling Haaland,E. Haaland,F,9,25.0,Norway,27,25.43,17,15,8,65.63,manchester_city,premier_league,218000000
873554,Omar Marmoush,O. Marmoush,F,7,27.0,Egypt,3,2.71,10,13,3,87.04,manchester_city,premier_league,55000000
859765,Phil Foden,P. Foden,M,47,26.0,England,7,6.42,25,34,5,88.18,manchester_city,premier_league,66000000
934354,Antoine Semenyo,A. Semenyo,M,42,26.0,Ghana,17,11.09,59,45,4,80.02,manchester_city,premier_league,85000000
979128,Rayan Cherki,R. Cherki,M,10,22.0,France,4,4.13,51,26,12,86.45,manchester_city,premier_league,98000000
827606,Rodri,Rodri,M,16,30.0,Spain,1,1.13,7,41,0,90.11,manchester_city,premier_league,45000000
934386,Jérémy Doku,J. Doku,M,11,24.0,Belgium,5,2.75,84,23,5,82.9,manchester_city,premier_league,70000000
189061,Jack Grealish,J. Grealish,M,10,30.0,England,2,2.15,23,21,6,84.12,manchester_city,premier_league,21000000
1046795,Savinho,Savinho,M,26,22.0,Brazil,1,2.33,17,9,1,82.84,manchester_city,premier_league,37000000
893549,Tijjani Reijnders,T. Reijnders,M,4,27.0,Netherlands,5,4.45,20,10,2,89.1,manchester_city,premier_league,48000000
1482424,Claudio Echeverri,C. Echeverri,M,30,20.0,Argentina,1,2.16,16,6,1,86.28,manchester_city,premier_league,14300000
136710,Mateo Kovačić,M. Kovačić,M,8,32.0,Croatia,0,0.16,2,2,1,91.22,manchester_city,premier_league,9700000
994546,Elliot Anderson,E. Anderson,M,8,23.0,England,4,2.9,50,104,4,85.52,manchester_city,premier_league,68000000
954056,Nico González,N. González,M,14,24.0,Spain,1,0.7,12,42,0,90.35,manchester_city,premier_league,43000000
1194333,Abdukodir Khusanov,A. Khusanov,D,45,22.0,Uzbekistan,0,0.68,7,27,0,91.76,manchester_city,premier_league,47000000
964994,Joško Gvardiol,J. Gvardiol,D,24,24.0,Croatia,2,2.4,2,18,2,89.4,manchester_city,premier_league,64000000
931278,Rayan Aït-Nouri,R. Aït-Nouri,D,21,25.0,Algeria,0,0.59,22,35,2,90.34,manchester_city,premier_league,39000000
318941,Rúben Dias,R. Dias,D,3,29.0,Portugal,2,0.56,3,13,0,92.98,manchester_city,premier_league,60000000
1142703,Nico O'Reilly,N. O’Reilly,D,33,21.0,England,5,6.03,24,68,3,86.19,manchester_city,premier_league,76000000
877994,Marc Guéhi,M. Guéhi,D,15,26.0,England,3,4.12,7,46,3,89.65,manchester_city,premier_league,66000000
945122,Matheus Nunes,M. Nunes,D,27,27.0,Portugal,1,0.35,28,57,5,89.11,manchester_city,premier_league,48000000
1136731,Rico Lewis,R. Lewis,D,82,21.0,England,0,0.19,2,5,1,84.56,manchester_city,premier_league,26000000
1485300,Vitor Reis,V. Reis,D,22,20.0,Brazil,1,1.58,8,50,1,90.96,manchester_city,premier_league,31000000
1168513,Max Alleyne,M. Alleyne,D,68,20.0,England,0,0.26,3,3,0,93.75,manchester_city,premier_league,7800000
1606792,Abdulay Juma Bah,A. J. Bah,D,28,20.0,Sierra Leone,0,0.95,9,35,0,91.54,manchester_city,premier_league,10400000
824509,Gianluigi Donnarumma,G. Donnarumma,G,25,27.0,Italy,0,0.0,2,0,0,80.32,manchester_city,premier_league,46000000
980643,James Trafford,J. Trafford,G,1,23.0,England,0,0.0,1,2,0,73.73,manchester_city,premier_league,27000000
814590,Marcus Rashford,M. Rashford,F,10,28.0,England,8,7.51,30,8,7,84.73,manchester_united,premier_league,38000000
927083,Bryan Mbeumo,B. Mbeumo,F,19,26.0,Cameroon,11,12.19,18,25,3,79.02,manchester_united,premier_league,73000000
986397,Benjamin Šeško,B. Šeško,F,30,23.0,Slovenia,11,9.2,10,5,1,68.95,manchester_united,premier_league,78000000
886363,Matheus Cunha,M. Cunha,F,10,27.0,Brazil,10,7.06,44,39,2,80.45,manchester_united,premier_league,79000000
836694,Mason Mount,M. Mount,F,7,27.0,England,3,1.5,7,24,0,81.59,manchester_united,premier_league,23000000
917007,Joshua Zirkzee,J. Zirkzee,F,11,25.0,Netherlands,2,2.95,5,9,1,74.29,manchester_united,premier_league,21000000
288205,Bruno Fernandes,B. Fernandes,M,8,31.0,Portugal,9,10.83,15,54,21,82.2,manchester_united,premier_league,32000000
971037,Amad Diallo,A. Diallo,M,16,24.0,Côte d'Ivoire,2,5.57,39,38,3,87.94,manchester_united,premier_league,44000000
1142175,Kobbie Mainoo,K. Mainoo,M,37,21.0,England,1,0.48,19,36,2,89.21,manchester_united,premier_league,72000000
1105779,Andrey Santos,A. Santos,M,17,22.0,Brazil,1,2.0,2,37,0,90.09,manchester_united,premier_league,39000000
1397168,Patrick Dorgu,P. Dorgu,M,13,21.0,Denmark,4,2.35,11,48,4,76.04,manchester_united,premier_league,33000000
846425,Manuel Ugarte,M. Ugarte,M,25,25.0,Uruguay,0,0.71,7,46,0,85.06,manchester_united,premier_league,24000000
331737,Youri Tielemans,Y. Tielemans,M,18,29.0,Belgium,0,1.17,9,58,4,84.94,manchester_united,premier_league,33000000
1402726,Jack Fletcher,J. Fletcher,M,38,19.0,England,0,0.03,0,5,0,82.22,manchester_united,premier_league,1600000
1402850,Tyler Fletcher,T. Fletcher,M,39,19.0,Scotland,0,0.0,0,0,0,94.74,manchester_united,premier_league,1600000
847030,Noussair Mazraoui,N. Mazraoui,D,3,28.0,Morocco,0,0.19,8,28,0,87.29,manchester_united,premier_league,17500000
859999,Lisandro Martínez,L. Martínez,D,6,28.0,Argentina,0,0.15,14,19,0,89.88,manchester_united,premier_league,42000000
803031,Matthijs de Ligt,M. de Ligt,D,4,26.0,Netherlands,1,1.46,1,19,0,87.75,manchester_united,premier_league,32000000
149380,Harry Maguire,H. Maguire,D,5,33.0,England,1,1.11,1,22,2,86.13,manchester_united,premier_league,8600000
843200,Diogo Dalot,D. Dalot,D,2,27.0,Portugal,1,2.0,18,53,3,84.98,manchester_united,premier_league,28000000
1153315,Leny Yoro,L. Yoro,D,15,20.0,France,0,1.39,2,32,0,88.45,manchester_united,premier_league,46000000
190839,Luke Shaw,L. Shaw,D,23,31.0,England,1,0.71,10,74,1,86.8,manchester_united,premier_league,7500000
1445799,Ayden Heaven,A. Heaven,D,26,19.0,England,0,0.35,6,22,1,90.49,manchester_united,premier_league,32000000
1142182,Tyler Fredricson,T. Fredricson,D,33,21.0,England,0,0.0,0,0,0,0.0,manchester_united,premier_league,2800000
964753,Senne Lammens,S. Lammens,G,31,24.0,Belgium,0,0.0,0,1,0,59.09,manchester_united,premier_league,38000000
815890,Altay Bayındır,A. Bayındır,G,1,28.0,Türkiye,0,0.0,1,0,0,60.45,manchester_united,premier_league,4900000
123689,Karl Darlow,K. Darlow,G,12,35.0,Wales,0,0.0,1,1,0,58.16,manchester_united,premier_league,210000
805123,Yoane Wissa,Y. Wissa,F,9,29.0,DR Congo,1,3.12,1,5,1,69.89,newcastle_united,premier_league,23000000
980623,Nick Woltemade,N. Woltemade,F,27,24.0,Germany,8,6.59,13,24,3,76.3,newcastle_united,premier_league,59000000
979232,Anthony Elanga,A. Elanga,F,20,24.0,Sweden,0,1.67,13,14,1,80.75,newcastle_united,premier_league,31000000
1122603,William Osula,W. Osula,F,18,22.0,Denmark,7,4.29,8,6,0,80.25,newcastle_united,premier_league,26000000
855647,Harvey Barnes,H. Barnes,F,11,28.0,England,7,7.07,13,13,1,80.68,newcastle_united,premier_league,35000000
372336,Jacob Murphy,J. Murphy,F,23,31.0,England,3,3.15,20,16,2,73.35,newcastle_united,premier_league,11000000
866469,Bruno Guimarães,B. Guimarães,M,39,28.0,Brazil,9,5.6,18,62,5,86.15,newcastle_united,premier_league,72000000
560128,Joelinton,Joelinton,M,7,29.0,Brazil,2,2.39,16,43,1,82.72,newcastle_united,premier_league,27000000
1568123,Bazoumana Touré,B. Touré,M,29,20.0,Côte d'Ivoire,5,4.16,48,34,9,76.1,newcastle_united,premier_league,39000000
1400650,Lewis Miley,L. Miley,M,67,20.0,England,1,1.34,12,29,4,89.76,newcastle_united,premier_league,27000000
975937,Jacob Ramsey,J. Ramsey,M,41,25.0,England,2,1.19,15,41,3,89.82,newcastle_united,premier_league,36000000
888550,Joe Willock,J. Willock,M,28,26.0,England,0,1.26,7,20,2,84.12,newcastle_united,premier_league,14500000
1014286,Malick Thiaw,M. Thiaw,D,12,24.0,Germany,4,4.72,8,44,0,89.62,newcastle_united,premier_league,41000000
980634,Tino Livramento,T. Livramento,D,21,23.0,England,0,0.14,14,22,1,88.82,newcastle_united,premier_league,44000000
99090,Dan Burn,D. Burn,D,33,34.0,England,1,1.06,2,40,2,79.32,newcastle_united,premier_league,4099999
1136730,Lewis Hall,L. Hall,D,3,21.0,England,1,1.01,37,54,1,85.25,newcastle_united,premier_league,38000000
910046,Sven Botman,S. Botman,D,4,26.0,Netherlands,1,1.74,4,22,1,87.14,newcastle_united,premier_league,33000000
101882,Fabian Schär,F. Schär,D,5,34.0,Switzerland,0,0.98,0,14,0,84.42,newcastle_united,premier_league,3900000
1125214,Alex Murphy,A. Murphy,D,37,22.0,Ireland,0,0.0,0,0,0,100.0,newcastle_united,premier_league,1600000
162653,Nick Pope,N. Pope,G,1,34.0,England,0,0.16,0,1,0,60.33,newcastle_united,premier_league,4800000
1586020,Romelle Donovan,R. Donovan,F,45,19.0,England,0,0.1,5,0,0,56.25,nottingham_forest,premier_league,3700000
1435226,Nils Zätterström,N. Zätterström,D,21,21.0,Sweden,0,0.0,1,2,0,85.22,nottingham_forest,premier_league,3400000
1146091,Damion Downs,D. Downs,F,19,22.0,USA,0,0.59,2,6,0,78.57,southampton,premier_league,3900000
1386651,Leo Scienza,L. Scienza,M,13,27.0,Brazil,1,0.13,3,2,0,75.68,southampton,premier_league,11500000
905347,Yukinari Sugawara,Y. Sugawara,D,3,26.0,Japan,0,1.85,11,36,6,79.87,southampton,premier_league,5000000
839410,Aaron Ramsdale,A. Ramsdale,G,32,28.0,England,0,0.0,0,0,0,66.75,southampton,premier_league,12600000
877013,Valentín Castellanos,T. Castellanos,F,11,27.0,Argentina,6,5.8,2,11,0,64.4,west_ham_united,premier_league,29000000
132645,Niclas Füllkrug,N. Füllkrug,F,11,33.0,Germany,0,0.92,0,2,0,61.29,west_ham_united,premier_league,3700000
1101174,Pablo Felipe,P. Felipe,F,19,22.0,Brazil,0,1.05,9,26,1,73.63,west_ham_united,premier_league,18500000
280439,Maxwel Cornet,M. Cornet,F,22,29.0,Côte d'Ivoire,0,1.54,0,6,0,77.5,west_ham_united,premier_league,1800000
1394099,Callum Marshall,C. Marshall,F,50,21.0,Northern Ireland,0,0.13,1,0,0,50.0,west_ham_united,premier_league,2100000
917005,Crysencio Summerville,C. Summerville,M,7,24.0,Netherlands,5,5.17,51,45,2,82.79,west_ham_united,premier_league,38000000
552884,Jarrod Bowen,J. Bowen,M,20,29.0,England,9,7.26,53,50,11,73.77,west_ham_united,premier_league,29000000
161717,James Ward-Prowse,J. Ward-Prowse,M,8,31.0,England,0,0.22,2,16,1,88.76,west_ham_united,premier_league,4500000
799041,Tomáš Souček,T. Souček,M,28,31.0,Czechia,5,5.68,4,43,0,77.73,west_ham_united,premier_league,9700000
1170560,Soungoutou Magassa,S. Magassa,M,27,22.0,France,1,0.44,5,40,0,80.74,west_ham_united,premier_league,18400000
1523623,Mohamadou Kanté,M. Kanté,M,55,20.0,France,0,0.09,1,6,0,70.97,west_ham_united,premier_league,905000
1089582,Freddie Potts,F. Potts,M,32,22.0,England,0,0.21,2,29,1,83.65,west_ham_united,premier_league,10400000
1212165,George Earthy,G. Earthy,M,40,21.0,England,0,0.0,0,0,0,100.0,west_ham_united,premier_league,1900000
863653,Aaron Wan-Bissaka,A. Wan-Bissaka,D,29,28.0,DR Congo,0,0.0,16,33,2,76.69,west_ham_united,premier_league,14100000
1471764,El Hadji Malick Diouf,E. H. M. Diouf,D,12,21.0,Senegal,0,0.57,23,44,5,74.37,west_ham_united,premier_league,29000000
829022,Konstantinos Mavropanos,K. Mavropanos,D,15,28.0,Greece,3,2.55,2,40,0,82.24,west_ham_united,premier_league,19500000
945217,Jean-Clair Todibo,J. Todibo,D,25,26.0,France,0,0.24,4,38,1,87.34,west_ham_united,premier_league,24000000
823085,Kyle Walker-Peters,K. Walker-Peters,D,2,29.0,England,1,1.13,16,44,0,85.57,west_ham_united,premier_league,11200000
894474,Max Kilman,M. Kilman,D,3,29.0,England,0,0.57,4,16,0,87.92,west_ham_united,premier_league,12600000
1150952,Oliver Scarles,O. Scarles,D,30,20.0,England,0,0.18,2,30,0,80.36,west_ham_united,premier_league,9100000
1652590,Ezra Mayers,E. Mayers,D,63,19.0,England,0,0.12,1,0,0,83.95,west_ham_united,premier_league,1800000
96531,Alphonse Aréola,A. Aréola,G,23,33.0,France,0,0.0,0,0,1,46.67,west_ham_united,premier_league,3700000
856640,Mads Hermansen,M. Hermansen,G,1,26.0,Denmark,0,0.0,0,0,1,58.18,west_ham_united,premier_league,15500000
192442,Raúl Jiménez,R. Jiménez,F,7,35.0,Mexico,9,11.5,10,35,3,63.51,wolverhampton_wanderers,premier_league,3200000
786186,Hwang Hee-chan,H. Hee-chan,F,11,30.0,South Korea,2,2.39,9,10,2,75.4,wolverhampton_wanderers,premier_league,5500000
987734,Tolu Arokodare,T. Arokodare,F,14,25.0,Nigeria,3,5.46,18,7,1,60.37,wolverhampton_wanderers,premier_league,18200000
1899647,Mateus Mané,M. Mané,F,36,18.0,Portugal,3,2.01,31,28,1,76.27,wolverhampton_wanderers,premier_league,18500000
870038,Saša Kalajdžić,S. Kalajdžić,F,18,29.0,Austria,0,0.0,0,0,0,80.0,wolverhampton_wanderers,premier_league,3700000
361352,Adam Armstrong,A. Armstrong,F,9,29.0,England,2,2.74,10,8,2,68.42,wolverhampton_wanderers,premier_league,6500000
845273,Jean-Ricner Bellegarde,J. Bellegarde,M,27,28.0,Haiti,1,0.99,18,28,1,79.44,wolverhampton_wanderers,premier_league,17600000
1015267,João Gomes,J. Gomes,M,8,25.0,Brazil,1,1.28,43,107,1,85.57,wolverhampton_wanderers,premier_league,36000000
1035996,André,André,M,7,25.0,Brazil,1,0.52,19,82,0,91.38,wolverhampton_wanderers,premier_league,26000000
1096210,Jackson Tchatchoua,J. Tchatchoua,M,38,24.0,Cameroon,0,0.33,5,29,1,76.2,wolverhampton_wanderers,premier_league,13200000
894733,Marshall Munetsi,M. Munetsi,M,5,30.0,Zimbabwe,1,1.61,5,21,1,63.31,wolverhampton_wanderers,premier_league,15500000
1006073,Rodrigo Gomes,R. Gomes,M,21,23.0,Portugal,3,2.15,8,23,0,72.24,wolverhampton_wanderers,premier_league,14600000
1526628,Fer López,F. López,M,28,22.0,Spain,0,0.16,3,1,1,72.82,wolverhampton_wanderers,premier_league,17500000
1013928,Hugo Bueno,H. Bueno,M,3,23.0,Spain,1,0.86,31,67,2,80.54,wolverhampton_wanderers,premier_league,13000000
982613,Boubacar Traoré,B. Traoré,M,6,24.0,Mali,1,0.99,18,47,0,86.66,wolverhampton_wanderers,premier_league,3900000
1005725,Tawanda Chirewa,T. Chirewa,M,23,22.0,Zimbabwe,0,0.0,0,3,0,100.0,wolverhampton_wanderers,premier_league,440000
69256,Kieran Trippier,K. Trippier,D,2,35.0,England,0,0.08,4,26,1,81.15,wolverhampton_wanderers,premier_league,1400000
856250,Ladislav Krejčí,L. Krejčí,D,37,27.0,Czechia,2,2.22,2,32,1,82.54,wolverhampton_wanderers,premier_league,21000000
1597270,Pedro Lima,P. Lima,D,17,20.0,Brazil,0,0.34,1,8,0,63.64,wolverhampton_wanderers,premier_league,3900000
1014835,Yerson Mosquera,Y. Mosquera,D,15,25.0,Colombia,0,2.52,9,62,0,80.53,wolverhampton_wanderers,premier_league,13000000
1031283,David Møller Wolfe,D. M. Wolfe,D,6,24.0,Norway,0,0.12,5,10,2,74.23,wolverhampton_wanderers,premier_league,7300000
846308,Santiago Bueno,S. Bueno,D,4,27.0,Uruguay,3,2.28,0,50,1,86.45,wolverhampton_wanderers,premier_league,9200000
973418,Toti Gomes,T. Gomes,D,24,27.0,Portugal,0,0.53,10,23,0,85.91,wolverhampton_wanderers,premier_league,18700000
954044,Ki-Jana Hoever,K. Hoever,D,26,24.0,Netherlands,0,0.02,5,13,0,68.83,wolverhampton_wanderers,premier_league,3300000
252669,José Sá,J. Sá,G,1,33.0,Portugal,0,0.0,0,1,0,59.94,wolverhampton_wanderers,premier_league,3300000
98427,Sam Johnstone,S. Johnstone,G,31,33.0,England,0,0.0,0,2,0,55.94,wolverhampton_wanderers,premier_league,2100000
101367,Daniel Bentley,D. Bentley,G,25,33.0,England,0,0.0,0,0,0,50.0,wolverhampton_wanderers,premier_league,730000
851284,Rafael Leão,R. Leão,F,10,27.0,Portugal,9,9.88,26,6,3,83.68,ac_milan,serie_a,48000000
769333,Christopher Nkunku,C. Nkunku,F,18,28.0,France,7,9.48,9,5,3,88.3,ac_milan,serie_a,26000000
817957,Christian Pulišić,C. Pulišić,F,11,27.0,USA,8,8.07,32,15,4,85.95,ac_milan,serie_a,43000000
892141,Santiago Giménez,S. Giménez,F,7,25.0,Mexico,0,3.38,3,8,1,80.6,ac_milan,serie_a,18600000
934510,Gonçalo Ramos,G. Ramos,F,9,25.0,Portugal,6,9.0,17,13,1,83.24,ac_milan,serie_a,28000000
822470,Samuel Chukwueze,S. Chukwueze,F,21,27.0,Nigeria,3,2.07,18,6,4,73.85,ac_milan,serie_a,18500000
1520771,Francesco Camarda,F. Camarda,F,22,18.0,Italy,1,1.86,3,3,0,71.03,ac_milan,serie_a,15500000
805465,Pervis Estupiñán,P. Estupiñán,M,2,28.0,Ecuador,1,0.39,2,15,1,86.72,ac_milan,serie_a,11100000
250737,Adrien Rabiot,A. Rabiot,M,12,31.0,France,6,4.28,20,57,4,85.58,ac_milan,serie_a,17300000
901891,Alexis Saelemaekers,A. Saelemaekers,M,56,27.0,Belgium,3,3.31,50,73,3,83.86,ac_milan,serie_a,21000000
284441,Ruben Loftus-Cheek,R. Loftus-Cheek,M,8,30.0,England,3,3.16,12,14,1,84.48,ac_milan,serie_a,9000000
945062,Youssouf Fofana,Y. Fofana,M,19,27.0,France,2,3.68,13,41,3,82.69,ac_milan,serie_a,25000000
1390489,Davide Bartesaghi,D. Bartesaghi,M,33,20.0,Italy,2,1.11,12,49,0,85.79,ac_milan,serie_a,20000000
1034082,Ardon Jashari,A. Jashari,M,30,23.0,Switzerland,0,0.22,6,14,1,91.03,ac_milan,serie_a,24000000
930189,Samuele Ricci,S. Ricci,M,4,24.0,Italy,1,1.53,5,16,4,90.11,ac_milan,serie_a,20000000
983815,Yunus Musah,Y. Musah,M,80,23.0,USA,1,0.62,14,10,0,88.01,ac_milan,serie_a,14500000
1000366,Warren Bondo,W. Bondo,M,38,22.0,France,0,0.25,15,31,0,89.82,ac_milan,serie_a,5700000
965893,Strahinja Pavlović,S. Pavlović,D,31,25.0,Serbia,5,3.53,17,54,1,90.8,ac_milan,serie_a,38000000
788255,Fikayo Tomori,F. Tomori,D,23,28.0,England,0,0.59,3,65,2,90.2,ac_milan,serie_a,15700000
1001828,Koni De Winter,K. De Winter,D,5,24.0,Belgium,1,0.69,3,29,1,91.37,ac_milan,serie_a,22000000
826195,Matteo Gabbia,M. Gabbia,D,46,26.0,Italy,0,1.39,0,21,0,91.93,ac_milan,serie_a,17500000
965828,Mario Gila,M. Gila,D,34,25.0,Spain,0,1.43,6,46,0,90.66,ac_milan,serie_a,31000000
1409700,Zachary Athekame,Z. Athekame,D,24,21.0,Switzerland,2,0.4,5,15,2,80.45,ac_milan,serie_a,15500000
1034303,Filippo Terracciano,F. Terracciano,D,24,23.0,Italy,2,1.88,5,33,0,86.19,ac_milan,serie_a,4600000
1424191,David Odogu,D. Odogu,D,27,20.0,Germany,0,0.0,0,0,0,50.0,ac_milan,serie_a,4600000
191210,Mike Maignan,M. Maignan,G,16,31.0,France,0,0.0,3,0,0,77.63,ac_milan,serie_a,22000000
136856,Pietro Terracciano,P. Terracciano,G,1,36.0,Italy,0,0.0,0,0,0,93.55,ac_milan,serie_a,960000
1116577,Santiago Castro,S. Castro,F,9,21.0,Argentina,7,7.23,16,10,2,76.8,atalanta,serie_a,29000000
294597,Federico Bernardeschi,F. Bernardeschi,F,10,32.0,Italy,4,3.02,24,7,2,87.22,atalanta,serie_a,3600000
1065261,Jonathan Rowe,J. Rowe,F,11,23.0,England,3,3.99,49,21,2,80.93,atalanta,serie_a,29000000
905381,Thijs Dallinga,T. Dallinga,F,24,25.0,Netherlands,2,2.94,2,7,2,71.24,atalanta,serie_a,9800000
971005,Nicolò Cambiaghi,N. Cambiaghi,F,28,25.0,Italy,3,2.13,15,30,4,83.38,atalanta,serie_a,12600000
1127191,Oussama El Azzouzi,O. E. Azzouzi,M,17,25.0,Morocco,1,0.52,6,19,0,90.67,atalanta,serie_a,1900000
793645,Riccardo Orsolini,R. Orsolini,M,7,29.0,Italy,10,9.68,32,21,1,70.41,atalanta,serie_a,15800000
907152,Lewis Ferguson,L. Ferguson,M,19,26.0,Scotland,1,0.67,3,26,0,87.7,atalanta,serie_a,13000000
1162611,Benjamín Domínguez,B. Domínguez,M,30,22.0,Argentina,0,0.67,9,9,3,80.17,atalanta,serie_a,9400000
814882,Nikola Moro,N. Moro,M,6,28.0,Croatia,2,0.93,13,32,0,84.98,atalanta,serie_a,7200000
826064,Jens Odgaard,J. Odgaard,M,21,27.0,Denmark,5,2.46,7,21,1,73.01,atalanta,serie_a,11400000
928796,Tommaso Pobega,T. Pobega,M,4,27.0,Italy,3,1.69,7,37,1,77.25,atalanta,serie_a,8199999
818481,Jhon Lucumí,J. Lucumí,D,26,28.0,Colombia,1,0.96,5,41,0,89.57,atalanta,serie_a,23000000
855829,Juan Miranda,J. Miranda,D,33,26.0,Spain,1,0.61,8,49,3,83.24,atalanta,serie_a,15700000
965264,Emil Holm,E. Holm,D,2,26.0,Sweden,1,1.28,7,30,4,78.34,atalanta,serie_a,9000000
933264,Torbjørn Heggem,T. Heggem,D,14,27.0,Norway,0,1.14,8,32,0,91.72,atalanta,serie_a,12200000
1085913,Martin Vitík,M. Vitík,D,41,23.0,Czechia,0,0.36,2,36,0,87.96,atalanta,serie_a,13400000
928104,Nadir Zortea,N. Zortea,D,20,27.0,Italy,0,0.43,20,26,2,79.92,atalanta,serie_a,6600000
1486808,Eivind Helland,E. Helland,D,5,21.0,Norway,0,0.07,0,7,0,87.76,atalanta,serie_a,7400000
862697,Nicolò Casale,N. Casale,D,16,28.0,Italy,0,0.74,0,7,0,86.27,atalanta,serie_a,4099999
14718,Lorenzo De Silvestri,L. De Silvestri,D,,38.0,Italy,0,0.0,1,2,0,85.79,atalanta,serie_a,540000
44906,Łukasz Skorupski,Ł. Skorupski,G,1,35.0,Poland,0,0.0,0,0,0,73.37,atalanta,serie_a,1900000
850952,Federico Ravaglia,F. Ravaglia,G,13,26.0,Italy,0,0.0,1,3,0,74.44,atalanta,serie_a,1600000
1530540,Massimo Pessina,M. Pessina,G,25,18.0,Italy,0,0.0,0,0,0,66.18,atalanta,serie_a,3800000
798002,Toma Bašić,T. Bašić,M,26,29.0,Croatia,2,1.41,1,21,3,87.43,bologna,serie_a,3100000
886628,Þórir Jóhann Helgason,T. Helgason,M,,25.0,Iceland,0,0.21,6,2,0,71.74,bologna,serie_a,1700000
976025,Armel Bella-Kotchap,A. Bella-Kotchap,D,37,24.0,Germany,0,0.11,1,20,0,84.28,bologna,serie_a,6700000
851282,Thierry Correia,T. Correia,D,12,27.0,Portugal,0,0.35,8,31,2,81.64,bologna,serie_a,2600000
965008,Sebastiano Esposito,S. Esposito,F,70,24.0,Italy,7,4.98,17,56,5,75.52,cagliari,serie_a,13700000
2049928,Paul Mendy,P. Mendy,F,31,19.0,Senegal,2,1.88,2,0,0,70.27,cagliari,serie_a,6700000
1012179,Jacopo Fazzini,J. Fazzini,F,22,23.0,Italy,0,1.06,9,18,0,74.47,cagliari,serie_a,8199999
979479,Gennaro Borrelli,G. Borrelli,F,29,26.0,Italy,5,3.18,6,15,1,70.04,cagliari,serie_a,2900000
975811,Mattia Felici,M. Felici,F,17,25.0,Italy,2,0.62,7,11,1,67.62,cagliari,serie_a,2600000
1615784,Yael Trepy,Y. Trepy,F,37,20.0,France,1,0.61,2,2,0,60.0,cagliari,serie_a,1900000
1111640,Matteo Prati,M. Prati,M,16,22.0,Italy,1,1.57,7,39,1,79.76,cagliari,serie_a,5000000
928777,Michel Adopo,M. N. Adopo,M,8,25.0,France,1,2.51,14,57,2,82.29,cagliari,serie_a,6800000
1910527,Joseph Liteta,J. Liteta,M,27,20.0,Zambia,0,0.0,2,5,0,84.73,cagliari,serie_a,3800000
1417034,Alessandro Romano,A. Romano,M,60,20.0,Switzerland,0,0.0,1,0,0,85.71,cagliari,serie_a,1900000
328109,Alessandro Deiola,A. Deiola,M,14,30.0,Italy,0,1.53,3,35,2,81.34,cagliari,serie_a,1400000
1464187,Agustín Albarracín,A. Albarracín,M,20,20.0,Uruguay,0,0.0,0,0,0,87.5,cagliari,serie_a,2400000
1013041,Nicolò Cavuoti,N. Cavuoti,M,21,23.0,Italy,0,0.0,1,0,0,85.71,cagliari,serie_a,360000
360396,Yerry Mina,Y. Mina,D,26,31.0,Colombia,2,1.58,2,32,0,91.51,cagliari,serie_a,2300000
1485391,Juan Rodríguez,J. Rodríguez,D,15,21.0,Uruguay,1,0.75,1,37,0,88.67,cagliari,serie_a,9400000
964153,Adam Obert,A. Obert,D,33,23.0,Slovakia,0,1.43,16,68,3,81.72,cagliari,serie_a,6400000
945448,Zé Pedro,Z. Pedro,D,32,29.0,Portugal,0,0.79,5,31,1,86.99,cagliari,serie_a,3200000
927304,Gabriele Zappa,G. Zappa,D,28,26.0,Italy,0,0.9,5,28,3,84.37,cagliari,serie_a,2900000
1123175,Riyad Idrissi,R. Idrissi,D,3,21.0,Italy,2,0.53,8,21,0,79.79,cagliari,serie_a,4099999
1469998,Othniël Raterink,O. Raterink,D,18,20.0,Netherlands,0,0.0,0,0,0,83.33,cagliari,serie_a,1000000
947954,Elia Caprile,E. Caprile,G,1,24.0,Italy,0,0.0,0,0,0,63.79,cagliari,serie_a,14100000
835601,Moise Kean,M. Kean,F,20,26.0,Italy,8,15.06,25,6,1,72.3,fiorentina,serie_a,33000000
804909,Albert Guðmundsson,A. Guðmundsson,F,10,29.0,Iceland,5,5.58,20,8,4,86.77,fiorentina,serie_a,10900000
788061,M'bala Nzola,M. Nzola,F,18,29.0,Angola,4,7.32,19,8,1,78.79,fiorentina,serie_a,3900000
958982,Roberto Piccoli,R. Piccoli,F,91,25.0,Italy,4,6.48,9,8,1,65.79,fiorentina,serie_a,13300000
893640,Riccardo Sottil,R. Sottil,F,7,27.0,Italy,1,0.67,13,4,2,82.4,fiorentina,serie_a,3100000
1526932,Riccardo Braschi,R. Braschi,F,61,19.0,Italy,0,0.14,2,2,0,61.11,fiorentina,serie_a,2100000
1121333,Amir Richardson,A. Richardson,M,24,24.0,Morocco,0,0.02,1,1,0,68.97,fiorentina,serie_a,3900000
901850,Nicolò Fagioli,N. Fagioli,M,44,25.0,Italy,2,2.53,19,46,3,89.95,fiorentina,serie_a,14700000
822518,Dodô,Dodô,M,2,27.0,Brazil,1,2.18,46,29,2,83.57,fiorentina,serie_a,17400000
1114422,Cher Ndour,C. Ndour,M,27,21.0,Italy,3,2.61,7,35,0,82.8,fiorentina,serie_a,18900000
1444690,Arthur Atta,A. Atta,M,14,23.0,France,5,4.03,63,27,3,83.16,fiorentina,serie_a,27000000
548178,Rolando Mandragora,R. Mandragora,M,8,29.0,Italy,7,4.7,6,45,3,84.44,fiorentina,serie_a,8600000
1067204,Giovanni Fabbian,G. Fabbian,M,80,23.0,Italy,2,2.44,6,12,0,79.73,fiorentina,serie_a,9300000
928800,Marco Brescianini,M. Brescianini,M,4,26.0,Italy,2,1.81,8,13,1,83.16,fiorentina,serie_a,8300000
909991,Simon Sohm,S. Sohm,M,7,25.0,Switzerland,0,0.79,11,20,1,85.46,fiorentina,serie_a,7800000
997103,Radu Drăguşin,R. Drăguşin,D,3,24.0,Romania,0,0.32,1,5,0,77.82,fiorentina,serie_a,14800000
1184308,Álex Jiménez,A. Jiménez,D,20,21.0,Spain,1,1.13,39,69,0,80.18,fiorentina,serie_a,19900000
377118,Robin Gosens,R. Gosens,D,21,32.0,Germany,3,2.86,0,31,1,79.51,fiorentina,serie_a,4099999
847467,Marin Pongračić,M. Pongračić,D,5,28.0,Croatia,0,0.7,16,31,0,91.64,fiorentina,serie_a,5900000
1210848,Pietro Comuzzo,P. Comuzzo,D,15,21.0,Italy,1,1.03,1,32,0,90.32,fiorentina,serie_a,18500000
1496360,Matias Moreno,M. Moreno,D,22,22.0,Argentina,0,0.96,4,33,0,85.83,fiorentina,serie_a,5800000
1116570,Nicolás Valentini,N. Valentini,D,14,25.0,Argentina,0,0.92,5,31,0,71.73,fiorentina,serie_a,3100000
893998,Luca Ranieri,L. Ranieri,D,6,27.0,Italy,1,1.89,6,34,0,85.83,fiorentina,serie_a,6200000
972886,Fabiano Parisi,F. Parisi,D,65,25.0,Italy,1,1.28,31,21,1,84.98,fiorentina,serie_a,5500000
1499054,Luís Balbo,L. Balbo,D,62,20.0,Venezuela,0,0.0,0,6,0,66.67,fiorentina,serie_a,3100000
1526934,Niccolò Fortini,N. Fortini,D,29,20.0,Italy,0,0.25,8,22,0,87.62,fiorentina,serie_a,10900000
69378,David De Gea,D. De Gea,G,43,35.0,Spain,0,0.0,0,0,0,66.26,fiorentina,serie_a,3300000
860306,Oliver Christensen,O. Christensen,G,53,27.0,Denmark,0,0.0,0,0,0,73.17,fiorentina,serie_a,1400000
139272,Luca Lezzerini,L. Lezzerini,G,1,31.0,Italy,0,0.0,0,0,0,60.0,fiorentina,serie_a,365000
930191,Lorenzo Colombo,L. Colombo,F,29,24.0,Italy,7,8.33,19,20,1,70.44,genoa,serie_a,10900000
1093695,Vitinha,Vitinha,F,9,26.0,Portugal,5,6.21,36,39,1,66.92,genoa,serie_a,8400000
888219,Junior Messias,J. Messias,F,10,35.0,Brazil,3,1.86,20,20,1,76.15,genoa,serie_a,1100000
1618563,Lorenzo Venturino,L. Venturino,F,76,20.0,Italy,0,0.17,4,0,0,80.41,genoa,serie_a,4600000
1605324,Joi Xheto Nuredini,J. Nuredini,F,86,18.0,Albania,0,0.0,0,0,0,0.0,genoa,serie_a,1100000
1012172,Tommaso Baldanzi,T. Baldanzi,M,35,23.0,Italy,1,2.01,5,16,2,87.9,genoa,serie_a,8000000
918440,Morten Frendrup,M. Frendrup,M,32,25.0,Denmark,1,0.4,8,99,0,87.84,genoa,serie_a,14400000
797286,Aarón Martín,A. Martín,M,3,29.0,Spain,1,1.32,13,43,5,78.83,genoa,serie_a,4900000
1511706,Alexsandro Amorim,Amorim,M,4,21.0,Brazil,0,0.16,7,16,0,85.46,genoa,serie_a,8800000
933203,Mikael Ellertsson,M. Ellertsson,M,77,24.0,Iceland,1,2.27,11,44,1,75.55,genoa,serie_a,5600000
970998,Patrizio Masini,P. Masini,M,73,25.0,Italy,0,1.87,2,68,1,74.34,genoa,serie_a,4400000
184421,Stefano Sabelli,S. Sabelli,M,20,33.0,Italy,0,0.52,1,22,0,69.28,genoa,serie_a,1300000
1643838,Jacopo Grossi,J. Grossi,M,80,19.0,Italy,0,0.06,0,0,0,92.86,genoa,serie_a,520000
889785,Johan Vásquez,J. Vásquez,D,22,27.0,Mexico,1,1.29,8,59,0,85.56,genoa,serie_a,11300000
879746,Leo Østigård,L. Østigård,D,5,26.0,Norway,5,3.39,1,36,1,88.95,genoa,serie_a,14300000
1177401,Alan Matturro,A. Matturro,D,33,21.0,Uruguay,1,0.62,0,21,1,82.49,genoa,serie_a,4099999
1087514,Brooke Norton-Cuffy,B. Norton-Cuffy,D,15,22.0,England,2,1.6,32,43,1,81.11,genoa,serie_a,15500000
1404639,Sebastian Otoa,S. Otoa,D,34,22.0,Denmark,0,0.09,3,11,0,90.61,genoa,serie_a,2700000
1068885,Alessandro Marcandalli,A. Marcandalli,D,27,23.0,Italy,0,0.34,4,33,2,82.95,genoa,serie_a,14800000
1526308,Mamedi Doucoure,M. Doucouré,D,74,19.0,France,0,0.0,0,0,0,100.0,genoa,serie_a,390000
556696,Justin Bijlow,J. Bijlow,G,16,28.0,Netherlands,0,0.0,0,0,0,75.08,genoa,serie_a,4099999
964154,Tomáš Suslov,T. Suslov,F,10,24.0,Slovakia,0,0.56,4,8,0,83.33,hellas_verona,serie_a,3900000
1018179,Daniel Mosquera,D. Mosquera,F,25,26.0,Colombia,0,0.71,7,5,2,73.68,hellas_verona,serie_a,1700000
1022204,Amin Sarr,A. Sarr,F,9,25.0,Sweden,0,1.27,10,15,1,75.26,hellas_verona,serie_a,2600000
983601,Kieron Bowie,K. Bowie,F,18,23.0,Scotland,4,4.25,5,9,0,70.0,hellas_verona,serie_a,7500000
1471239,Isaac,Isaac,F,41,22.0,Brazil,0,0.0,1,0,0,90.91,hellas_verona,serie_a,765000
1152477,Ioan Vermesan,I. Vermesan,F,90,19.0,Romania,0,0.29,0,0,0,75.0,hellas_verona,serie_a,970000
1103488,Rafik Belghali,R. Belghali,M,7,24.0,Algeria,2,2.17,39,21,0,76.83,hellas_verona,serie_a,7200000
897594,Domagoj Bradarić,D. Bradarić,M,12,26.0,Croatia,0,0.62,7,30,1,75.89,hellas_verona,serie_a,1600000
972523,Cheikh Niasse,C. Niasse,M,36,26.0,Senegal,0,0.17,4,21,1,81.16,hellas_verona,serie_a,1800000
915812,Abdou Harroui,A. Harroui,M,21,28.0,Morocco,1,1.2,11,27,0,81.72,hellas_verona,serie_a,1600000
800408,Suat Serdar,S. Serdar,M,8,29.0,Germany,2,2.15,9,31,0,71.9,hellas_verona,serie_a,2600000
791566,Grigoris Kastanos,G. Kastanos,M,28,28.0,Cyprus,0,0.02,1,5,0,69.23,hellas_verona,serie_a,1400000
837080,Antoine Bernede,A. Bernede,M,24,27.0,France,1,1.36,17,70,2,77.42,hellas_verona,serie_a,3400000
1211005,Yellu Santiago,J. Santiago,M,20,22.0,Spain,0,0.02,1,2,0,57.14,hellas_verona,serie_a,630000
998830,Daniel Oyegoke,D. Oyegoke,M,2,23.0,England,0,0.07,7,16,0,75.14,hellas_verona,serie_a,925000
1133236,Tobias Slotsager,T. Slotsager,D,19,20.0,Denmark,0,0.14,0,14,0,77.53,hellas_verona,serie_a,3100000
906963,Andrias Edmundsson,A. Edmundsson,D,5,25.0,Faroe Islands,0,0.19,1,26,0,75.38,hellas_verona,serie_a,3100000
874812,Martin Frese,M. Frese,D,3,28.0,Denmark,2,1.73,0,84,0,75.07,hellas_verona,serie_a,2700000
1945133,Fallou Cham,F. Cham,D,70,20.0,Gambia,0,0.35,1,14,0,60.38,hellas_verona,serie_a,920000
98059,Nicola Leali,N. Leali,G,,33.0,Italy,0,0.0,0,1,0,64.35,hellas_verona,serie_a,920000
253391,Lorenzo Montipò,L. Montipò,G,1,30.0,Italy,0,0.0,1,1,1,46.34,hellas_verona,serie_a,1200000
253369,Simone Perilli,S. Perilli,G,,31.0,Italy,0,0.0,0,0,0,47.44,hellas_verona,serie_a,375000
823984,Lautaro Martínez,L. Martínez,F,10,28.0,Argentina,17,13.5,21,24,6,78.17,inter,serie_a,80000000
791702,Marcus Thuram,M. Thuram,F,9,28.0,France,13,9.43,17,24,6,75.63,inter,serie_a,52000000
1086223,Ange-Yoan Bonny,A. Bonny,F,14,22.0,Côte d'Ivoire,5,3.79,20,17,4,79.55,inter,serie_a,34000000
1156616,Francesco Pio Esposito,F. P. Esposito,F,94,21.0,Italy,7,7.4,4,9,3,73.15,inter,serie_a,47000000
135700,Hakan Çalhanoğlu,H. Çalhanoğlu,M,20,32.0,Türkiye,9,5.65,5,34,4,90.65,inter,serie_a,16700000
363856,Nicolò Barella,N. Barella,M,23,29.0,Italy,3,3.16,25,54,8,85.74,inter,serie_a,54000000
138605,Piotr Zieliński,P. Zieliński,M,7,32.0,Poland,6,2.47,18,31,3,92.31,inter,serie_a,10300000
284361,Federico Dimarco,F. Dimarco,M,32,28.0,Italy,7,5.22,7,50,17,83.25,inter,serie_a,48000000
1091303,Petar Sučić,P. Sučić,M,8,22.0,Croatia,2,1.66,15,46,2,89.34,inter,serie_a,44000000
37151,Henrikh Mkhitaryan,H. Mkhitaryan,M,22,37.0,Armenia,4,4.92,12,33,1,88.06,inter,serie_a,2900000
977679,Luís Henrique,L. Henrique,M,11,24.0,Brazil,1,0.88,13,20,2,86.85,inter,serie_a,24000000
996820,Kristjan Asllani,K. Asllani,M,21,24.0,Albania,0,1.39,3,21,0,84.12,inter,serie_a,12400000
835600,Davide Frattesi,D. Frattesi,M,16,26.0,Italy,0,2.17,5,15,0,77.69,inter,serie_a,20000000
1048889,Andy Diouf,A. Diouf,M,17,23.0,France,1,0.6,12,12,0,85.47,inter,serie_a,22000000
1525367,Ebenezer Akinsanmiro,E. Akinsanmiro,M,41,21.0,Nigeria,0,0.86,21,39,1,85.66,inter,serie_a,6700000
383560,Manuel Akanji,M. Akanji,D,25,30.0,Switzerland,2,2.05,1,48,0,92.12,inter,serie_a,15500000
826188,Alessandro Bastoni,A. Bastoni,D,95,27.0,Italy,1,1.35,6,51,4,87.46,inter,serie_a,61000000
787505,Benjamin Pavard,B. Pavard,D,5,30.0,France,0,0.05,0,2,0,95.24,inter,serie_a,12700000
929199,Carlos Augusto,C. Augusto,D,30,27.0,Brazil,1,1.46,6,37,1,89.04,inter,serie_a,22000000
906275,Yann Bisseck,Y. Bisseck,D,31,25.0,Germany,3,2.52,8,27,1,92.68,inter,serie_a,47000000
845291,Josep Martínez,J. Martínez,G,13,28.0,Spain,0,0.0,0,0,0,86.96,inter,serie_a,10500000
308182,Ivan Provedel,I. Provedel,G,94,32.0,Italy,0,0.0,1,0,0,75.29,inter,serie_a,2800000
301162,Raffaele Di Gennaro,R. Di Gennaro,G,12,32.0,Italy,0,0.0,0,0,0,57.14,inter,serie_a,325000
1149011,Kenan Yıldız,K. Yıldız,F,10,21.0,Türkiye,10,8.17,78,26,6,84.14,juventus,serie_a,72000000
935564,Jonathan David,J. David,F,30,26.0,Canada,6,8.81,6,17,4,78.82,juventus,serie_a,29000000
979222,Francisco Conceição,F. Conceição,F,7,23.0,Portugal,3,7.77,54,34,5,87.28,juventus,serie_a,28000000
835480,Loïs Openda,L. Openda,F,20,26.0,Belgium,1,3.57,4,6,0,72.85,juventus,serie_a,27000000
161325,Arkadiusz Milik,A. Milik,F,14,32.0,Poland,0,0.09,1,0,0,81.82,juventus,serie_a,1600000
887766,Edon Zhegrova,E. Zhegrova,F,11,27.0,Kosovo,0,0.82,21,5,0,82.53,juventus,serie_a,9500000
367056,Jérémie Boga,J. Boga,F,13,29.0,Côte d'Ivoire,4,2.87,22,7,0,82.63,juventus,serie_a,7700000
1613917,Jeff Ekhator,J. Ekhator,F,21,19.0,Italy,3,2.89,12,12,0,58.66,juventus,serie_a,19200000
901325,Nicolás González,N. González,M,11,28.0,Argentina,0,0.13,0,0,0,40.0,juventus,serie_a,23000000
904832,Khéphren Thuram,K. Thuram,M,19,25.0,France,3,3.09,23,60,3,86.79,juventus,serie_a,36000000
867887,Douglas Luiz,D. Luiz,M,26,28.0,Brazil,1,0.53,6,23,0,90.05,juventus,serie_a,19200000
363860,Manuel Locatelli,M. Locatelli,M,5,28.0,Italy,1,2.76,10,102,2,88.16,juventus,serie_a,24000000
881931,Weston McKennie,W. McKennie,M,22,27.0,USA,5,7.54,17,40,5,83.15,juventus,serie_a,31000000
794927,Arthur,Arthur,M,98,29.0,Brazil,1,0.92,14,20,3,83.7,juventus,serie_a,4200000
803033,Teun Koopmeiners,T. Koopmeiners,M,8,28.0,Netherlands,0,1.5,5,33,0,90.7,juventus,serie_a,13200000
917048,Andrea Cambiaso,A. Cambiaso,M,27,26.0,Italy,3,2.95,9,61,4,88.03,juventus,serie_a,21000000
1149288,Vasilije Adžić,V. Adžić,M,17,20.0,Montenegro,1,0.23,1,4,0,86.0,juventus,serie_a,8800000
1010223,Fabio Miretti,F. Miretti,M,21,22.0,Italy,1,2.12,7,19,2,85.75,juventus,serie_a,14600000
885197,Bremer,Bremer,D,3,29.0,Brazil,4,2.79,1,28,3,89.51,juventus,serie_a,33000000
965330,Pierre Kalulu,P. Kalulu,D,15,26.0,France,2,1.75,7,62,4,88.85,juventus,serie_a,31000000
1128063,Federico Gatti,F. Gatti,D,4,28.0,Italy,2,2.1,1,12,0,90.7,juventus,serie_a,13200000
988037,Juan Cabal,J. Cabal,D,32,25.0,Colombia,2,0.79,1,9,0,80.6,juventus,serie_a,7200000
865167,Lloyd Kelly,L. Kelly,D,6,27.0,England,1,1.09,18,48,1,88.93,juventus,serie_a,24000000
902031,João Mário,J. Mário,D,25,26.0,Portugal,1,0.28,15,14,0,78.46,juventus,serie_a,8600000
139273,Daniele Rugani,D. Rugani,D,24,31.0,Italy,0,0.1,0,8,0,91.64,juventus,serie_a,2100000
844609,Michele Di Gregorio,M. Di Gregorio,G,16,28.0,Italy,0,0.0,1,0,0,75.86,juventus,serie_a,9600000
79645,Mattia Perin,M. Perin,G,1,33.0,Italy,0,0.0,0,0,0,85.09,juventus,serie_a,1900000
960080,Boulaye Dia,B. Dia,F,19,29.0,Senegal,1,2.16,5,13,2,83.08,lazio,serie_a,4900000
293581,Mattia Zaccagni,M. Zaccagni,F,10,31.0,Italy,3,4.07,23,37,0,82.54,lazio,serie_a,6800000
976381,Gustav Isaksen,G. Isaksen,F,18,25.0,Denmark,5,5.01,27,16,1,80.74,lazio,serie_a,16399999
1101942,Petar Ratkov,P. Ratkov,F,20,22.0,Serbia,0,0.59,0,3,0,60.0,lazio,serie_a,8400000
1017649,Matteo Cancellieri,M. Cancellieri,F,22,24.0,Italy,4,4.27,14,42,2,76.81,lazio,serie_a,7200000
1069244,Tijjani Noslin,T. Noslin,F,14,27.0,Netherlands,4,4.84,17,7,2,81.18,lazio,serie_a,7200000
1389689,Reda Belahyane,R. Belahyane,M,21,22.0,Morocco,0,0.21,7,13,2,85.77,lazio,serie_a,6600000
959806,Kenneth Taylor,K. Taylor,M,24,24.0,Netherlands,3,2.04,8,21,2,88.71,lazio,serie_a,26000000
910121,Fisayo Dele-Bashiru,F. Dele-Bashiru,M,7,25.0,Nigeria,1,0.87,5,19,0,92.2,lazio,serie_a,6500000
937324,Nicolò Rovella,N. Rovella,M,6,24.0,Italy,0,0.03,6,11,1,92.68,lazio,serie_a,25000000
1100354,Romano Floriani Mussolini,R. F. Mussolini,M,22,23.0,Italy,0,0.41,6,27,1,70.13,lazio,serie_a,2600000
1466806,Adrian Przyborek,A. Przyborek,M,28,19.0,Poland,0,0.02,0,0,0,87.5,lazio,serie_a,6200000
317301,Danilo Cataldi,D. Cataldi,M,32,31.0,Italy,3,2.99,6,34,3,85.15,lazio,serie_a,3700000
944973,Nuno Tavares,N. Tavares,D,17,26.0,Portugal,0,0.65,23,30,0,86.37,lazio,serie_a,12600000
227864,Alessio Romagnoli,A. Romagnoli,D,13,31.0,Italy,0,1.46,1,23,0,93.25,lazio,serie_a,6200000
826186,Luca Pellegrini,L. Pellegrini,D,3,27.0,Italy,1,0.69,10,27,0,80.12,lazio,serie_a,4400000
267619,Adam Marušić,A. Marušić,D,77,33.0,Montenegro,1,1.31,6,35,2,87.03,lazio,serie_a,2700000
830803,Danilho Doekhi,D. Doekhi,D,,28.0,Netherlands,5,4.25,3,44,0,77.34,lazio,serie_a,13900000
273405,Manuel Lazzari,M. Lazzari,D,29,32.0,Italy,0,0.15,10,13,0,85.64,lazio,serie_a,2200000
1160559,Oliver Provstgaard,O. Provstgaard,D,25,23.0,Denmark,0,0.33,1,12,0,92.37,lazio,serie_a,16500000
797290,Alfonso Pedraza,A. Pedraza,D,24,30.0,Spain,1,1.13,20,41,3,78.94,lazio,serie_a,2400000
217784,Patric,Patric,D,4,33.0,Spain,0,0.29,2,2,0,91.42,lazio,serie_a,1400000
1518983,Edoardo Motta,E. Motta,G,40,21.0,Italy,0,0.0,0,0,0,71.31,lazio,serie_a,8300000
984095,Alessio Furlanetto,A. Furlanetto,G,55,24.0,Italy,0,0.0,0,0,0,82.22,lazio,serie_a,365000
1029748,Nikola Štulić,N. Štulić,F,9,24.0,Serbia,4,4.54,4,12,0,68.79,lecce,serie_a,3200000
984998,Santiago Pierotti,S. Pierotti,F,50,25.0,Argentina,1,3.3,39,83,2,75.31,lecce,serie_a,4200000
978327,N'Dri Konan,N. Konan,F,11,25.0,Niger,2,1.03,10,11,0,69.7,lecce,serie_a,1500000
911350,Lameck Banda,L. Banda,M,19,25.0,Zambia,5,2.77,34,27,4,80.12,lecce,serie_a,3400000
804621,Lassana Coulibaly,L. Coulibaly,M,29,30.0,Mali,3,2.79,24,48,1,81.95,lecce,serie_a,2300000
849274,Youssef Maleh,Y. Maleh,M,29,27.0,Morocco,1,1.0,7,38,0,78.4,lecce,serie_a,1600000
1142149,Medon Berisha,M. Berisha,M,10,22.0,Albania,2,1.22,3,21,3,81.32,lecce,serie_a,4900000
1175854,Oumar Ngom,O. Ngom,M,79,22.0,Mauritania,0,0.23,6,24,0,82.38,lecce,serie_a,2700000
1019125,Omri Gandelman,O. Gandelman,M,16,26.0,Israel,2,1.4,2,9,1,63.79,lecce,serie_a,2800000
1127590,Mohamed Kaba,M. Kaba,M,21,24.0,Guinea,0,0.47,9,12,0,76.34,lecce,serie_a,2400000
1130662,Sadik Fofana,S. Fofana,M,8,23.0,Togo,0,0.16,1,2,0,51.85,lecce,serie_a,760000
1157382,Alex Sala,A. Sala,M,6,25.0,Spain,0,0.25,0,4,1,86.67,lecce,serie_a,1000000
1403088,Olaf Gorter,O. Gorter,M,28,21.0,Netherlands,0,0.0,0,1,0,94.74,lecce,serie_a,190000
1651825,Tiago Gabriel,T. Gabriel,D,44,21.0,Portugal,2,3.6,1,63,0,87.42,lecce,serie_a,14600000
1090374,Kialonda Gaspar,K. Gaspar,D,4,28.0,Angola,0,0.89,1,23,0,84.34,lecce,serie_a,2900000
1801193,Matías Pérez,M. Pérez,D,13,21.0,Chile,0,0.0,0,0,0,93.33,lecce,serie_a,470000
945616,Antonino Gallo,A. Gallo,D,25,26.0,Italy,0,0.51,13,58,4,70.6,lecce,serie_a,3200000
1002045,Danilo Veiga,D. Veiga,D,17,23.0,Portugal,0,0.24,19,97,1,70.66,lecce,serie_a,2400000
1014287,Jamil Siebert,J. Siebert,D,5,24.0,Germany,1,0.41,4,27,0,77.2,lecce,serie_a,4300000
1910643,Christ-Owen Kouassi,O. Kouassi,D,22,23.0,Côte d'Ivoire,0,0.0,0,11,0,80.25,lecce,serie_a,1200000
981470,Corrie Ndaba,C. Ndaba,D,3,26.0,Ireland,0,0.12,6,7,0,83.42,lecce,serie_a,955000
1392819,Gaby Jean,G. Jean,D,18,26.0,France,0,0.0,0,3,0,80.77,lecce,serie_a,1400000
256667,Wladimiro Falcone,W. Falcone,G,30,31.0,Italy,0,0.0,0,2,0,45.71,lecce,serie_a,3600000
795044,Patrick Cutrone,P. Cutrone,F,10,28.0,Italy,1,2.62,4,6,0,65.71,monza,serie_a,3800000
1526933,Eddy Kouadio,E. Kouadio,D,60,20.0,Italy,0,0.0,1,4,0,87.5,monza,serie_a,2700000
1086417,Rasmus Højlund,R. Højlund,F,19,23.0,Denmark,12,10.59,12,4,5,74.56,napoli,serie_a,66000000
78893,Romelu Lukaku,R. Lukaku,F,9,33.0,Belgium,1,0.26,0,0,0,68.75,napoli,serie_a,5800000
875136,Noa Lang,N. Lang,F,77,27.0,Netherlands,1,0.79,8,12,2,78.81,napoli,serie_a,24000000
850993,David Neres,D. Neres,F,7,29.0,Brazil,3,1.54,19,10,3,81.57,napoli,serie_a,22000000
1122835,Alisson Santos,A. Santos,F,27,23.0,Brazil,4,1.43,34,20,0,82.17,napoli,serie_a,29000000
1170773,Giovane,Giovane,F,23,22.0,Brazil,3,3.69,36,15,5,69.06,napoli,serie_a,12600000
962364,Lorenzo Lucca,L. Lucca,F,20,25.0,Italy,1,0.79,0,0,0,56.25,napoli,serie_a,22000000
917485,Walid Cheddira,W. Cheddira,F,99,28.0,Morocco,4,3.59,14,6,1,67.79,napoli,serie_a,1900000
1069560,Antonio Vergara,A. Vergara,F,26,23.0,Italy,1,0.77,8,12,2,76.14,napoli,serie_a,13600000
877037,Cyril Ngonge,C. Ngonge,F,16,26.0,Belgium,1,1.85,19,11,1,69.8,napoli,serie_a,6800000
1163083,Giuseppe Ambrosino,G. Ambrosino,F,10,22.0,Italy,0,0.0,2,0,0,40.0,napoli,serie_a,2100000
70996,Kevin De Bruyne,K. De Bruyne,M,11,35.0,Belgium,5,4.05,9,12,2,83.78,napoli,serie_a,8300000
879346,Scott McTominay,S. McTominay,M,8,29.0,Scotland,10,11.01,26,28,3,88.94,napoli,serie_a,38000000
787941,Frank Anguissa,F. Anguissa,M,99,30.0,Cameroon,4,2.54,9,18,1,86.55,napoli,serie_a,14600000
150383,Stanislav Lobotka,S. Lobotka,M,68,31.0,Slovakia,1,0.51,4,28,1,92.71,napoli,serie_a,10300000
235672,Matteo Politano,M. Politano,M,21,32.0,Italy,2,2.45,33,15,5,82.02,napoli,serie_a,5300000
907668,Billy Gilmour,B. Gilmour,M,6,25.0,Scotland,1,0.69,9,14,0,90.03,napoli,serie_a,18800000
947929,Jesper Lindstrøm,J. Lindstrøm,M,19,26.0,Denmark,0,0.97,8,8,0,78.07,napoli,serie_a,4300000
869795,Michael Folorunsho,M. Folorunsho,M,90,28.0,Italy,2,3.37,22,24,0,66.46,napoli,serie_a,4600000
377512,Pasquale Mazzocchi,P. Mazzocchi,M,30,30.0,Italy,0,0.05,4,2,1,84.62,napoli,serie_a,1400000
869888,Alessio Zerbin,A. Zerbin,M,7,27.0,Italy,0,1.61,8,40,3,72.15,napoli,serie_a,2200000
153257,Giovanni Di Lorenzo,G. Di Lorenzo,D,22,32.0,Italy,2,2.03,8,45,1,85.89,napoli,serie_a,6800000
908716,Miguel Gutiérrez,M. Gutiérrez,D,3,24.0,Spain,1,0.78,8,33,1,88.04,napoli,serie_a,24000000
870263,Alessandro Buongiorno,A. Buongiorno,D,4,27.0,Italy,0,1.43,1,33,1,90.97,napoli,serie_a,32000000
148899,Leonardo Spinazzola,L. Spinazzola,D,37,33.0,Italy,3,1.16,16,24,3,80.73,napoli,serie_a,3400000
805078,Mathías Olivera,M. Olivera,D,17,28.0,Uruguay,0,1.37,2,42,0,91.03,napoli,serie_a,14500000
332155,Amir Rrahmani,A. Rrahmani,D,13,32.0,Kosovo,2,1.4,2,22,1,92.28,napoli,serie_a,10600000
984623,Rafa Marín,R. Marín,D,4,24.0,Spain,1,0.37,2,37,0,90.24,napoli,serie_a,11600000
898815,Sam Beukema,S. Beukema,D,31,27.0,Netherlands,2,1.7,2,19,0,91.4,napoli,serie_a,24000000
1165371,Luca Marianucci,L. Marianucci,D,35,21.0,Italy,0,0.03,2,16,1,83.98,napoli,serie_a,7500000
356160,Vanja Milinković-Savić,V. Milinković-Savić,G,32,29.0,Serbia,0,0.0,0,0,1,72.29,napoli,serie_a,18600000
592794,Alex Meret,A. Meret,G,1,29.0,Italy,0,0.0,0,0,1,84.0,napoli,serie_a,7200000
352728,Nikita Contini,N. Contini,G,14,30.0,Italy,0,0.0,0,0,0,66.67,napoli,serie_a,390000
256219,Paulo Dybala,P. Dybala,F,21,32.0,Argentina,2,4.79,19,10,6,83.6,roma,serie_a,5200000
803039,Donyell Malen,D. Malen,F,14,27.0,Netherlands,4,4.07,8,4,1,77.66,roma,serie_a,48000000
798820,Artem Dovbyk,A. Dovbyk,F,9,29.0,Ukraine,3,2.52,2,3,1,71.26,roma,serie_a,13900000
1082406,Matías Soulé,M. Soulé,F,18,23.0,Argentina,6,3.96,35,19,5,84.43,roma,serie_a,36000000
1514800,Robinio Vaz,R. Vaz,F,78,19.0,France,1,0.51,0,0,0,65.71,roma,serie_a,18700000
1134200,Wesley,Wesley,M,43,22.0,Brazil,5,1.6,14,53,0,80.06,roma,serie_a,43000000
1128530,Neil El Aynaoui,N. El Aynaoui,M,8,25.0,Morocco,1,1.08,9,20,2,89.19,roma,serie_a,22000000
974087,Manu Koné,M. Koné,M,17,25.0,France,2,2.11,29,49,3,90.44,roma,serie_a,47000000
848355,Angeliño,Angeliño,M,3,29.0,Spain,0,0.18,0,9,0,78.47,roma,serie_a,4200000
1175821,Niccolò Pisilli,N. Pisilli,M,61,21.0,Italy,2,1.69,8,27,4,86.08,roma,serie_a,31000000
186855,Bryan Cristante,B. Cristante,M,4,31.0,Italy,2,2.1,13,72,1,81.31,roma,serie_a,7700000
982778,Devyne Rensch,D. Rensch,M,2,23.0,Netherlands,1,0.3,4,31,4,81.4,roma,serie_a,7900000
848287,Evan Ndicka,E. Ndicka,D,5,26.0,Côte d'Ivoire,3,1.95,4,24,0,90.58,roma,serie_a,34000000
611210,Gianluca Mancini,G. Mancini,D,23,30.0,Italy,4,2.46,4,52,2,86.9,roma,serie_a,14600000
1499991,Jan Ziółkowski,J. Ziółkowski,D,24,21.0,Poland,0,0.12,0,19,0,83.86,roma,serie_a,11600000
353130,Mario Hermoso,M. Hermoso,D,22,31.0,Spain,3,1.83,4,36,2,86.98,roma,serie_a,6600000
893642,Marash Kumbulla,M. Kumbulla,D,24,26.0,Albania,0,0.1,1,3,0,78.5,roma,serie_a,2800000
1384847,Daniele Ghilardi,D. Ghilardi,D,87,23.0,Italy,0,0.35,3,30,0,85.9,roma,serie_a,19700000
793986,Mile Svilar,M. Svilar,G,99,26.0,Serbia,0,0.0,0,3,0,69.49,roma,serie_a,33000000
341143,Giovanni Simeone,G. Simeone,F,18,31.0,Argentina,11,9.92,22,16,0,72.66,torino,serie_a,7200000
856737,Zakaria Aboukhlal,Z. Aboukhlal,F,7,26.0,Morocco,0,0.34,6,22,0,74.1,torino,serie_a,6500000
38162,Duván Zapata,D. Zapata,F,91,35.0,Colombia,3,3.86,6,4,1,73.06,torino,serie_a,2600000
773409,Che Adams,C. Adams,F,19,30.0,Scotland,6,5.74,13,14,2,75.14,torino,serie_a,4800000
826026,Sandro Kulenović,S. Kulenović,F,17,26.0,Croatia,0,0.67,2,4,1,63.08,torino,serie_a,3400000
1493157,Alieu Njie,A. Njie,F,92,21.0,Sweden,1,1.0,7,6,1,72.13,torino,serie_a,2900000
1016788,Cesare Casadei,C. Casadei,M,22,23.0,Italy,6,4.18,13,36,0,75.27,torino,serie_a,15600000
357596,Nikola Vlašić,N. Vlašić,M,10,28.0,Croatia,8,6.96,28,67,3,83.81,torino,serie_a,10300000
877371,Ivan Ilić,I. Ilić,M,8,25.0,Serbia,0,0.0,2,8,0,82.11,torino,serie_a,6800000
1030829,Gvidas Gineitis,G. Gineitis,M,66,22.0,Lithuania,0,1.03,17,45,1,76.44,torino,serie_a,5000000
934409,Marcus Pedersen,M. Pedersen,M,16,26.0,Norway,1,1.74,9,23,2,77.17,torino,serie_a,3300000
907667,Tino Anjorin,T. Anjorin,M,14,24.0,England,0,0.49,3,9,0,81.45,torino,serie_a,4099999
1142612,Emirhan İlkhan,E. İlkhan,M,6,22.0,Türkiye,1,2.23,7,26,2,83.97,torino,serie_a,6300000
965009,Gaetano Oristanio,G. Oristanio,M,11,23.0,Italy,1,2.01,15,9,0,82.05,torino,serie_a,4500000
122848,Cristiano Biraghi,C. Biraghi,D,34,33.0,Italy,0,0.07,1,9,0,80.11,torino,serie_a,860000
1089453,Saúl Coco,S. Coco,D,23,27.0,Equatorial Guinea,1,0.9,7,58,1,85.28,torino,serie_a,7700000
840414,Ardian Ismajli,A. Ismajli,D,44,29.0,Albania,0,0.32,2,33,1,88.56,torino,serie_a,4700000
1397347,Ali Dembélé,A. Dembélé,D,21,22.0,France,0,0.06,0,0,0,83.33,torino,serie_a,1300000
1084846,Franco Israel,F. Israel,G,81,26.0,Uruguay,0,0.0,0,0,0,58.62,torino,serie_a,2400000
259281,Alberto Paleari,A. Paleari,G,1,33.0,Italy,0,0.0,0,0,0,66.16,torino,serie_a,1300000
864898,Nicolò Zaniolo,N. Zaniolo,F,10,27.0,Italy,5,5.5,33,28,6,78.07,udinese,serie_a,14200000
1138856,Adam Buksa,A. Buksa,F,18,30.0,Poland,3,2.11,2,10,0,60.77,udinese,serie_a,3400000
796455,Vakoun Issouf Bayo,V. Bayo,F,15,29.0,Côte d'Ivoire,0,1.37,1,2,2,75.0,udinese,serie_a,2600000
1155571,Iker Bravo,I. Bravo,F,49,21.0,Spain,1,0.24,1,1,0,81.82,udinese,serie_a,3300000
1536811,Idrissa Gueye,I. Gueye,F,7,19.0,Senegal,1,1.72,2,6,0,67.61,udinese,serie_a,8800000
830858,Keinan Davis,K. Davis,F,9,28.0,England,10,10.07,30,11,4,77.78,udinese,serie_a,10300000
825271,Jakub Piotrowski,J. Piotrowski,M,24,28.0,Poland,1,2.69,13,45,1,82.1,udinese,serie_a,4400000
1154894,Lennon Miller,L. Miller,M,38,19.0,Scotland,0,0.38,10,21,2,77.6,udinese,serie_a,9300000
1476922,Juan Arizala,J. Arizala,M,20,20.0,Colombia,0,0.03,2,8,0,89.33,udinese,serie_a,3800000
904887,Jürgen Ekkelenkamp,J. Ekkelenkamp,M,32,26.0,Netherlands,5,4.89,16,47,3,79.0,udinese,serie_a,10300000
351434,Hassane Kamara,H. Kamara,M,11,32.0,Côte d'Ivoire,0,0.65,17,31,2,81.74,udinese,serie_a,3200000
922928,Alessandro Zanoli,A. Zanoli,M,59,25.0,Italy,1,0.1,14,25,2,80.46,udinese,serie_a,4900000
227894,Jesper Karlström,J. Karlström,M,8,31.0,Sweden,1,0.83,10,54,0,81.34,udinese,serie_a,4099999
1391375,Unai Gómez,U. Gómez,M,20,23.0,Spain,1,2.14,6,13,1,75.68,udinese,serie_a,5200000
895592,Martín Payero,M. Payero,M,32,27.0,Argentina,1,1.8,22,19,0,75.55,udinese,serie_a,4800000
575852,Sandi Lovrić,S. Lovrić,M,4,28.0,Slovenia,0,0.49,5,22,1,87.71,udinese,serie_a,3400000
964119,Jordan Zemura,J. Zemura,M,33,26.0,Zimbabwe,0,0.46,9,31,1,73.57,udinese,serie_a,4500000
1068286,Rui Modesto,R. Modesto,M,18,26.0,Angola,0,0.02,0,6,1,72.73,udinese,serie_a,1700000
1961644,Abdoulaye Camara,A. Camara,M,29,17.0,France,0,0.0,0,0,0,100.0,udinese,serie_a,1500000
1009661,Oier Zarraga,O. Zarraga,M,6,27.0,Spain,0,0.28,1,6,0,89.87,udinese,serie_a,1400000
892979,Oumar Solet,O. Solet,D,28,26.0,France,3,2.79,41,75,1,89.25,udinese,serie_a,22000000
1831525,Branimir Mlačić,B. Mlačić,D,22,19.0,Croatia,0,0.03,1,3,0,87.18,udinese,serie_a,5400000
1126175,Saba Goglichidze,S. Goglichidze,D,3,22.0,Georgia,0,0.2,0,11,0,81.52,udinese,serie_a,3400000
1063373,Thomas Kristensen,T. Kristensen,D,31,24.0,Denmark,3,1.02,6,26,0,85.59,udinese,serie_a,11600000
1495719,Matteo Palma,M. Palma,D,13,18.0,Germany,0,0.0,0,2,0,75.47,udinese,serie_a,6800000
848279,Enzo Ebosse,E. Ebosse,D,77,27.0,Cameroon,0,0.05,2,12,1,89.72,udinese,serie_a,2700000
58351,Christian Kabasele,C. Kabasele,D,27,35.0,Belgium,3,1.29,5,18,0,88.35,udinese,serie_a,805000
1136399,Nicolò Bertola,N. Bertola,D,13,23.0,Italy,0,0.57,5,37,1,78.21,udinese,serie_a,7500000
891656,Maduka Okoye,M. Okoye,G,40,26.0,Nigeria,0,0.0,0,0,0,64.71,udinese,serie_a,10800000
2899,Daniele Padelli,D. Padelli,G,93,40.0,Italy,0,0.0,0,0,0,66.67,udinese,serie_a,165000
1133741,Luca Moro,L. Moro,G,12,22.0,Italy,0,0.62,1,5,0,77.27,venezia,serie_a,73000
