Ligue,Equipe,Nom,Buts,xG,Succ_dribbles,Tacles,Assists,Passes_Reussies_Pct
Premier League,Manchester United,Bruno Fernandes,9,10.83,15,54,21,82.2
Premier League,Burnley,Max Weiss,0,0.0,0,0,0,60.71
Premier League,Arsenal,Declan Rice,4,3.17,14,70,5,87.31
Premier League,Newcastle United,Bruno Guimarães,9,5.6,18,62,5,86.15
Premier League,Manchester City,Rodri,1,1.13,7,41,0,90.11
Premier League,Manchester City,Jérémy Doku,5,2.75,84,23,5,82.9
Premier League,Nottingham Forest,Elliot Anderson,4,2.9,50,104,4,85.52
Premier League,Sunderland,Granit Xhaka,1,1.02,11,50,6,83.67
Premier League,Manchester City,Erling Haaland,27,25.43,17,15,8,65.63
Premier League,Manchester City,Marc Guéhi,3,4.12,7,46,3,89.65
Premier League,Arsenal,Gabriel Magalhães,3,2.93,1,38,4,88.17
Premier League,Liverpool FC,Virgil van Dijk,6,3.77,2,22,0,89.0
Premier League,Bournemouth,Marcos Senesi,0,1.52,6,62,5,77.66
Premier League,Brighton & Hove Albion,Jan Paul van Hecke,3,3.3,3,53,3,87.19
Premier League,Arsenal,Bukayo Saka,7,7.55,50,41,5,76.71
Premier League,Everton,Jack Grealish,2,2.15,23,21,6,84.12
Premier League,Everton,James Garner,2,2.03,18,120,7,87.23
Premier League,Manchester United,Casemiro,9,5.52,6,90,2,81.31
Premier League,Manchester City,Rayan Cherki,4,4.13,51,26,12,86.45
Premier League,Aston Villa,Youri Tielemans,0,1.17,9,58,4,84.94
Premier League,West Ham United,Mateus Fernandes,3,2.0,28,103,4,87.45
Premier League,Chelsea,Reece James,2,1.04,11,48,4,88.97
Premier League,Manchester City,Rúben Dias,2,0.56,3,13,0,92.98
Premier League,Liverpool FC,Dominik Szoboszlai,6,4.85,26,56,7,87.75
Premier League,Manchester City,James Trafford,0,0.0,1,2,0,73.73
Premier League,Everton,Kiernan Dewsbury-Hall,8,4.31,27,52,4,82.46
Premier League,Chelsea,Moisés Caicedo,3,1.44,15,87,1,91.72
Premier League,Chelsea,Enzo Fernández,10,11.29,13,53,4,86.03
Premier League,Everton,James Tarkowski,2,2.75,4,51,3,80.63
Premier League,Leeds United,Anton Stach,5,2.92,20,65,3,77.32
Premier League,Leeds United,Ethan Ampadu,1,2.5,12,81,1,85.62
Premier League,Aston Villa,Boubacar Kamara,1,0.49,14,37,3,88.26
Premier League,Fulham,Harry Wilson,10,5.83,18,29,7,81.21
Premier League,Tottenham Hotspur,Cristian Romero,4,1.31,8,58,1,87.32
Premier League,Wolverhampton,Tom Edozie,1,0.23,2,1,0,71.43
Premier League,Crystal Palace,Walter Benítez,0,0.0,0,0,0,66.67
Premier League,Nottingham Forest,Stefan Ortega,0,0.0,0,0,0,69.12
Premier League,Wolverhampton,Daniel Bentley,0,0.0,0,0,0,50.0
Premier League,Newcastle United,Fabian Schär,0,0.98,0,14,0,84.42
Premier League,Manchester City,Max Alleyne,0,0.26,3,3,0,93.75
Premier League,Chelsea,João Pedro,15,14.96,40,27,5,75.32
Premier League,Manchester United,Matheus Cunha,10,7.06,44,39,2,80.45
Premier League,Manchester United,Lisandro Martínez,0,0.15,14,19,0,89.88
Premier League,Fulham,Alex Iwobi,4,1.92,19,27,3,85.13
Premier League,Bournemouth,Alex Scott,3,3.81,29,60,1,84.85
Premier League,Liverpool FC,Ibrahima Konaté,1,1.21,5,53,0,89.62
Premier League,Brighton & Hove Albion,Pascal Groß,1,1.45,7,29,3,85.93
Premier League,Crystal Palace,Adam Wharton,1,1.52,15,70,5,79.3
Premier League,Newcastle United,Anthony Gordon,6,8.83,33,19,2,81.82
Premier League,Brentford,Caoimhin Kelleher,0,0.0,3,1,0,65.25
Premier League,Liverpool FC,Ryan Gravenberch,5,1.9,32,59,3,88.87
Premier League,Arsenal,Martín Zubimendi,5,2.85,7,68,1,87.34
Premier League,Brighton & Hove Albion,Bart Verbruggen,0,0.0,1,1,0,76.05
Premier League,West Ham United,Konstantinos Mavropanos,3,2.55,2,40,0,82.24
Premier League,Chelsea,Cole Palmer,10,10.56,22,25,1,85.73
Premier League,Leeds United,Karl Darlow,0,0.0,1,1,0,58.16
Premier League,Aston Villa,Amadou Onana,2,1.71,7,48,0,87.4
Premier League,Bournemouth,Rayan,5,2.91,13,11,2,78.3
Premier League,West Ham United,Crysencio Summerville,5,5.17,51,45,2,82.79
Premier League,Tottenham Hotspur,João Palhinha,5,2.7,10,110,2,81.99
Premier League,Fulham,Joachim Andersen,0,1.48,6,45,1,86.07
Premier League,Manchester City,Gianluigi Donnarumma,0,0.0,2,0,0,80.32
Premier League,Arsenal,William Saliba,1,0.86,7,35,0,92.87
Premier League,Newcastle United,Malick Thiaw,4,4.72,8,44,0,89.62
Premier League,Manchester City,Antoine Semenyo,17,11.09,59,45,4,80.02
Premier League,Brentford,Mikkel Damsgaard,4,2.62,18,57,4,76.34
Premier League,Manchester United,Senne Lammens,0,0.0,0,1,0,59.09
Premier League,Everton,Jarrad Branthwaite,1,0.35,0,13,0,83.76
Premier League,Everton,Jordan Pickford,0,0.0,0,2,0,61.57
Premier League,Manchester City,Phil Foden,7,6.42,25,34,5,88.18
Premier League,West Ham United,Jarrod Bowen,9,7.26,53,50,11,73.77
Premier League,Newcastle United,Sven Botman,1,1.74,4,22,1,87.14
Premier League,Arsenal,Kepa Arrizabalaga,0,0.0,0,0,0,75.0
Premier League,Sunderland,Melker Ellborg,0,0.0,1,0,0,46.94
Premier League,Manchester City,Joško Gvardiol,2,2.4,2,18,2,89.4
Premier League,Arsenal,Martin Ødegaard,1,1.23,9,19,6,84.66
Premier League,Aston Villa,Ezri Konsa,0,1.25,8,22,0,95.47
Premier League,Burnley,Martin Dúbravka,0,0.0,0,1,0,58.22
Premier League,Liverpool FC,Rio Ngumoha,2,1.31,30,4,1,86.98
Premier League,Bournemouth,James Hill,0,0.89,2,39,3,77.72
Premier League,Arsenal,Eberechi Eze,7,5.05,29,19,2,84.83
Premier League,Nottingham Forest,Murillo,1,0.74,9,35,0,83.57
Premier League,Manchester City,Nico González,1,0.7,12,42,0,90.35
Premier League,Brighton & Hove Albion,Olivier Boscagli,0,0.04,2,16,1,86.47
Premier League,Brentford,Mathias Jensen,3,2.27,19,41,1,80.84
Premier League,Nottingham Forest,Ibrahim Sangaré,2,1.15,11,59,2,86.82
Premier League,Sunderland,Robin Roefs,0,0.0,1,0,0,63.66
Premier League,Sunderland,Nordi Mukiele,3,1.88,13,69,4,78.64
Premier League,Aston Villa,Emiliano Martínez,0,0.0,0,0,1,73.74
Premier League,Brentford,Vitaly Janelt,1,0.91,5,27,4,87.3
Premier League,Manchester United,Matthijs de Ligt,1,1.46,1,19,0,87.75
Premier League,Nottingham Forest,Morato,1,1.32,5,30,0,85.34
Premier League,Arsenal,Leandro Trossard,6,5.48,25,27,6,77.01
Premier League,Brighton & Hove Albion,Lewis Dunk,1,1.71,4,35,0,92.34
Premier League,Sunderland,Jenson Seelt,0,0.0,0,4,0,88.07
Premier League,Manchester City,Matheus Nunes,1,0.35,28,57,5,89.11
Premier League,Chelsea,Pedro Neto,5,4.62,47,19,6,87.33
Premier League,Leeds United,James Justin,2,1.67,3,56,1,76.02
Premier League,Manchester City,Abdukodir Khusanov,0,0.68,7,27,0,91.76
Premier League,Chelsea,Trevoh Chalobah,3,1.43,7,35,0,93.04
Premier League,Manchester United,Patrick Dorgu,4,2.35,11,48,4,76.04
Premier League,Leeds United,Noah Okafor,8,5.26,39,23,1,76.2
Premier League,Liverpool FC,Freddie Woodman,0,0.0,0,0,0,56.96
Premier League,Crystal Palace,Daniel Muñoz,4,2.44,2,74,3,79.25
Premier League,Crystal Palace,Dean Henderson,0,0.0,1,1,0,53.72
Premier League,Fulham,Bernd Leno,0,0.0,0,4,0,77.33
Premier League,Newcastle United,Sandro Tonali,0,1.74,19,35,2,84.39
Premier League,Liverpool FC,Hugo Ekitiké,11,9.87,38,11,4,76.75
Premier League,Brentford,Igor Thiago,22,20.57,29,38,1,69.21
Premier League,Nottingham Forest,Morgan Gibbs-White,15,10.84,30,20,4,81.13
Premier League,Sunderland,Enzo Le Fée,5,5.16,13,89,6,81.4
Premier League,Newcastle United,Lewis Miley,1,1.34,12,29,4,89.76
Premier League,Fulham,Kenny Tete,1,0.96,8,65,0,84.42
Premier League,Arsenal,Jurriën Timber,3,4.77,13,66,5,85.25
Premier League,Chelsea,Tosin Adarabioyo,0,0.11,0,17,0,90.49
Premier League,Chelsea,Robert Sánchez,0,0.0,0,2,1,66.74
Premier League,Liverpool FC,Mohamed Salah,7,8.16,19,17,7,76.92
Premier League,Burnley,Josh Cullen,2,0.9,2,31,2,84.06
Premier League,Aston Villa,John McGinn,5,2.96,19,29,4,82.36
Premier League,Manchester United,Ayden Heaven,0,0.35,6,22,1,90.49
Premier League,West Ham United,Lucas Paquetá,4,2.82,16,39,1,77.06
Premier League,Tottenham Hotspur,Pedro Porro,1,1.05,19,76,2,74.97
Premier League,Liverpool FC,Cody Gakpo,7,8.46,34,28,5,78.53
Premier League,Leeds United,Jaka Bijol,1,0.88,2,26,2,84.85
Premier League,Arsenal,Piero Hincapié,1,0.36,7,48,2,88.89
Premier League,Tottenham Hotspur,Ben Davies,1,0.49,0,5,0,86.15
Premier League,Manchester City,Rayan Aït-Nouri,0,0.59,22,35,2,90.34
Premier League,Arsenal,David Raya,0,0.0,1,1,0,64.8
Premier League,Newcastle United,Nick Pope,0,0.16,0,1,0,60.33
Premier League,Arsenal,Cristhian Mosquera,0,0.1,1,32,0,91.31
Premier League,Everton,Michael Keane,3,2.33,6,36,1,85.48
Premier League,Manchester United,Amad Diallo,2,5.57,39,38,3,87.94
Premier League,Nottingham Forest,Neco Williams,2,1.97,31,96,3,81.81
Premier League,Crystal Palace,Maxence Lacroix,1,2.38,7,60,2,88.16
Premier League,Nottingham Forest,Ola Aina,0,0.4,15,31,0,84.74
Premier League,Wolverhampton,Mateus Mané,3,2.01,31,28,1,76.27
Premier League,Manchester United,Noussair Mazraoui,0,0.19,8,28,0,87.29
Premier League,Wolverhampton,Sam Johnstone,0,0.0,0,2,0,55.94
Premier League,Everton,Nathan Patterson,0,0.03,1,10,0,76.19
Premier League,Manchester United,Harry Maguire,1,1.11,1,22,2,86.13
Premier League,Tottenham Hotspur,Xavi Simons,2,3.08,28,34,5,82.92
Premier League,Crystal Palace,Chris Richards,1,2.36,4,55,0,83.98
Premier League,Manchester United,Kobbie Mainoo,1,0.48,19,36,2,89.21
Premier League,Fulham,Jorge Cuenca,0,0.05,2,16,0,88.34
Premier League,Fulham,Samuel Chukwueze,3,2.07,18,6,4,73.85
Premier League,Nottingham Forest,Callum Hudson Odoi,3,2.8,30,14,4,89.19
Premier League,Arsenal,Riccardo Calafiori,1,3.34,16,32,2,85.58
Premier League,Brentford,Dango Ouattara,7,7.72,23,24,3,63.09
Premier League,Aston Villa,Pau Torres,0,1.27,7,22,0,89.04
Premier League,Manchester City,Nico O'Reilly,5,6.03,24,68,3,86.19
Premier League,Aston Villa,Ollie Watkins,16,15.14,26,22,3,72.69
Premier League,Chelsea,Levi Colwill,0,0.0,0,3,0,90.1
Premier League,Bournemouth,Đorđe Petrović,0,0.0,0,0,0,64.37
Premier League,Everton,Iliman Ndiaye,6,6.71,73,70,3,83.95
Premier League,Brentford,Michael Kayode,1,1.18,55,67,1,85.01
Premier League,Tottenham Hotspur,Mohammed Kudus,2,1.93,52,29,5,85.59
Premier League,Brighton & Hove Albion,Maxim De Cuyper,2,1.82,7,23,3,84.25
Premier League,Manchester United,Mason Mount,3,1.5,7,24,0,81.59
Premier League,Leeds United,Sean Longstaff,2,1.25,2,38,2,84.63
Premier League,Fulham,Sander Berge,0,1.54,9,57,1,89.82
Premier League,Tottenham Hotspur,Antonín Kinský,0,0.0,0,0,0,62.84
Premier League,Brentford,Sepp van den Berg,0,3.13,1,23,2,88.54
Premier League,Bournemouth,Lewis Cook,0,0.08,3,25,1,86.14
Premier League,Brighton & Hove Albion,Yankuba Minteh,3,3.8,65,56,4,67.94
Premier League,Aston Villa,Emiliano Buendía,6,3.42,9,49,2,81.46
Premier League,Fulham,Antonee Robinson,1,1.07,12,48,0,80.0
Premier League,Crystal Palace,Daichi Kamada,0,1.65,12,63,0,84.0
Premier League,Tottenham Hotspur,Richarlison,11,8.09,12,27,4,62.15
Premier League,Manchester United,Diogo Dalot,1,2.0,18,53,3,84.98
Premier League,Manchester City,Bernardo Silva,2,2.56,21,54,4,90.2
Premier League,Wolverhampton,Emmanuel Agbadou,0,0.56,4,32,0,83.0
Premier League,Liverpool FC,Florian Wirtz,5,7.03,39,34,3,84.52
Premier League,Arsenal,Noni Madueke,3,1.22,29,21,1,76.16
Premier League,Aston Villa,Ross Barkley,3,1.51,13,14,1,87.71
Premier League,Burnley,Bashir Humphreys,0,0.42,6,27,0,81.9
Premier League,Crystal Palace,Yéremy Pino,2,4.51,18,36,2,74.61
Premier League,Liverpool FC,Curtis Jones,1,2.77,22,40,2,91.62
Premier League,Aston Villa,Morgan Rogers,10,6.78,42,42,6,74.63
Premier League,Tottenham Hotspur,Guglielmo Vicario,0,0.0,0,1,0,67.04
Premier League,Sunderland,Daniel Ballard,2,2.46,3,33,0,82.14
Premier League,Chelsea,Andrey Santos,1,2.0,2,37,0,90.09
Premier League,Bournemouth,Tyler Adams,2,0.6,6,53,2,87.13
Premier League,Arsenal,Ben White,0,0.46,3,15,1,81.64
Premier League,Tottenham Hotspur,Kevin Danso,0,0.59,2,27,0,86.9
Premier League,Manchester United,Bryan Mbeumo,11,12.19,18,25,3,79.02
Premier League,Manchester City,Tijjani Reijnders,5,4.45,20,10,2,89.1
Premier League,Aston Villa,Douglas Luiz,1,0.53,6,23,0,90.05
Premier League,Newcastle United,Lewis Hall,1,1.01,37,54,1,85.25
Premier League,Crystal Palace,Jaydee Canvot,0,1.48,2,39,0,88.24
Premier League,Arsenal,Mikel Merino,4,3.38,5,26,3,75.95
Premier League,Chelsea,Wesley Fofana,0,0.72,10,19,1,92.1
Premier League,Wolverhampton,José Sá,0,0.0,0,1,0,59.94
Premier League,Aston Villa,Matty Cash,3,1.19,11,66,3,85.5
Premier League,Bournemouth,Álex Jiménez,1,1.13,39,69,0,80.18
Premier League,Wolverhampton,André,1,0.52,19,82,0,91.38
Premier League,Crystal Palace,Ismaïla Sarr,9,10.91,11,18,1,71.31
Premier League,Fulham,Tom Cairney,2,1.21,4,7,0,92.63
Premier League,Nottingham Forest,Nicolás Domínguez,1,1.47,6,56,1,85.23
Premier League,Tottenham Hotspur,Dominic Solanke,3,2.43,13,22,0,74.05
Premier League,Sunderland,Omar Alderete,1,1.64,17,32,1,81.06
Premier League,Brighton & Hove Albion,Joël Veltman,1,1.11,2,31,0,81.67
Premier League,Burnley,Zian Flemming,11,7.87,4,17,0,64.98
Premier League,Burnley,James Ward-Prowse,0,0.22,2,16,1,88.76
Premier League,Manchester City,Mateo Kovačić,0,0.16,2,2,1,91.22
Premier League,Fulham,Calvin Bassey,1,1.72,10,62,0,87.75
Premier League,Everton,Idrissa Gana Gueye,2,2.0,7,43,3,87.32
Premier League,Liverpool FC,Alisson,0,0.0,0,0,0,79.02
Premier League,Brighton & Hove Albion,Ferdi Kadıoğlu,1,2.03,12,57,0,85.59
Premier League,Nottingham Forest,Nikola Milenković,0,0.84,3,31,0,86.61
Premier League,Bournemouth,Eli Junior Kroupi,13,8.35,15,9,0,76.02
Premier League,Newcastle United,William Osula,7,4.29,8,6,0,80.25
Premier League,Crystal Palace,Tyrick Mitchell,1,1.61,15,101,2,73.08
Premier League,Brighton & Hove Albion,Kaoru Mitoma,3,4.06,28,18,1,82.4
Premier League,Sunderland,Lutsharel Geertruida,0,1.15,7,37,0,86.14
Premier League,Brentford,Jordan Henderson,1,0.33,3,27,3,77.89
Premier League,Bournemouth,Marcus Tavernier,7,9.06,39,40,4,83.6
Premier League,Fulham,Harrison Reed,1,0.13,0,0,0,93.02
Premier League,West Ham United,Alphonse Aréola,0,0.0,0,0,1,46.67
Premier League,West Ham United,Freddie Potts,0,0.21,2,29,1,83.65
Premier League,Wolverhampton,Jerome Abbey,0,0.0,0,1,0,20.0
Premier League,Chelsea,Dário Essugo,0,0.0,2,6,0,84.0
Premier League,Manchester City,Nathan Aké,0,0.72,0,8,0,88.71
Premier League,Bournemouth,Veljko Milosavljević,0,0.15,1,5,0,84.21
Premier League,Crystal Palace,Rio Cardines,0,0.02,2,1,0,75.76
Premier League,Leeds United,Pascal Struijk,0,3.02,4,39,1,88.47
Premier League,Newcastle United,Joelinton,2,2.39,16,43,1,82.72
Premier League,Fulham,Oscar Bobb,0,1.48,27,21,1,85.79
Premier League,Crystal Palace,Will Hughes,0,1.09,11,27,0,81.27
Premier League,Bournemouth,Adrien Truffert,1,1.36,33,103,5,83.46
Premier League,Tottenham Hotspur,Pape Matar Sarr,2,1.72,13,33,4,84.99
Premier League,Chelsea,Alejandro Garnacho,1,3.45,14,15,4,87.32
Premier League,Brighton & Hove Albion,Yasin Ayari,3,2.71,18,47,3,86.09
Premier League,Nottingham Forest,Matz Sels,0,0.0,0,1,0,57.14
Premier League,Wolverhampton,Jean-Ricner Bellegarde,1,0.99,18,28,1,79.44
Premier League,Newcastle United,Tino Livramento,0,0.14,14,22,1,88.82
Premier League,Sunderland,Noah Sadiki,0,1.46,27,46,1,85.35
Premier League,Burnley,Jaidon Anthony,8,5.13,36,42,2,79.93
Premier League,Fulham,Kevin,1,1.2,44,21,1,76.4
Premier League,West Ham United,Mads Hermansen,0,0.0,0,0,1,58.18
Premier League,Wolverhampton,João Gomes,1,1.28,43,107,1,85.57
Premier League,Arsenal,Max Dowman,1,1.18,6,2,0,88.46
Premier League,Newcastle United,Harvey Barnes,7,7.07,13,13,1,80.68
Premier League,Sunderland,Trai Hume,2,2.15,5,67,1,75.38
Premier League,Brentford,Kevin Schade,8,12.18,20,41,3,67.74
Premier League,Wolverhampton,Santiago Bueno,3,2.28,0,50,1,86.45
Premier League,Aston Villa,Lucas Digne,0,0.72,4,36,6,80.85
Premier League,Chelsea,Filip Jørgensen,0,0.0,1,0,0,76.02
Premier League,Chelsea,Estêvão,2,2.92,29,11,2,80.74
Premier League,Bournemouth,Amine Adli,3,2.6,8,36,1,77.24
Premier League,Brentford,Nathan Collins,1,2.28,7,31,2,83.11
Premier League,Manchester City,Savinho,1,2.33,17,9,1,82.84
Premier League,Everton,Tim Iroegbunam,0,0.6,15,68,2,81.43
Premier League,Manchester United,Benjamin Šeško,11,9.2,10,5,1,68.95
Premier League,West Ham United,Axel Disasi,0,1.02,2,14,0,86.57
Premier League,West Ham United,Tomáš Souček,5,5.68,4,43,0,77.73
Premier League,Crystal Palace,Jean-Philippe Mateta,12,14.51,14,10,0,62.22
Premier League,Brentford,Yehor Yarmoliuk,1,1.2,15,70,2,84.34
Premier League,Sunderland,Bertrand Traoré,1,0.52,14,11,0,79.44
Premier League,Leeds United,Sebastiaan Bornauw,0,0.2,1,8,0,82.88
Premier League,Brighton & Hove Albion,Diego Gómez,5,6.29,19,78,1,77.95
Premier League,Nottingham Forest,Omari Hutchinson,1,1.94,41,22,5,83.09
Premier League,Burnley,Hannibal Mejbri,1,0.89,20,29,4,77.25
Premier League,Arsenal,Ethan Nwaneri,0,0.23,3,1,0,90.8
Premier League,Nottingham Forest,Oleksandr Zinchenko,0,0.08,1,10,0,90.59
Premier League,Manchester City,Omar Marmoush,3,2.71,10,13,3,87.04
Premier League,Chelsea,Roméo Lavia,0,0.2,3,8,0,92.61
Premier League,Leeds United,Ao Tanaka,2,1.61,4,27,0,85.51
Premier League,West Ham United,Valentín Castellanos,6,5.8,2,11,0,64.4
Premier League,Crystal Palace,Jefferson Lerma,0,1.82,3,29,2,79.45
Premier League,Fulham,Timothy Castagne,0,1.42,3,40,0,86.31
Premier League,West Ham United,Soungoutou Magassa,1,0.44,5,40,0,80.74
Premier League,Tottenham Hotspur,Micky van de Ven,4,2.53,11,39,1,90.45
Premier League,Leeds United,Brenden Aaronson,4,4.55,31,50,5,81.14
Premier League,Brighton & Hove Albion,Mats Wieffer,2,1.93,9,66,3,83.2
Premier League,Bournemouth,Ryan Christie,2,1.92,19,27,0,78.24
Premier League,Tottenham Hotspur,Rodrigo Bentancur,1,0.74,20,56,1,85.76
Premier League,Arsenal,Kai Havertz,2,3.31,3,8,3,74.1
Premier League,Brighton & Hove Albion,Matt O'Riley,1,1.2,0,5,0,87.14
Premier League,Brentford,Ethan Pinnock,0,0.01,1,5,0,82.71
Premier League,West Ham United,El Hadji Malick Diouf,0,0.57,23,44,5,74.37
Premier League,Newcastle United,Jacob Murphy,3,3.15,20,16,2,73.35
Premier League,Burnley,Lesley Ugochukwu,3,2.5,16,51,1,83.38
Premier League,Wolverhampton,Angel Gomes,0,0.26,4,10,0,85.64
Premier League,Liverpool FC,Jeremie Frimpong,0,0.51,18,11,1,84.58
Premier League,Tottenham Hotspur,Mathys Tel,4,2.44,39,19,1,77.44
Premier League,Liverpool FC,Andy Robertson,1,1.1,3,12,0,83.26
Premier League,Liverpool FC,Alexis Mac Allister,2,3.89,11,53,4,86.58
Premier League,Liverpool FC,Giorgi Mamardashvili,0,0.0,0,1,0,70.38
Premier League,Nottingham Forest,Ryan Yates,0,0.5,1,16,2,78.08
Premier League,Leeds United,Ilia Gruev,0,0.47,6,24,3,89.55
Premier League,Wolverhampton,Ladislav Krejčí,2,2.22,2,32,1,82.54
Premier League,Brighton & Hove Albion,Charalampos Kostoulas,2,2.14,11,11,1,74.8
Premier League,Manchester United,Luke Shaw,1,0.71,10,74,1,86.8
Premier League,Newcastle United,Kieran Trippier,0,0.08,4,26,1,81.15
Premier League,Liverpool FC,Wataru Endo,0,0.04,0,7,1,85.11
Premier League,Brentford,Antoni Milambo,0,0.0,0,3,0,72.73
Premier League,Sunderland,Jocelin Ta Bi,0,0.0,2,1,0,100.0
Premier League,Tottenham Hotspur,Jun'ai Byfield,0,0.0,0,0,0,80.0
Premier League,Newcastle United,Alex Murphy,0,0.0,0,0,0,100.0
Premier League,Brighton & Hove Albion,Diego Coppola,0,0.0,1,2,0,88.6
Premier League,Tottenham Hotspur,James Maddison,0,0.21,0,1,0,94.59
Premier League,Chelsea,Jesse Derry,0,0.1,0,1,0,92.31
Premier League,Leeds United,Joe Rodon,2,1.41,1,37,0,87.38
Premier League,Everton,Jake O'Brien,1,1.74,6,57,1,73.96
Premier League,Burnley,Florentino Luís,0,0.66,7,90,2,85.51
Premier League,Everton,Vitaliy Mykolenko,0,0.29,10,51,1,79.8
Premier League,Manchester United,Manuel Ugarte,0,0.71,7,46,0,85.06
Premier League,Brighton & Hove Albion,James Milner,1,1.02,1,15,1,86.86
Premier League,Leeds United,Lukas Nmecha,6,7.23,7,12,1,65.74
Premier League,Newcastle United,Jacob Ramsey,2,1.19,15,41,3,89.82
Premier League,Tottenham Hotspur,Conor Gallagher,1,1.07,13,23,1,84.73
Premier League,Leeds United,Dominic Calvert-Lewin,14,15.81,8,10,1,58.48
Premier League,Nottingham Forest,Luca Netz,0,0.0,2,12,0,83.0
Premier League,Brighton & Hove Albion,Danny Welbeck,13,12.44,11,24,1,79.42
Premier League,Burnley,Oliver Sonne,1,0.55,1,2,0,66.1
Premier League,Fulham,Raúl Jiménez,9,11.5,10,35,3,63.51
Premier League,Burnley,Marcus Edwards,1,1.49,14,11,3,82.54
Premier League,Sunderland,Habib Diarra,2,3.41,6,14,2,81.88
Premier League,Wolverhampton,Hugo Bueno,1,0.86,31,67,2,80.54
Premier League,Aston Villa,Jadon Sancho,0,0.58,16,7,2,83.6
Premier League,Newcastle United,Nick Woltemade,8,6.59,13,24,3,76.3
Premier League,Burnley,Hjalmar Ekdal,0,0.26,2,24,0,85.02
Premier League,Aston Villa,Victor Lindelöf,0,0.28,0,7,1,94.21
Premier League,West Ham United,Kyle Walker-Peters,1,1.13,16,44,0,85.57
Premier League,Fulham,Emile Smith Rowe,3,4.77,14,35,0,91.09
Premier League,Sunderland,Reinildo Mandava,0,0.18,15,39,1,85.87
Premier League,Newcastle United,Aaron Ramsdale,0,0.0,0,0,0,66.75
Premier League,Brentford,Keane Lewis-Potter,3,3.04,16,23,3,77.64
Premier League,Chelsea,Benoît Badiashile,0,0.0,0,7,0,92.94
Premier League,Brighton & Hove Albion,Jack Hinshelwood,4,4.92,3,19,3,82.59
Premier League,Arsenal,Myles Lewis-Skelly,0,0.11,8,8,0,91.62
Premier League,Brentford,Fabio Carvalho,1,0.7,1,3,0,80.0
Premier League,Manchester City,Rico Lewis,0,0.19,2,5,1,84.56
Premier League,Manchester United,Leny Yoro,0,1.39,2,32,0,88.45
Premier League,West Ham United,Callum Wilson,7,7.66,13,4,1,64.74
Premier League,Chelsea,Marc Cucurella,1,2.35,1,55,4,87.75
Premier League,Bournemouth,David Brooks,1,5.83,17,19,3,77.08
Premier League,Fulham,Saša Lukić,1,2.26,6,49,2,85.62
Premier League,Nottingham Forest,Lorenzo Lucca,1,0.79,0,0,0,56.25
Premier League,Aston Villa,Donyell Malen,4,4.07,8,4,1,77.66
Premier League,Aston Villa,Tyrone Mings,0,1.37,2,5,0,89.96
Premier League,Brighton & Hove Albion,Georginio Rutter,3,3.02,28,32,3,69.5
Premier League,Chelsea,Jamie Gittens,0,0.82,13,8,2,79.19
Premier League,Wolverhampton,Marshall Munetsi,1,1.61,5,21,1,63.31
Premier League,Sunderland,Dennis Cirkin,0,0.08,3,8,0,77.78
Premier League,Sunderland,Wilson Isidor,6,4.75,6,11,0,60.0
Premier League,Nottingham Forest,Dan Ndoye,1,1.06,13,23,1,78.37
Premier League,Brentford,Frank Onyeka,0,0.0,2,2,1,77.78
Premier League,Brighton & Hove Albion,Carlos Baleba,0,0.75,12,37,0,86.1
Premier League,Wolverhampton,Yerson Mosquera,0,2.52,9,62,0,80.53
Premier League,Wolverhampton,Ki-Jana Hoever,0,0.02,5,13,0,68.83
Premier League,Everton,Harrison Armstrong,0,0.79,1,13,0,80.58
Premier League,Chelsea,Malo Gusto,2,1.56,13,53,3,86.79
Premier League,Burnley,Maxime Estève,0,0.72,3,44,0,86.86
Premier League,Leeds United,Gabriel Gudmundsson,0,1.1,39,65,0,76.28
Premier League,Brighton & Hove Albion,Brajan Gruda,1,1.72,20,14,1,78.23
Premier League,Sunderland,Chris Rigg,1,0.84,7,13,1,71.83
Premier League,Liverpool FC,Conor Bradley,0,0.24,7,19,1,83.94
Premier League,Nottingham Forest,Jair,0,0.29,2,9,0,80.09
Premier League,Manchester United,Shea Lacey,0,0.1,1,1,0,81.82
Premier League,Sunderland,Arthur Masuaku,0,0.07,2,4,0,81.25
Premier League,Wolverhampton,Rodrigo Gomes,3,2.15,8,23,0,72.24
Premier League,Bournemouth,Bafodé Diakité,0,0.02,0,20,0,87.98
Premier League,Sunderland,Brian Brobbey,7,5.94,2,9,1,72.0
Premier League,Sunderland,Chemsdine Talbi,4,2.13,16,11,1,81.34
Premier League,Leeds United,Wilfried Gnonto,0,0.41,5,18,1,76.61
Premier League,Arsenal,Gabriel Martinelli,1,3.99,22,12,4,72.41
Premier League,Everton,Dwight McNeil,0,1.39,7,23,1,81.48
Premier League,Crystal Palace,Eddie Nketiah,2,1.77,5,8,0,80.46
Premier League,West Ham United,Mohamadou Kanté,0,0.09,1,6,0,70.97
Premier League,Brighton & Hove Albion,Stefanos Tzimas,1,0.46,1,3,1,70.83
Premier League,Brentford,Kristoffer Ajer,0,0.78,3,37,1,80.03
Premier League,Leeds United,Jayden Bogle,1,2.11,19,66,2,76.24
Premier League,West Ham United,Guido Rodríguez,0,0.03,0,1,0,89.47
Premier League,Everton,Beto,9,8.91,14,15,1,62.02
Premier League,Nottingham Forest,Taiwo Awoniyi,4,3.58,2,2,1,80.0
Premier League,Sunderland,Luke O'Nien,0,0.15,1,6,1,83.67
Premier League,Crystal Palace,Brennan Johnson,2,2.43,9,29,1,65.97
Premier League,Bournemouth,Evanilson,6,10.59,16,13,1,76.56
Premier League,Wolverhampton,Jhon Arias,1,3.25,8,43,0,89.47
Premier League,Fulham,Joshua King,1,2.47,16,27,2,79.89
Premier League,Arsenal,Viktor Gyökeres,14,12.4,7,7,1,62.38
Premier League,Leeds United,Daniel James,0,0.91,6,7,0,60.5
Premier League,Burnley,Kyle Walker,0,0.16,13,56,2,77.38
Premier League,Brentford,Aaron Hickey,0,0.46,0,15,0,83.57
Premier League,Tottenham Hotspur,Lucas Bergvall,1,1.4,15,22,3,81.64
Premier League,Tottenham Hotspur,Wilson Odobert,0,1.9,24,10,2,84.92
Premier League,West Ham United,Aaron Wan-Bissaka,0,0.0,16,33,2,76.69
Premier League,Wolverhampton,Adam Armstrong,2,2.74,10,8,2,68.42
Premier League,Liverpool FC,Miloš Kerkez,2,1.59,12,41,1,85.33
Premier League,Aston Villa,Tammy Abraham,2,2.04,1,4,0,56.82
Premier League,Nottingham Forest,Nicolò Savona,2,1.34,2,20,0,78.7
Premier League,Fulham,Issa Diop,1,0.8,1,6,0,87.65
Premier League,Wolverhampton,David Møller Wolfe,0,0.12,5,10,2,74.23
Premier League,Crystal Palace,Odsonne Édouard,0,0.0,0,1,0,0.0
Premier League,Manchester United,Tyler Fredricson,0,0.0,0,0,0,0.0
Premier League,Nottingham Forest,Jota Silva,0,0.0,0,2,0,100.0
Premier League,Aston Villa,Jamaldeen Jimoh,0,0.0,0,0,0,85.71
Premier League,Tottenham Hotspur,Callum Olusesi,0,0.0,0,0,0,100.0
Premier League,Manchester United,Tyler Fletcher,0,0.0,0,0,0,94.74
Premier League,Wolverhampton,Tawanda Chirewa,0,0.0,0,3,0,100.0
Premier League,Manchester United,Tyrell Malacia,0,0.0,0,3,0,84.62
Premier League,Sunderland,Dan Neil,0,0.0,0,0,0,88.89
Premier League,Manchester United,Altay Bayındır,0,0.0,1,0,0,60.45
Premier League,West Ham United,Andy Irving,0,0.0,0,6,0,89.25
Premier League,Brentford,Romelle Donovan,0,0.1,5,0,0,56.25
Premier League,Aston Villa,Alysson,0,0.05,2,0,0,82.35
Premier League,Brighton & Hove Albion,Solly March,0,0.04,0,2,0,75.0
Premier League,Aston Villa,George Hemmings,0,0.04,0,0,0,100.0
Premier League,Tottenham Hotspur,Archie Gray,2,1.48,7,11,2,83.12
Premier League,Chelsea,Josh Acheampong,1,0.63,11,11,0,92.05
Premier League,Newcastle United,Anthony Elanga,0,1.67,13,14,1,80.75
Premier League,Arsenal,Gabriel Jesus,3,2.69,8,4,0,76.85
Premier League,Aston Villa,Lamare Bogarde,0,0.0,2,26,0,89.7
Premier League,Tottenham Hotspur,Yves Bissouma,0,0.36,3,18,0,87.97
Premier League,Tottenham Hotspur,Djed Spence,0,0.9,33,44,0,80.84
Premier League,Liverpool FC,Federico Chiesa,2,1.5,2,8,1,71.68
Premier League,Leeds United,Lucas Perri,0,0.0,0,0,0,53.58
Premier League,Nottingham Forest,Chris Wood,3,4.25,1,1,0,69.38
Premier League,Everton,Tyrique George,0,0.63,7,7,0,80.18
Premier League,Aston Villa,Leon Bailey,0,0.49,5,10,1,76.98
Premier League,Nottingham Forest,Igor Jesus,6,6.64,11,24,4,72.71
Premier League,West Ham United,Ezra Mayers,0,0.12,1,0,0,83.95
Premier League,Arsenal,Christian Nørgaard,0,0.08,0,3,0,83.61
Premier League,Newcastle United,Dan Burn,1,1.06,2,40,2,79.32
Premier League,Aston Villa,Ian Maatsen,0,1.3,21,43,1,86.01
Premier League,Brentford,Reiss Nelson,0,0.71,5,4,1,91.89
Premier League,Crystal Palace,Nathaniel Clyne,0,0.43,4,16,1,79.89
Premier League,Leeds United,Jack Harrison,0,0.28,3,5,0,79.49
Premier League,Wolverhampton,Hwang Hee-chan,2,2.39,9,10,2,75.4
Premier League,Crystal Palace,Romain Esse,0,0.0,1,2,0,65.0
Premier League,Manchester City,John Stones,0,0.0,2,1,0,93.38
Premier League,Fulham,Ryan Sessegnon,3,1.61,9,48,1,76.44
Premier League,Liverpool FC,Alexander Isak,3,2.65,1,7,1,62.5
Premier League,Wolverhampton,Pedro Lima,0,0.34,1,8,0,63.64
Premier League,Burnley,Joe Worrall,0,0.08,0,4,0,80.65
Premier League,Crystal Palace,Chadi Riad,0,0.33,1,8,1,86.36
Premier League,Manchester United,Jack Fletcher,0,0.03,0,5,0,82.22
Premier League,Wolverhampton,Tolu Arokodare,3,5.46,18,7,1,60.37
Premier League,Burnley,Loum Tchaouna,2,1.25,7,18,1,75.15
Premier League,Everton,Tyler Dibling,0,0.2,13,7,0,86.27
Premier League,West Ham United,Oliver Scarles,0,0.18,2,30,0,80.36
Premier League,Newcastle United,Joe Willock,0,1.26,7,20,2,84.12
Premier League,Bournemouth,Justin Kluivert,2,2.32,11,10,0,81.16
Premier League,West Ham United,Max Kilman,0,0.57,4,16,0,87.92
Premier League,Crystal Palace,Evann Guessand,1,1.56,14,24,2,82.35
Premier League,Wolverhampton,Jackson Tchatchoua,0,0.33,5,29,1,76.2
Premier League,Fulham,Rodrigo Muniz,1,3.34,5,8,1,42.42
Premier League,Nottingham Forest,James McAtee,0,0.17,3,7,1,84.3
Premier League,Burnley,Lucas Pires,0,0.58,18,29,0,83.93
Premier League,Brentford,Josh Dasilva,0,0.08,0,0,0,80.0
Premier League,Nottingham Forest,Dilane Bakwa,0,0.55,8,4,2,79.08
Premier League,West Ham United,Jean-Clair Todibo,0,0.24,4,38,1,87.34
Premier League,Wolverhampton,Matt Doherty,0,0.09,2,16,0,80.54
Premier League,Aston Villa,Marco Bizot,0,0.0,0,0,0,76.35
Premier League,Tottenham Hotspur,Destiny Udogie,0,0.19,6,31,1,85.47
Premier League,Everton,Séamus Coleman,0,0.0,0,0,0,100.0
Premier League,Everton,Thierno Barry,8,8.15,9,6,0,60.5
Premier League,Burnley,Axel Tuanzebe,1,0.61,0,14,0,84.53
Premier League,Chelsea,Jorrel Hato,0,0.31,7,36,0,91.98
Premier League,Everton,Merlin Röhl,1,0.78,3,25,0,77.51
Premier League,Leeds United,Facundo Buonanotte,0,0.06,0,1,0,77.78
Premier League,Wolverhampton,Fer López,0,0.16,3,1,1,72.82
Premier League,Tottenham Hotspur,Radu Drăguşin,0,0.32,1,5,0,77.82
Premier League,Burnley,Jacob Bruun Larsen,0,1.38,10,12,1,81.51
Premier League,Liverpool FC,Joe Gomez,0,0.27,3,10,2,79.69
Premier League,Aston Villa,Harvey Elliott,0,0.29,0,0,0,84.15
Premier League,Sunderland,Eliezer Mayenda,2,2.15,11,5,0,65.88
Premier League,Wolverhampton,Toti Gomes,0,0.53,10,23,0,85.91
Premier League,Crystal Palace,Justin Devenny,1,2.62,3,25,0,73.12
Premier League,Manchester United,Joshua Zirkzee,2,2.95,5,9,1,74.29
Premier League,Sunderland,Nilson Angulo,0,0.78,7,10,0,73.08
Premier League,Bournemouth,Adam Smith,0,0.0,1,15,2,77.96
Premier League,West Ham United,Adama Traoré,0,0.69,12,2,0,77.88
Premier League,Sunderland,Simon Adingra,1,0.35,7,11,0,75.78
Premier League,Bournemouth,Hamed Junior Traorè,0,0.0,0,1,1,100.0
Premier League,Everton,Carlos Alcaraz,0,1.24,7,14,1,81.76
Premier League,Manchester United,Bendito Mantato,0,0.0,0,0,0,100.0
Premier League,Nottingham Forest,Angus Gunn,0,0.0,0,0,0,31.58
Premier League,Manchester City,Divine Mukasa,0,0.0,0,0,0,94.74
Premier League,Aston Villa,Andrés García,0,0.0,0,5,0,100.0
Premier League,Sunderland,Romaine Mundle,0,0.86,7,5,0,85.58
Premier League,Brighton & Hove Albion,Tom Watson,0,0.04,0,1,0,73.68
Premier League,Bournemouth,Enes Ünal,1,2.0,1,1,0,67.86
Premier League,Bournemouth,Ben Gannon-Doak,0,0.26,2,6,1,77.08
Premier League,Bournemouth,Alex Tóth,0,0.11,1,1,0,87.69
Premier League,Tottenham Hotspur,Randal Kolo Muani,1,2.18,28,29,1,70.43
Premier League,Burnley,Lyle Foster,3,3.25,10,16,2,70.0
Premier League,West Ham United,Luís Guilherme,0,0.07,2,1,0,90.0
Premier League,Chelsea,Liam Delap,1,4.47,10,5,0,69.84
Premier League,Burnley,Zeki Amdouni,0,0.24,1,0,0,95.0
Premier League,West Ham United,Pablo Felipe,0,1.05,9,26,1,73.63
Premier League,Burnley,Mike Trésor,0,0.0,0,1,0,85.19
Premier League,Fulham,Jonah Kusi-Asare,0,0.0,0,1,0,68.75
Premier League,Liverpool FC,Trey Nyoni,0,0.37,0,1,0,90.91
Premier League,Burnley,Quilindschy Hartman,0,0.34,5,52,5,75.68
Premier League,Crystal Palace,Christantus Uche,0,0.49,0,1,0,59.32
Premier League,Newcastle United,Yoane Wissa,1,3.12,1,5,1,69.89
Premier League,Burnley,Josh Laurent,1,0.85,9,48,0,78.07
Premier League,Tottenham Hotspur,Dane Scarlett,0,0.0,0,0,0,50.0
Premier League,Leeds United,Sam Byram,0,0.0,0,1,0,50.0
Premier League,Crystal Palace,Joel Drakes-Thomas,0,0.0,0,1,0,72.73
Premier League,Leeds United,Joël Piroe,0,0.96,1,2,0,81.44
Premier League,Brentford,Rico Henry,0,0.18,15,15,1,76.92
Premier League,Brighton & Hove Albion,Harry Howell,0,0.0,2,1,0,85.29
Premier League,Burnley,Ashley Barnes,0,0.25,1,0,0,30.77
Premier League,Burnley,Armando Broja,1,2.15,8,6,1,69.54
Premier League,Chelsea,Shumaira Mheuka,0,0.0,0,0,0,50.0
Premier League,Brentford,Kaye Furo,0,0.0,0,0,0,0.0
Premier League,Burnley,Jaydon Banel,0,0.0,0,0,0,100.0
Premier League,West Ham United,George Earthy,0,0.0,0,0,0,100.0
Premier League,Aston Villa,Bradley Burrowes,0,0.0,0,0,0,60.0
Premier League,Crystal Palace,Kaden Rodney,0,0.0,0,0,0,60.0
Premier League,Nottingham Forest,Arnaud Kalimuendo,0,0.44,0,1,0,82.76
Premier League,Newcastle United,Jamaal Lascelles,0,0.04,0,0,0,75.0
Premier League,Sunderland,Patrick Roberts,0,0.03,1,0,0,80.0
Premier League,Newcastle United,Sean Neave,0,0.03,0,0,0,0.0
Premier League,Crystal Palace,Jørgen Strand Larsen,4,5.32,11,9,1,64.5
Premier League,Nottingham Forest,Zach Abbott,0,0.0,1,4,0,70.97
Premier League,Brighton & Hove Albion,Igor Júlio,0,0.0,0,0,0,72.73
Premier League,Crystal Palace,Borna Sosa,0,0.04,0,3,0,63.41
Premier League,West Ham United,Callum Marshall,0,0.13,1,0,0,50.0
Premier League,Wolverhampton,Saša Kalajdžić,0,0.0,0,0,0,80.0
Premier League,Bournemouth,Ben Winterburn,0,0.0,0,0,0,0.0
Premier League,Bournemouth,Julio Soler,0,0.0,0,1,0,86.96
Premier League,Chelsea,Mamadou Sarr,0,0.44,0,1,0,88.46
Premier League,Tottenham Hotspur,Souza,0,0.02,0,0,0,92.59
Premier League,Chelsea,Marc Guiu,0,1.55,1,0,1,68.75
Premier League,Nottingham Forest,John Victor,0,0.0,0,0,0,63.85
Premier League,Brentford,Hákon Rafn Valdimarsson,0,0.0,0,0,0,73.17
Premier League,West Ham United,Nayef Aguerd,0,0.1,1,1,0,90.43
Premier League,West Ham United,Niclas Füllkrug,0,0.92,0,2,0,61.29
Premier League,Newcastle United,Emil Krafth,0,0.0,0,0,0,73.68
Premier League,Tottenham Hotspur,James Rowswell,0,0.0,0,0,0,0.0
Premier League,Brentford,Myles Peart-Harris,0,0.0,0,0,0,0.0
Premier League,Brighton & Hove Albion,Nehemiah Oriola,0,0.0,0,0,0,0.0
Premier League,Brighton & Hove Albion,Joe Knight,0,0.0,0,0,0,0.0
Serie A,Fiorentina,Oliver Christensen,0,0.0,0,0,0,73.17
Serie A,Juventus,Manuel Locatelli,1,2.76,10,102,2,88.16
Serie A,Parma,Filippo Rinaldi,0,0.0,0,0,0,47.73
Serie A,AC Milan,Luka Modrić,2,1.56,17,51,3,90.4
Serie A,Inter,Hakan Çalhanoğlu,9,5.65,5,34,4,90.65
Serie A,Inter,Federico Dimarco,7,5.22,7,50,17,83.25
Serie A,Inter,Benjamin Pavard,0,0.05,0,2,0,95.24
Serie A,Juventus,Kenan Yıldız,10,8.17,78,26,6,84.14
Serie A,Atalanta,Marco Carnesecchi,0,0.0,1,1,0,65.64
Serie A,Como,Nico Paz,12,8.5,69,91,6,82.78
Serie A,SSC Napoli,Alisson Santos,4,1.43,34,20,0,82.17
Serie A,Inter,Alessandro Bastoni,1,1.35,6,51,4,87.46
Serie A,Fiorentina,Nicolò Fagioli,2,2.53,19,46,3,89.95
Serie A,AC Milan,Mike Maignan,0,0.0,3,0,0,77.63
Serie A,AC Milan,Adrien Rabiot,6,4.28,20,57,4,85.58
Serie A,SSC Napoli,Amir Rrahmani,2,1.4,2,22,1,92.28
Serie A,Atalanta,Charles De Ketelaere,3,3.63,49,24,5,78.59
Serie A,AS Roma,Donyell Malen,14,14.18,16,5,2,77.27
Serie A,Lecce,Medon Berisha,2,1.22,3,21,3,81.32
Serie A,AC Milan,Samuel Chukwueze,0,0.0,1,0,0,84.62
Serie A,Lazio,Mario Gila,0,1.43,6,46,0,90.66
Serie A,Genoa,Leo Østigård,5,3.39,1,36,1,88.95
Serie A,Como,Jean Butez,0,0.0,1,2,1,81.57
Serie A,Inter,Nicolò Barella,3,3.16,25,54,8,85.74
Serie A,Udinese,Oumar Solet,3,2.79,41,75,1,89.25
Serie A,Lazio,Ivan Provedel,0,0.0,1,0,0,75.29
Serie A,Bologna,Federico Ravaglia,0,0.0,1,3,0,74.44
Serie A,Como,Jacobo Ramón,2,4.57,7,50,0,91.37
Serie A,AC Milan,Alexis Saelemaekers,3,3.31,50,73,3,83.86
Serie A,Sassuolo,Arijanet Murić,0,0.0,0,0,0,60.84
Serie A,Como,Martin Baturina,6,1.83,23,21,3,87.69
Serie A,Inter,Yann Bisseck,3,2.52,8,27,1,92.68
Serie A,Inter,Manuel Akanji,2,2.05,1,48,0,92.12
Serie A,Bologna,Nikola Moro,2,0.93,13,32,0,84.98
Serie A,Inter,Piotr Zieliński,6,2.47,18,31,3,92.31
Serie A,Como,Lucas Da Cunha,6,6.61,22,57,4,90.26
Serie A,Atalanta,Giorgio Scalvini,3,2.57,13,47,1,87.94
Serie A,Genoa,Filippo Carbone,0,0.0,0,3,0,100.0
Serie A,Juventus,Bremer,4,2.79,1,28,3,89.51
Serie A,Inter,Lautaro Martínez,17,13.5,21,24,6,78.17
Serie A,AS Roma,Mile Svilar,0,0.0,0,3,0,69.49
Serie A,Torino,Alberto Paleari,0,0.0,0,0,0,66.16
Serie A,Juventus,Jérémie Boga,4,2.87,22,7,0,82.63
Serie A,AS Roma,Matías Soulé,6,3.96,35,19,5,84.43
Serie A,AS Roma,Wesley,5,1.6,14,53,0,80.06
Serie A,Fiorentina,Manor Solomon,2,0.85,25,13,1,89.52
Serie A,AC Milan,Pietro Terracciano,0,0.0,0,0,0,93.55
Serie A,AC Milan,Strahinja Pavlović,5,3.53,17,54,1,90.8
Serie A,Pisa,Simone Scuffet,0,0.0,0,0,0,67.51
Serie A,SSC Napoli,Scott McTominay,10,11.01,26,28,3,88.94
Serie A,Cremonese,Emil Audero,0,0.0,1,0,0,61.79
Serie A,Inter,Marcus Thuram,13,9.43,17,24,6,75.63
Serie A,Lazio,Nicolò Rovella,0,0.03,6,11,1,92.68
Serie A,Parma,Adrián Bernabé,3,2.25,15,39,1,84.78
Serie A,SSC Napoli,Billy Gilmour,1,0.69,9,14,0,90.03
Serie A,Inter,Stefan de Vrij,0,0.35,1,15,0,93.79
Serie A,Atalanta,Marten de Roon,1,0.84,3,81,2,85.89
Serie A,Parma,Zion Suzuki,0,0.0,0,0,0,61.95
Serie A,Cagliari,Sebastiano Esposito,7,4.98,17,56,5,75.52
Serie A,AS Roma,Bryan Cristante,2,2.1,13,72,1,81.31
Serie A,Cagliari,Marco Palestra,1,1.71,70,55,4,85.12
Serie A,AS Roma,Manu Koné,2,2.11,29,49,3,90.44
Serie A,Cagliari,Elia Caprile,0,0.0,0,0,0,63.79
Serie A,Sassuolo,Domenico Berardi,8,5.82,11,26,4,76.97
Serie A,SSC Napoli,David Neres,3,1.54,19,10,3,81.57
Serie A,SSC Napoli,Kevin De Bruyne,5,4.05,9,12,2,83.78
Serie A,Juventus,Francisco Conceição,3,7.77,54,34,5,87.28
Serie A,Fiorentina,Rolando Mandragora,7,4.7,6,45,3,84.44
Serie A,Udinese,Keinan Davis,10,10.07,30,11,4,77.78
Serie A,Juventus,Lloyd Kelly,1,1.09,18,48,1,88.93
Serie A,Cremonese,Federico Bonazzoli,10,9.73,11,30,1,84.39
Serie A,AS Roma,Gianluca Mancini,4,2.46,4,52,2,86.9
Serie A,Como,Marc Kempf,4,2.82,2,21,1,89.28
Serie A,Atalanta,Éderson,2,4.36,16,59,1,89.21
Serie A,Lecce,Matías Pérez,0,0.0,0,0,0,93.33
Serie A,Como,Edoardo Goldaniga,0,0.0,0,0,0,100.0
Serie A,Lazio,Mattéo Guendouzi,2,1.3,8,14,1,87.62
Serie A,Lecce,Wladimiro Falcone,0,0.0,0,2,0,45.71
Serie A,Fiorentina,Dodô,1,2.18,46,29,2,83.57
Serie A,AC Milan,Christian Pulišić,8,8.07,32,15,4,85.95
Serie A,Genoa,Junior Messias,3,1.86,20,20,1,76.15
Serie A,Como,Máximo Perrone,3,2.14,9,56,4,91.36
Serie A,Inter,Francesco Acerbi,0,0.37,1,10,0,94.89
Serie A,Sassuolo,Ismael Koné,6,5.24,26,31,0,91.51
Serie A,Atalanta,Nicola Zalewski,2,2.88,28,29,4,75.96
Serie A,SSC Napoli,Leonardo Spinazzola,3,1.16,16,24,3,80.73
Serie A,Parma,Alessandro Circati,1,1.01,4,43,0,87.62
Serie A,Udinese,Maduka Okoye,0,0.0,0,0,0,64.71
Serie A,Atalanta,Lorenzo Bernasconi,0,0.4,8,29,3,84.18
Serie A,Parma,Edoardo Corvi,0,0.0,0,1,0,74.61
Serie A,Sassuolo,Armand Laurienté,7,3.8,29,27,9,84.64
Serie A,Bologna,Jhon Lucumí,1,0.96,5,41,0,89.57
Serie A,Fiorentina,David De Gea,0,0.0,0,0,0,66.26
Serie A,Hellas Verona,Roberto Gagliardini,1,1.23,6,73,0,81.12
Serie A,Juventus,Khéphren Thuram,3,3.09,23,60,3,86.79
Serie A,Lazio,Mattia Zaccagni,3,4.07,23,37,0,82.54
Serie A,Bologna,Juan Miranda,1,0.61,8,49,3,83.24
Serie A,Lazio,Alessio Romagnoli,0,1.46,1,23,0,93.25
Serie A,Pisa,Adrian Šemper,0,0.0,0,0,0,61.53
Serie A,Sassuolo,Nemanja Matić,1,0.37,13,43,1,86.46
Serie A,Lazio,Alessio Furlanetto,0,0.0,0,0,0,82.22
Serie A,Genoa,Justin Bijlow,0,0.0,0,0,0,75.08
Serie A,Inter,Henrikh Mkhitaryan,4,4.92,12,33,1,88.06
Serie A,Bologna,Nicolò Cambiaghi,3,2.13,15,30,4,83.38
Serie A,Fiorentina,Fabiano Parisi,1,1.28,31,21,1,84.98
Serie A,Parma,Mariano Troilo,1,0.75,5,28,0,89.31
Serie A,Cagliari,Yerry Mina,2,1.58,2,32,0,91.51
Serie A,SSC Napoli,Frank Anguissa,4,2.54,9,18,1,86.55
Serie A,AS Roma,Mario Hermoso,3,1.83,4,36,2,86.98
Serie A,Parma,Mandela Keita,1,0.7,29,74,1,88.43
Serie A,Genoa,Aarón Martín,1,1.32,13,43,5,78.83
Serie A,AC Milan,Matteo Gabbia,0,1.39,0,21,0,91.93
Serie A,AS Roma,Evan Ndicka,3,1.95,4,24,0,90.58
Serie A,Inter,Yann Sommer,0,0.0,0,0,0,81.87
Serie A,Parma,Gabriel Strefezza,2,0.97,17,16,2,85.34
Serie A,Sassuolo,Stefano Turati,0,0.0,0,0,0,49.68
Serie A,SSC Napoli,Matteo Politano,2,2.45,33,15,5,82.02
Serie A,Udinese,Thomas Kristensen,3,1.02,6,26,0,85.59
Serie A,AC Milan,Rafael Leão,9,9.88,26,6,3,83.68
Serie A,Torino,Nikola Vlašić,8,6.96,28,67,3,83.81
Serie A,Juventus,Pierre Kalulu,2,1.75,7,62,4,88.85
Serie A,AC Milan,Davide Bartesaghi,2,1.11,12,49,0,85.79
Serie A,Atalanta,Berat Djimsiti,0,1.63,3,52,0,90.37
Serie A,SSC Napoli,Noa Lang,1,0.79,8,12,2,78.81
Serie A,Genoa,Morten Frendrup,1,0.4,8,99,0,87.84
Serie A,SSC Napoli,Stanislav Lobotka,1,0.51,4,28,1,92.71
Serie A,Torino,Ardian Ismajli,0,0.32,2,33,1,88.56
Serie A,Lazio,Oliver Provstgaard,0,0.33,1,12,0,92.37
Serie A,Bologna,Federico Bernardeschi,4,3.02,24,7,2,87.22
Serie A,Udinese,Arthur Atta,5,4.03,63,27,3,83.16
Serie A,Lecce,Ylber Ramadani,1,1.1,14,92,0,80.43
Serie A,Sassuolo,Kristian Thorstvedt,4,6.35,18,44,4,82.37
Serie A,Juventus,Filip Kostić,3,0.59,4,17,1,82.97
Serie A,AS Roma,Paulo Dybala,2,4.79,19,10,6,83.6
Serie A,AS Roma,Devyne Rensch,1,0.3,4,31,4,81.4
Serie A,AS Roma,Bryan Zaragoza,0,0.05,6,1,1,83.05
Serie A,Udinese,Abdoulaye Camara,0,0.0,0,0,0,100.0
Serie A,Juventus,Michele Di Gregorio,0,0.0,1,0,0,75.86
Serie A,SSC Napoli,Giovanni Di Lorenzo,2,2.03,8,45,1,85.89
Serie A,Lazio,Valentín Castellanos,2,2.02,8,7,3,68.15
Serie A,Torino,Guillermo Maripán,2,1.57,4,51,0,85.35
Serie A,Como,Diego Carlos,1,0.98,0,30,0,92.81
Serie A,Genoa,Ruslan Malinovskyi,6,4.55,11,30,3,82.18
Serie A,AC Milan,Fikayo Tomori,0,0.59,3,65,2,90.2
Serie A,Juventus,Andrea Cambiaso,3,2.95,9,61,4,88.03
Serie A,Atalanta,Mario Pašalić,3,2.66,7,25,4,88.52
Serie A,Inter,Carlos Augusto,1,1.46,6,37,1,89.04
Serie A,Lecce,Tiago Gabriel,2,3.6,1,63,0,87.42
Serie A,Pisa,Michel Aebischer,1,0.65,14,65,2,85.55
Serie A,Juventus,Weston McKennie,5,7.54,17,40,5,83.15
Serie A,Parma,Emanuele Valeri,0,0.68,15,46,2,73.14
Serie A,Inter,Petar Sučić,2,1.66,15,46,2,89.34
Serie A,Genoa,Nicola Leali,0,0.0,0,1,0,64.35
Serie A,Pisa,Samuele Angori,0,1.82,9,46,2,72.74
Serie A,Fiorentina,Robin Gosens,3,2.86,0,31,1,79.51
Serie A,Como,Jayden Addai,3,1.54,14,6,0,74.25
Serie A,Lazio,Danilo Cataldi,3,2.99,6,34,3,85.15
Serie A,Bologna,Remo Freuler,1,1.32,2,55,2,87.31
Serie A,AC Milan,Koni De Winter,1,0.69,3,29,1,91.37
Serie A,Lazio,Matteo Cancellieri,4,4.27,14,42,2,76.81
Serie A,Como,Ivan Smolčić,0,0.86,2,38,1,87.13
Serie A,Lazio,Edoardo Motta,0,0.0,0,0,0,71.31
Serie A,Hellas Verona,Andrias Edmundsson,0,0.19,1,26,0,75.38
Serie A,Bologna,Riccardo Orsolini,10,9.68,32,21,1,70.41
Serie A,Torino,Saúl Coco,1,0.9,7,58,1,85.28
Serie A,AC Milan,Samuele Ricci,1,1.53,5,16,4,90.11
Serie A,Atalanta,Isak Hien,1,0.85,4,49,0,92.06
Serie A,Sassuolo,Tarik Muharemović,2,1.64,7,44,2,85.69
Serie A,Sassuolo,Ulisses Garcia,1,0.09,2,17,2,86.07
Serie A,Como,Jesús Rodriguez,2,4.0,41,26,9,79.61
Serie A,Inter,Luís Henrique,1,0.88,13,20,2,86.85
Serie A,Torino,Niels Nkounkou,0,0.19,8,16,1,80.34
Serie A,Cagliari,Gianluca Gaetano,2,1.87,17,29,4,80.47
Serie A,Cagliari,Luca Mazzitelli,2,0.73,3,20,2,75.95
Serie A,Parma,Lautaro Valenti,0,0.56,8,49,0,78.16
Serie A,Torino,Kristjan Asllani,0,1.39,3,21,0,84.12
Serie A,Como,Alberto Moreno,2,1.51,1,22,1,90.46
Serie A,Cremonese,Jari Vandeputte,1,2.16,7,38,5,77.39
Serie A,Udinese,Daniele Padelli,0,0.0,0,0,0,66.67
Serie A,Fiorentina,Luca Ranieri,1,1.89,6,34,0,85.83
Serie A,Pisa,Mehdi Léris,2,1.59,17,67,3,70.16
Serie A,SSC Napoli,Antonio Vergara,1,0.77,8,12,2,76.14
Serie A,Atalanta,Davide Zappacosta,3,2.27,25,22,3,84.98
Serie A,Udinese,Jürgen Ekkelenkamp,5,4.89,16,47,3,79.0
Serie A,Lecce,Jamil Siebert,1,0.41,4,27,0,77.2
Serie A,Como,Anastasios Douvikas,14,12.1,13,13,1,77.67
Serie A,Lazio,Nuno Tavares,0,0.65,23,30,0,86.37
Serie A,Como,Maxence Caqueret,2,2.27,17,35,6,88.19
Serie A,SSC Napoli,Vanja Milinković-Savić,0,0.0,0,0,1,72.29
Serie A,AS Roma,Lorenzo Pellegrini,4,5.32,5,12,2,77.13
Serie A,AS Roma,Angeliño,0,0.18,0,9,0,78.47
Serie A,Udinese,Branimir Mlačić,0,0.03,1,3,0,87.18
Serie A,Udinese,Alessandro Zanoli,1,0.1,14,25,2,80.46
Serie A,Pisa,Juan Cuadrado,1,0.96,13,18,0,81.48
Serie A,Genoa,Brooke Norton-Cuffy,2,1.6,32,43,1,81.11
Serie A,Lazio,Kenneth Taylor,3,2.04,8,21,2,88.71
Serie A,Cagliari,Adam Obert,0,1.43,16,68,3,81.72
Serie A,SSC Napoli,Miguel Gutiérrez,1,0.78,8,33,1,88.04
Serie A,SSC Napoli,Sam Beukema,2,1.7,2,19,0,91.4
Serie A,Bologna,Eivind Helland,0,0.07,0,7,0,87.76
Serie A,Lecce,Gaby Jean,0,0.0,0,3,0,80.77
Serie A,Lazio,Toma Bašić,2,1.41,1,21,3,87.43
Serie A,Parma,Nesta Elphege,2,1.91,4,2,1,66.13
Serie A,Lazio,Pedro,5,2.44,13,11,2,86.93
Serie A,Cremonese,Federico Baschirotto,2,1.06,1,26,0,86.47
Serie A,Lazio,Gustav Isaksen,5,5.01,27,16,1,80.74
Serie A,Udinese,Nicolò Zaniolo,5,5.5,33,28,6,78.07
Serie A,Cagliari,Alberto Dossena,0,0.78,1,16,1,89.3
Serie A,AS Roma,Jan Ziółkowski,0,0.12,0,19,0,83.86
Serie A,AS Roma,Zeki Çelik,1,1.54,8,64,2,85.23
Serie A,Juventus,Emil Holm,1,1.28,7,30,4,78.34
Serie A,Bologna,João Mário,1,0.28,15,14,0,78.46
Serie A,Cagliari,Andrea Belotti,2,1.92,1,1,0,74.19
Serie A,Pisa,Ebenezer Akinsanmiro,0,0.86,21,39,1,85.66
Serie A,Inter,Matteo Cocchi,0,0.0,0,1,0,62.5
Serie A,Cremonese,Marco Silvestri,0,0.0,0,0,0,57.14
Serie A,Hellas Verona,Yellu Santiago,0,0.02,1,2,0,57.14
Serie A,Fiorentina,Abdelhamid Sabiri,0,0.01,0,2,0,68.42
Serie A,Torino,Cesare Casadei,6,4.18,13,36,0,75.27
Serie A,Bologna,Jonathan Rowe,3,3.99,49,21,2,80.93
Serie A,AS Roma,Daniele Ghilardi,0,0.35,3,30,0,85.9
Serie A,Lecce,Kialonda Gaspar,0,0.89,1,23,0,84.34
Serie A,Atalanta,Lazar Samardžić,2,2.96,14,12,1,84.16
Serie A,Udinese,Christian Kabasele,3,1.29,5,18,0,88.35
Serie A,Pisa,Stefano Moreo,7,5.86,13,17,1,59.85
Serie A,Genoa,Johan Vásquez,1,1.29,8,59,0,85.56
Serie A,Lazio,Patric,0,0.29,2,2,0,91.42
Serie A,Cagliari,Gennaro Borrelli,5,3.18,6,15,1,70.04
Serie A,Como,Ignace Van der Brempt,0,0.18,6,30,1,85.68
Serie A,Lecce,Antonino Gallo,0,0.51,13,58,4,70.6
Serie A,Fiorentina,Luís Balbo,0,0.0,0,6,0,66.67
Serie A,Como,Assane Diao,2,2.65,27,16,1,79.94
Serie A,SSC Napoli,Alessandro Buongiorno,0,1.43,1,33,1,90.97
Serie A,Torino,Valentino Lazaro,0,0.48,11,47,2,79.38
Serie A,Juventus,Federico Gatti,2,2.1,1,12,0,90.7
Serie A,Lazio,Tijjani Noslin,4,4.84,17,7,2,81.18
Serie A,Torino,Emirhan İlkhan,1,2.23,7,26,2,83.97
Serie A,Hellas Verona,Kieron Bowie,4,4.25,5,9,0,70.0
Serie A,Pisa,Matteo Tramoni,2,3.25,8,32,2,72.18
Serie A,Udinese,Hassane Kamara,0,0.65,17,31,2,81.74
Serie A,Hellas Verona,Tobias Slotsager,0,0.14,0,14,0,77.53
Serie A,Bologna,Łukasz Skorupski,0,0.0,0,0,0,73.37
Serie A,Bologna,Martin Vitík,0,0.36,2,36,0,87.96
Serie A,SSC Napoli,Juan Jesus,0,0.33,0,40,0,91.53
Serie A,Genoa,Alexsandro Amorim,0,0.16,7,16,0,85.46
Serie A,Udinese,Jesper Karlström,1,0.83,10,54,0,81.34
Serie A,Atalanta,Giacomo Raspadori,3,3.18,5,8,1,80.6
Serie A,Lecce,Lameck Banda,5,2.77,34,27,4,80.12
Serie A,Genoa,Vitinha,5,6.21,36,39,1,66.92
Serie A,Sassuolo,Darryl Bakola,0,0.08,3,8,1,79.03
Serie A,Udinese,Rui Modesto,0,0.02,0,6,1,72.73
Serie A,Fiorentina,Eddy Kouadio,0,0.0,1,4,0,87.5
Serie A,Torino,Giovanni Simeone,11,9.92,22,16,0,72.66
Serie A,Parma,Nahuel Estévez,0,0.57,0,18,1,77.99
Serie A,Pisa,Idrissa Touré,1,2.75,21,43,0,65.77
Serie A,Genoa,Patrizio Masini,0,1.87,2,68,1,74.34
Serie A,AC Milan,Ardon Jashari,0,0.22,6,14,1,91.03
Serie A,SSC Napoli,Mathías Olivera,0,1.37,2,42,0,91.03
Serie A,Atalanta,Yunus Musah,1,0.62,14,10,0,88.01
Serie A,Cremonese,Matteo Bianchetti,0,0.5,2,46,2,83.63
Serie A,Cremonese,Mikayil Faye,0,0.04,3,7,0,78.23
Serie A,Lecce,Riccardo Sottil,1,0.67,13,4,2,82.4
Serie A,Hellas Verona,Martin Frese,2,1.73,0,84,0,75.07
Serie A,Inter,Josep Martínez,0,0.0,0,0,0,86.96
Serie A,Fiorentina,Marin Pongračić,0,0.7,16,31,0,91.64
Serie A,Sassuolo,Filippo Romagna,0,0.04,0,1,0,90.16
Serie A,Torino,Gvidas Gineitis,0,1.03,17,45,1,76.44
Serie A,Atalanta,Ademola Lookman,2,2.68,16,5,0,79.58
Serie A,Cremonese,Franco Vázquez,1,1.39,5,19,2,78.28
Serie A,Lecce,Lassana Coulibaly,3,2.79,24,48,1,81.95
Serie A,Como,Álex Valle,1,1.04,5,51,4,84.5
Serie A,Fiorentina,Tariq Lamptey,0,0.0,0,2,0,70.0
Serie A,Genoa,Wedtoin Latif Ouedraogo,0,0.0,0,5,0,62.5
Serie A,AC Milan,Zachary Athekame,2,0.4,5,15,2,80.45
Serie A,Sassuolo,Cristian Volpato,2,1.66,23,16,4,79.8
Serie A,Parma,Hans Nicolussi Caviglia,0,0.91,11,27,4,84.51
Serie A,Parma,Enrico Delprato,2,2.12,5,36,0,86.14
Serie A,Juventus,Juan Cabal,2,0.79,1,9,0,80.6
Serie A,Lecce,Danilo Veiga,0,0.24,19,97,1,70.66
Serie A,Inter,Ange-Yoan Bonny,5,3.79,20,17,4,79.55
Serie A,Juventus,Teun Koopmeiners,0,1.5,5,33,0,90.7
Serie A,AS Roma,Stephan El Shaarawy,1,1.48,12,10,2,84.89
Serie A,Bologna,Charalampos Lykogiannis,0,0.2,3,14,1,77.03
Serie A,Cremonese,Milan Đurić,0,0.88,1,1,1,46.54
Serie A,Hellas Verona,Armel Bella-Kotchap,0,0.11,1,20,0,84.28
Serie A,AS Roma,Neil El Aynaoui,1,1.08,9,20,2,89.19
Serie A,Bologna,Santiago Castro,7,7.23,16,10,2,76.8
Serie A,Udinese,Lennon Miller,0,0.38,10,21,2,77.6
Serie A,Sassuolo,Sebastian Walukiewicz,0,0.22,21,50,1,85.54
Serie A,Atalanta,Kamaldeen Sulemana,2,2.32,22,9,1,84.8
Serie A,Fiorentina,Jack Harrison,1,0.88,11,10,3,82.68
Serie A,Juventus,Dušan Vlahović,7,7.08,3,3,1,69.71
Serie A,AC Milan,Christopher Nkunku,7,9.48,9,5,3,88.3
Serie A,Hellas Verona,Suat Serdar,2,2.15,9,31,0,71.9
Serie A,Bologna,Massimo Pessina,0,0.0,0,0,0,66.18
Serie A,Parma,Mateo Pellegrino,9,8.59,25,17,1,62.71
Serie A,SSC Napoli,Eljif Elmas,1,2.94,13,24,3,89.33
Serie A,Hellas Verona,Victor Nelsson,0,0.45,3,72,0,84.07
Serie A,Cremonese,Tommaso Barbieri,0,0.82,16,45,1,73.32
Serie A,Bologna,Lewis Ferguson,1,0.67,3,26,0,87.7
Serie A,Cagliari,Mattia Felici,2,0.62,7,11,1,67.62
Serie A,SSC Napoli,Alex Meret,0,0.0,0,0,1,84.0
Serie A,AC Milan,Pervis Estupiñán,1,0.39,2,15,1,86.72
Serie A,Cremonese,Jeremy Sarmiento,0,0.08,5,6,0,91.38
Serie A,Torino,Che Adams,6,5.74,13,14,2,75.14
Serie A,Fiorentina,Albert Guðmundsson,5,5.58,20,8,4,86.77
Serie A,Cremonese,Alberto Grassi,0,1.1,8,23,0,85.13
Serie A,Inter,Andy Diouf,1,0.6,12,12,0,85.47
Serie A,Como,Mërgim Vojvoda,2,1.36,13,13,2,83.8
Serie A,Genoa,Valentín Carboni,0,0.44,10,14,0,82.44
Serie A,Cremonese,Sebastiano Luperto,1,0.66,5,35,1,88.22
Serie A,Cremonese,Filippo Terracciano,2,1.88,5,33,0,86.19
Serie A,Como,Stefan Posch,1,0.8,1,12,0,80.99
Serie A,Hellas Verona,Sandi Lovrić,0,0.49,5,22,1,87.71
Serie A,Cremonese,Jamie Vardy,7,4.9,6,12,2,62.38
Serie A,Hellas Verona,Lorenzo Montipò,0,0.0,1,1,1,46.34
Serie A,Genoa,Tommaso Baldanzi,1,2.01,5,16,2,87.9
Serie A,Lazio,Daniel Maldini,2,3.25,16,15,1,81.23
Serie A,Udinese,Adam Buksa,3,2.11,2,10,0,60.77
Serie A,AS Roma,Niccolò Pisilli,2,1.69,8,27,4,86.08
Serie A,Hellas Verona,Rafik Belghali,2,2.17,39,21,0,76.83
Serie A,Hellas Verona,Jean Daniel Akpa-Akpro,1,1.0,23,44,0,74.81
Serie A,Inter,Luka Topalović,0,0.0,0,0,1,60.0
Serie A,Atalanta,Marco Sportiello,0,0.0,0,1,0,83.33
Serie A,Atalanta,Mitchel Bakker,0,0.0,0,0,0,100.0
Serie A,Atalanta,Dominic Vavassori,0,0.0,0,0,0,100.0
Serie A,Pisa,Brando Bettazzi,0,0.0,1,1,0,100.0
Serie A,Sassuolo,Andrea Ghion,0,0.0,0,1,0,100.0
Serie A,Genoa,Mamedi Doucoure,0,0.0,0,0,0,100.0
Serie A,AC Milan,David Odogu,0,0.0,0,0,0,50.0
Serie A,Genoa,Daniele Sommariva,0,0.0,0,0,0,54.44
Serie A,Juventus,Nicolás González,0,0.13,0,0,0,40.0
Serie A,Udinese,Nicolò Bertola,0,0.57,5,37,1,78.21
Serie A,Bologna,Torbjørn Heggem,0,1.14,8,32,0,91.72
Serie A,Udinese,Jakub Piotrowski,1,2.69,13,45,1,82.1
Serie A,Cremonese,Francesco Folino,1,0.17,0,8,0,80.71
Serie A,Fiorentina,Niccolò Fortini,0,0.25,8,22,0,87.62
Serie A,Lazio,Matías Vecino,0,0.33,0,10,1,88.62
Serie A,Lazio,Reda Belahyane,0,0.21,7,13,2,85.77
Serie A,Bologna,Lorenzo De Silvestri,0,0.0,1,2,0,85.79
Serie A,AS Roma,Lorenzo Venturino,0,0.17,4,0,0,80.41
Serie A,Pisa,Marius Marin,0,0.12,1,45,0,77.18
Serie A,Juventus,Mattia Perin,0,0.0,0,0,0,85.09
Serie A,Fiorentina,Cher Ndour,3,2.61,7,35,0,82.8
Serie A,Fiorentina,Marco Brescianini,2,1.81,8,13,1,83.16
Serie A,Pisa,Isak Vural,0,0.8,9,9,0,82.86
Serie A,Udinese,Iker Bravo,1,0.24,1,1,0,81.82
Serie A,Parma,Pontus Almqvist,0,0.39,6,9,1,78.3
Serie A,Torino,Luca Marianucci,0,0.03,2,16,1,83.98
Serie A,Genoa,Stefano Sabelli,0,0.52,1,22,0,69.28
Serie A,Fiorentina,Moise Kean,8,15.06,25,6,1,72.3
Serie A,Udinese,Juan Arizala,0,0.03,2,8,0,89.33
Serie A,Cremonese,Morten Thorsby,3,2.25,3,22,1,70.32
Serie A,Lazio,Luca Pellegrini,1,0.69,10,27,0,80.12
Serie A,Torino,Franco Israel,0,0.0,0,0,0,58.62
Serie A,Cagliari,Juan Rodríguez,1,0.75,1,37,0,88.67
Serie A,Pisa,Raúl Albiol,0,0.07,0,7,1,86.17
Serie A,Torino,Ivan Ilić,0,0.0,2,8,0,82.11
Serie A,Genoa,Albert Grønbæk,0,0.03,2,4,0,76.47
Serie A,Sassuolo,Jay Idzes,0,0.19,6,28,0,90.12
Serie A,Sassuolo,Alieu Fadera,2,2.1,11,36,1,78.6
Serie A,Lazio,Adam Marušić,1,1.31,6,35,2,87.03
Serie A,Juventus,Edon Zhegrova,0,0.82,21,5,0,82.53
Serie A,Cagliari,Yael Trepy,1,0.61,2,2,0,60.0
Serie A,Udinese,Răzvan Sava,0,0.0,0,0,0,75.0
Serie A,Atalanta,Gianluca Scamacca,10,6.73,13,8,1,70.25
Serie A,Torino,Cyril Ngonge,1,1.85,19,11,1,69.8
Serie A,Fiorentina,Jacopo Fazzini,0,1.06,9,18,0,74.47
Serie A,Hellas Verona,Nicolás Valentini,0,0.92,5,31,0,71.73
Serie A,Inter,Francesco Pio Esposito,7,7.4,4,9,3,73.15
Serie A,Udinese,Kingsley Ehizibue,2,1.15,7,39,0,79.25
Serie A,Lecce,Balthazar Pierret,0,0.0,0,2,0,68.75
Serie A,Atalanta,Sead Kolašinac,0,0.19,5,27,0,90.01
Serie A,Bologna,Tommaso Pobega,3,1.69,7,37,1,77.25
Serie A,Cremonese,Giuseppe Pezzella,0,0.14,14,53,1,76.9
Serie A,Atalanta,Odilon Kossounou,1,0.39,5,17,0,91.41
Serie A,Bologna,Jens Odgaard,5,2.46,7,21,1,73.01
Serie A,Genoa,Alessandro Marcandalli,0,0.34,4,33,2,82.95
Serie A,Lecce,Walid Cheddira,4,3.59,14,6,1,67.79
Serie A,Atalanta,Raoul Bellanova,0,0.48,9,18,1,88.91
Serie A,Hellas Verona,Antoine Bernede,1,1.36,17,70,2,77.42
Serie A,Atalanta,Nikola Krstović,10,14.03,17,15,5,73.8
Serie A,Cremonese,David Okereke,2,0.65,5,3,0,87.76
Serie A,Cremonese,Manuel De Luca,1,1.05,0,0,0,20.0
Serie A,Genoa,Sebastian Otoa,0,0.09,3,11,0,90.61
Serie A,Udinese,Jordan Zemura,0,0.46,9,31,1,73.57
Serie A,Bologna,Nadir Zortea,0,0.43,20,26,2,79.92
Serie A,Juventus,Fabio Miretti,1,2.12,7,19,2,85.75
Serie A,Bologna,Nicolò Casale,0,0.74,0,7,0,86.27
Serie A,Hellas Verona,Domagoj Bradarić,0,0.62,7,30,1,75.89
Serie A,Hellas Verona,Grigoris Kastanos,0,0.02,1,5,0,69.23
Serie A,Cagliari,Riyad Idrissi,2,0.53,8,21,0,79.79
Serie A,Fiorentina,Pietro Comuzzo,1,1.03,1,32,0,90.32
Serie A,Hellas Verona,Daniel Oyegoke,0,0.07,7,16,0,75.14
Serie A,Inter,Denzel Dumfries,3,3.44,6,16,1,80.11
Serie A,Cagliari,Alessandro Deiola,0,1.53,3,35,2,81.34
Serie A,AC Milan,Ruben Loftus-Cheek,3,3.16,12,14,1,84.48
Serie A,Sassuolo,Woyo Coulibaly,0,0.13,8,24,0,90.34
Serie A,Torino,Enzo Ebosse,0,0.05,2,12,1,89.72
Serie A,Torino,Duván Zapata,3,3.86,6,4,1,73.06
Serie A,Parma,Hernani,0,0.02,0,1,0,70.83
Serie A,Parma,Adrian Benedyczak,1,1.44,0,6,1,73.96
Serie A,Torino,Cristiano Biraghi,0,0.07,1,9,0,80.11
Serie A,Atalanta,Honest Ahanor,0,1.92,5,36,0,89.64
Serie A,Cagliari,Paul Mendy,2,1.88,2,0,0,70.27
Serie A,Cremonese,Dennis Johnsen,1,0.43,5,3,1,51.04
Serie A,AC Milan,Youssouf Fofana,2,3.68,13,41,3,82.69
Serie A,Como,Sergi Roberto,0,0.96,4,7,0,92.18
Serie A,Lecce,Mohamed Kaba,0,0.47,9,12,0,76.34
Serie A,Bologna,Simon Sohm,0,0.79,11,20,1,85.46
Serie A,Torino,Matteo Prati,1,1.57,7,39,1,79.76
Serie A,Fiorentina,Edin Džeko,0,0.3,2,1,0,74.07
Serie A,Hellas Verona,Moatasem Al-Musrati,0,0.3,0,14,1,82.71
Serie A,Sassuolo,Luca Lipani,0,0.85,5,29,1,83.85
Serie A,Udinese,Saba Goglichidze,0,0.2,0,11,0,81.52
Serie A,Cagliari,Sulemana,1,1.58,11,19,0,88.21
Serie A,Como,Nicolas-Gerrit Kühn,1,1.02,10,13,1,82.03
Serie A,Torino,Zakaria Aboukhlal,0,0.34,6,22,0,74.1
Serie A,Cagliari,Michel Adopo,1,2.51,14,57,2,82.29
Serie A,Lazio,Manuel Lazzari,0,0.15,10,13,0,85.64
Serie A,Fiorentina,Giovanni Fabbian,2,2.44,6,12,0,79.73
Serie A,Lecce,Oumar Ngom,0,0.23,6,24,0,82.38
Serie A,Torino,Rafael Obrador,1,0.18,9,23,3,81.34
Serie A,AS Roma,Kostas Tsimikas,0,0.41,6,11,0,80.0
Serie A,Pisa,Simone Canestrelli,1,1.31,3,40,0,81.36
Serie A,Cagliari,Zé Pedro,0,0.79,5,31,1,86.99
Serie A,Genoa,Caleb Ekuban,4,3.74,8,4,1,68.63
Serie A,Torino,Alieu Njie,1,1.0,7,6,1,72.13
Serie A,Parma,Gaetano Oristanio,1,2.01,15,9,0,82.05
Serie A,AC Milan,Álex Jiménez,0,0.0,4,0,0,95.0
Serie A,SSC Napoli,Nikita Contini,0,0.0,0,0,0,66.67
Serie A,Cagliari,Othniël Raterink,0,0.0,0,0,0,83.33
Serie A,Genoa,Gael Lafont,0,0.0,0,0,0,92.86
Serie A,Sassuolo,Gioele Zacchi,0,0.0,0,0,0,100.0
Serie A,Lecce,Olaf Gorter,0,0.0,0,1,0,94.74
Serie A,Hellas Verona,Simone Perilli,0,0.0,0,0,0,47.44
Serie A,Cagliari,Nicolò Cavuoti,0,0.0,1,0,0,85.71
Serie A,Udinese,Matteo Palma,0,0.0,0,2,0,75.47
Serie A,Genoa,Jacopo Grossi,0,0.06,0,0,0,92.86
Serie A,Cremonese,Simone Lottici Tessadri,0,0.04,0,0,0,100.0
Serie A,Lazio,Adrian Przyborek,0,0.02,0,0,0,87.5
Serie A,Genoa,Mikael Ellertsson,1,2.27,11,44,1,75.55
Serie A,Sassuolo,M'bala Nzola,4,7.32,19,8,1,78.79
Serie A,Cremonese,Warren Bondo,0,0.25,15,31,0,89.82
Serie A,Sassuolo,Josh Doig,0,0.68,9,33,0,81.97
Serie A,SSC Napoli,Lorenzo Lucca,1,1.26,6,0,0,78.79
Serie A,Torino,Tino Anjorin,0,0.49,3,9,0,81.45
Serie A,Juventus,Vasilije Adžić,1,0.23,1,4,0,86.0
Serie A,Fiorentina,Pablo Marí,0,0.03,0,12,0,91.87
Serie A,SSC Napoli,Rasmus Højlund,12,10.59,12,4,5,74.56
Serie A,Lecce,Þórir Jóhann Helgason,0,0.21,6,2,0,71.74
Serie A,Lecce,N'Dri Konan,2,1.03,10,11,0,69.7
Serie A,SSC Napoli,Pasquale Mazzocchi,0,0.05,4,2,1,84.62
Serie A,Cagliari,Zito Luvumbo,0,1.1,3,2,0,76.92
Serie A,Hellas Verona,Fallou Cham,0,0.35,1,14,0,60.38
Serie A,Pisa,Antonio Caracciolo,2,2.09,3,71,0,84.25
Serie A,Pisa,Lorran,1,1.02,6,5,0,78.33
Serie A,Cagliari,Semih Kılıçsoy,4,1.86,14,5,0,77.08
Serie A,SSC Napoli,Romelu Lukaku,1,0.26,0,0,0,68.75
Serie A,Hellas Verona,Cheikh Niasse,0,0.17,4,21,1,81.16
Serie A,Genoa,Nicolae Stanciu,0,1.22,1,4,0,74.68
Serie A,Cremonese,Youssef Maleh,1,1.0,7,38,0,78.4
Serie A,Udinese,Oier Zarraga,0,0.28,1,6,0,89.87
Serie A,AS Roma,Artem Dovbyk,3,2.52,2,3,1,71.26
Serie A,Hellas Verona,Unai Núñez,0,0.45,9,24,0,78.08
Serie A,Cagliari,Gabriele Zappa,0,0.9,5,28,3,84.37
Serie A,Cremonese,Federico Ceccherini,0,0.2,1,7,1,80.09
Serie A,Sassuolo,Fali Candé,0,0.22,0,9,0,76.44
Serie A,Pisa,Mateus Lusuardi,0,0.07,1,2,0,82.28
Serie A,Fiorentina,Daniele Rugani,0,0.1,0,8,0,91.64
Serie A,Genoa,Jeff Ekhator,3,2.89,12,12,0,58.66
Serie A,Cremonese,Martín Payero,1,1.8,22,19,0,75.55
Serie A,Como,Álvaro Morata,0,4.92,2,14,1,75.32
Serie A,Lazio,Fisayo Dele-Bashiru,1,0.87,5,19,0,92.2
Serie A,Sassuolo,Aster Vranckx,0,0.15,3,16,0,84.49
Serie A,Sassuolo,Andrea Pinamonti,9,8.78,5,11,3,72.86
Serie A,Pisa,Gabriele Piccinini,0,2.27,4,22,0,78.45
Serie A,Sassuolo,Edoardo Iannoni,1,0.43,0,6,0,81.98
Serie A,Cagliari,Agustín Albarracín,0,0.0,0,0,0,87.5
Serie A,AS Roma,Antonio Arena,0,0.21,0,0,0,75.0
Serie A,Torino,Ali Dembélé,0,0.06,0,0,0,83.33
Serie A,Parma,Benjamin Cremaschi,0,0.02,2,2,0,72.55
Serie A,Fiorentina,Amir Richardson,0,0.02,1,1,0,68.97
Serie A,Lecce,Alex Sala,0,0.25,0,4,1,86.67
Serie A,Cremonese,Romano Floriani Mussolini,0,0.41,6,27,1,70.13
Serie A,Pisa,Arturo Calabresi,0,0.2,2,19,0,82.27
Serie A,Genoa,Lorenzo Colombo,7,8.33,19,20,1,70.44
Serie A,AS Roma,Robinio Vaz,1,0.51,0,0,0,65.71
Serie A,Torino,Marcus Pedersen,1,1.74,9,23,2,77.17
Serie A,Lecce,Corrie Ndaba,0,0.12,6,7,0,83.42
Serie A,Parma,Oliver Sørensen,1,1.59,7,18,1,82.88
Serie A,SSC Napoli,Giuseppe Ambrosino,0,0.0,2,0,0,40.0
Serie A,Hellas Verona,Isaac,0,0.0,1,0,0,90.91
Serie A,Inter,Matteo Darmian,0,0.0,0,3,0,90.91
Serie A,Hellas Verona,Ioan Vermesan,0,0.29,0,0,0,75.0
Serie A,Genoa,Jean Onana,0,0.02,0,3,0,73.91
Serie A,Udinese,Idrissa Gueye,1,1.72,2,6,0,67.61
Serie A,Parma,Jacob Ondrejka,0,1.16,10,7,0,79.51
Serie A,Cremonese,Alessio Zerbin,0,1.61,8,40,3,72.15
Serie A,Parma,Abdoulaye Ndiaye,0,0.63,2,16,0,83.96
Serie A,AS Roma,Evan Ferguson,3,2.62,8,7,2,76.97
Serie A,Lazio,Petar Ratkov,0,0.59,0,3,0,60.0
Serie A,Inter,Davide Frattesi,0,2.17,5,15,0,77.69
Serie A,Cagliari,Michael Folorunsho,2,3.37,22,24,0,66.46
Serie A,SSC Napoli,Giovane,3,3.69,36,15,5,69.06
Serie A,Cremonese,Antonio Sanabria,1,2.92,7,2,1,82.86
Serie A,Parma,Christian Ordoñez,1,0.48,5,25,0,82.2
Serie A,Hellas Verona,Amin Sarr,0,1.27,10,15,1,75.26
Serie A,Torino,Adrien Tameze,0,0.26,0,15,0,80.51
Serie A,Juventus,Loïs Openda,1,3.57,4,6,0,72.85
Serie A,Fiorentina,Roberto Piccoli,4,6.48,9,8,1,65.79
Serie A,Bologna,Thijs Dallinga,2,2.94,2,7,2,71.24
Serie A,Lecce,Omri Gandelman,2,1.4,2,9,1,63.79
Serie A,Hellas Verona,Abdou Harroui,1,1.2,11,27,0,81.72
Serie A,Hellas Verona,Gift Orban,7,10.55,19,4,2,71.81
Serie A,Parma,Sascha Britschgi,0,0.42,9,33,2,76.1
Serie A,AC Milan,Niclas Füllkrug,1,3.9,3,1,0,71.82
Serie A,Sassuolo,Pedro Felipe,0,0.0,1,2,1,90.63
Serie A,Cremonese,Dachi Lordkipanidze,0,0.0,0,0,0,71.43
Serie A,AS Roma,Alessandro Romano,0,0.0,1,0,0,85.71
Serie A,Pisa,Daniel Denoon,0,0.0,0,3,0,84.38
Serie A,Pisa,Nícolas,0,0.0,1,0,0,64.92
Serie A,Parma,Franco Carboni,0,0.0,1,2,0,80.0
Serie A,Parma,Daniel Mikołajewski,0,0.22,0,1,0,100.0
Serie A,Pisa,Calvin Stengs,0,0.08,0,2,0,82.14
Serie A,AC Milan,Cheveyo Mul-Balentien,0,0.07,0,0,0,0.0
Serie A,Sassuolo,Laurs Skjellerup,0,0.02,0,0,0,0.0
Serie A,Lecce,Nikola Štulić,4,4.54,4,12,0,68.79
Serie A,Sassuolo,Nicholas Pierini,0,0.31,2,4,0,83.02
Serie A,Parma,Mathias Løvik,0,0.15,2,11,0,79.53
Serie A,Lecce,Tete Morente,0,0.72,9,11,0,74.43
Serie A,Lecce,Santiago Pierotti,1,3.3,39,83,2,75.31
Serie A,Sassuolo,Luca Moro,0,0.62,1,5,0,77.27
Serie A,Cagliari,Leonardo Pavoletti,1,1.19,0,2,1,58.73
Serie A,Pisa,Samuel Iling Junior,0,0.0,0,2,0,56.67
Serie A,Cremonese,Michele Collocolo,0,0.06,1,3,0,81.36
Serie A,Lazio,Boulaye Dia,1,2.16,5,13,2,83.08
Serie A,Parma,Patrick Cutrone,1,2.62,4,6,0,65.71
Serie A,Bologna,Benjamín Domínguez,0,0.67,9,9,3,80.17
Serie A,AC Milan,Santiago Giménez,0,3.38,3,8,1,80.6
Serie A,Pisa,Giovanni Bonfanti,0,0.37,5,13,0,65.0
Serie A,Fiorentina,Christian Kouamé,0,0.0,0,1,0,80.0
Serie A,Genoa,Nils Zätterström,0,0.0,1,2,0,85.22
Serie A,Lecce,Christ-Owen Kouassi,0,0.0,0,11,0,80.25
Serie A,Lazio,Elseid Hysaj,0,0.0,0,2,0,77.03
Serie A,Hellas Verona,Pol Lirola,0,0.0,1,5,0,62.83
Serie A,Pisa,Malthe Højholt,0,0.73,1,14,0,84.64
Serie A,Sassuolo,Daniel Boloca,0,0.25,1,2,0,94.64
Serie A,AS Roma,Leon Bailey,0,0.17,2,2,0,83.05
Serie A,Torino,Sandro Kulenović,0,0.67,2,4,1,63.08
Serie A,Lecce,Francesco Camarda,1,1.86,3,3,0,71.03
Serie A,Pisa,Filip Stojilković,0,2.73,2,2,0,72.06
Serie A,Pisa,Henrik Wendel Meister,2,3.56,13,5,0,64.1
Serie A,Hellas Verona,Tomáš Suslov,0,0.56,4,8,0,83.33
Serie A,Cagliari,Joseph Liteta,0,0.0,2,5,0,84.73
Serie A,Fiorentina,Mattia Viti,0,0.0,1,9,0,83.92
Serie A,Juventus,Jonathan David,6,8.81,6,17,4,78.82
Serie A,Udinese,Vakoun Issouf Bayo,0,1.37,1,2,2,75.0
Serie A,Pisa,Felipe Loyola,1,0.8,3,10,0,87.04
Serie A,Genoa,Seydou Fini,0,0.0,1,0,0,66.67
Serie A,Inter,Matteo Lavelli,0,0.0,0,0,0,100.0
Serie A,Parma,Alessandro Cardinali,0,0.0,0,0,0,88.89
Serie A,Sassuolo,Christian Frangella,0,0.0,0,0,0,57.14
Serie A,Pisa,Rafiu Durosinmi,1,0.85,3,0,1,60.0
Serie A,Hellas Verona,Daniel Mosquera,0,0.71,7,5,2,73.68
Serie A,Lecce,Sadik Fofana,0,0.16,1,2,0,51.85
Serie A,Pisa,Louis Buffon,0,0.0,0,0,0,83.33
Serie A,Fiorentina,Riccardo Braschi,0,0.14,2,2,0,61.11
Serie A,Inter,Raffaele Di Gennaro,0,0.0,0,0,0,57.14
Serie A,Pisa,Tomás Esteves,0,0.0,0,0,0,80.0
Serie A,Cremonese,Faris Moumbagna,0,0.39,0,0,0,60.0
Serie A,Inter,Mattia Mosconi,0,0.09,0,0,0,100.0
Serie A,Juventus,Arkadiusz Milik,0,0.09,1,0,0,81.82
Serie A,Genoa,Maxwel Cornet,0,1.54,0,6,0,77.5
Serie A,Pisa,Francesco Coppola,0,0.1,0,13,0,83.74
Serie A,Bologna,Ciro Immobile,0,0.04,0,1,0,71.43
Serie A,Cagliari,Alessandro Di Pardo,0,0.08,0,1,0,76.47
Serie A,Torino,Adam Masina,0,0.0,1,7,1,85.86
Serie A,Pisa,Rosen Bozhinov,0,0.18,0,7,0,87.41
Serie A,Sassuolo,Tommaso Macchioni,0,0.43,0,0,0,80.0
Serie A,Parma,Tjaš Begić,0,0.0,0,0,0,0.0
Serie A,Como,Andrea Le Borgne,0,0.0,0,0,0,100.0
Serie A,Genoa,Joi Xheto Nuredini,0,0.0,0,0,0,0.0
Serie A,Fiorentina,Luca Lezzerini,0,0.0,0,0,0,60.0
Serie A,Sassuolo,Cas Odenthal,0,0.0,0,0,0,100.0
Serie A,Hellas Verona,Junior Ajayi,0,0.0,0,0,0,100.0
LaLiga,Real Betis,Adrián,0,0.0,0,0,0,81.25
LaLiga,FC Barcelona,Lamine Yamal,16,12.81,133,35,11,81.1
LaLiga,Espanyol,Angel Fortuno,0,0.0,0,0,0,91.3
LaLiga,Levante UD,Pablo Cunat Campos,0,0.0,0,0,0,50.88
LaLiga,Rayo Vallecano,Dani Cárdenas,0,0.0,0,1,0,69.11
LaLiga,Real Sociedad,Unai Marrero,0,0.0,0,0,0,55.26
LaLiga,FC Barcelona,Álvaro Cortés,0,0.0,1,1,0,94.57
LaLiga,Osasuna,Aitor Fernández,0,0.0,1,0,0,60.78
LaLiga,Real Madrid,Kylian Mbappé,25,23.95,78,4,5,86.47
LaLiga,FC Barcelona,Pedri,2,1.57,38,50,9,91.58
LaLiga,FC Barcelona,Raphinha,13,10.36,21,15,3,81.22
LaLiga,Real Madrid,Vinícius Júnior,16,13.65,87,29,5,83.17
LaLiga,Atlético Madrid,Iker Luque,1,0.4,0,1,0,85.71
LaLiga,Elche,Matías Dituro,0,0.0,0,0,0,75.42
LaLiga,FC Barcelona,Joan García,0,0.0,1,6,0,89.72
LaLiga,Real Madrid,Federico Valverde,5,2.89,23,41,8,90.13
LaLiga,Real Betis,Abdessamad Ezzalzouli,10,9.2,39,53,8,79.32
LaLiga,Real Madrid,Dean Huijsen,2,2.26,2,31,2,89.83
LaLiga,Real Madrid,Éder Militão,2,1.78,3,23,1,90.87
LaLiga,FC Barcelona,Frenkie de Jong,1,1.17,5,45,5,94.21
LaLiga,Real Madrid,Jude Bellingham,6,7.26,37,51,4,89.21
LaLiga,Girona FC,Azzedine Ounahi,5,3.4,69,23,2,85.78
LaLiga,Levante UD,Mathew Ryan,0,0.16,0,2,0,70.9
LaLiga,Villarreal,Nicolas Pépé,8,8.26,59,31,8,82.41
LaLiga,Real Oviedo,Aarón Escandell,0,0.0,2,0,1,66.1
LaLiga,Real Madrid,Aurélien Tchouaméni,1,2.66,3,68,0,91.53
LaLiga,Valencia,Guido Rodríguez,4,1.0,10,41,0,86.99
LaLiga,Getafe,David Soria,0,0.0,0,0,0,44.92
LaLiga,Getafe,Christantus Uche,1,1.42,6,2,1,62.79
LaLiga,Sevilla,Dodi Lukebakio,1,0.08,1,0,0,86.11
LaLiga,Elche,Iñaki Peña,0,0.0,0,0,0,74.02
LaLiga,Real Betis,Antony,8,8.79,27,39,6,81.94
LaLiga,FC Barcelona,Pau Cubarsí,1,0.54,1,42,0,94.94
LaLiga,Real Madrid,Arda Güler,4,4.57,27,46,9,90.71
LaLiga,Elche,Aleix Febas,2,2.21,52,77,2,89.53
LaLiga,Villarreal,Juan Foyth,0,0.12,3,20,0,89.73
LaLiga,Espanyol,Marko Dmitrović,0,0.0,0,3,0,54.05
LaLiga,Villarreal,Gerard Moreno,10,6.3,17,15,0,79.23
LaLiga,Atlético Madrid,Marc Pubill,1,0.92,4,25,1,88.07
LaLiga,FC Barcelona,João Cancelo,2,0.5,25,27,2,87.18
LaLiga,Real Betis,Pablo Fornals,9,3.92,25,39,6,86.71
LaLiga,FC Barcelona,Eric García,1,2.96,2,74,2,92.17
LaLiga,Villarreal,Yéremy Pino,0,0.16,0,2,1,82.95
LaLiga,Villarreal,Alassane Diatta,0,0.0,1,1,0,85.71
LaLiga,Girona FC,Vladyslav Krapyvtsov,0,0.0,0,0,0,64.1
LaLiga,Mallorca,Vedat Muriqi,23,18.52,16,9,1,64.86
LaLiga,Atlético Madrid,Koke,2,0.72,3,50,2,91.92
LaLiga,Atlético Madrid,Jan Oblak,0,0.0,0,0,0,73.36
LaLiga,Villarreal,Pape Gueye,5,3.96,15,40,2,80.54
LaLiga,Real Madrid,Andriy Lunin,0,0.0,0,1,0,87.56
LaLiga,Real Betis,Pau López,0,0.0,0,1,0,76.64
LaLiga,Valencia,Stole Dimitrievski,0,0.0,0,1,0,60.76
LaLiga,Rayo Vallecano,Florian Lejeune,2,2.29,8,66,1,87.27
LaLiga,Mallorca,Lucas Bergström,0,0.0,0,0,0,53.79
LaLiga,Real Betis,Diego Llorente,1,0.94,1,27,0,90.41
LaLiga,FC Barcelona,Gerard Martín,0,0.2,6,40,0,91.42
LaLiga,FC Barcelona,Fermín López,6,6.99,44,48,9,87.42
LaLiga,Real Sociedad,Mikel Oyarzabal,15,15.24,36,29,4,76.83
LaLiga,Espanyol,Edu Expósito,1,2.35,34,53,6,76.28
LaLiga,Real Sociedad,Álvaro Odriozola,1,0.52,0,5,0,85.71
LaLiga,Celta Vigo,Marcos Alonso,1,2.2,17,41,0,90.2
LaLiga,Girona FC,Paulo Gazzaniga,0,0.0,0,1,0,67.4
LaLiga,Espanyol,Carlos Romero,6,2.8,49,97,3,79.33
LaLiga,Villarreal,Rafa Marín,1,0.37,2,37,0,90.24
LaLiga,Real Sociedad,Takefusa Kubo,2,2.39,37,29,4,79.35
LaLiga,Rayo Vallecano,Pathé Ismaël Ciss,2,3.31,9,54,1,89.18
LaLiga,Getafe,Luis Milla,1,1.22,21,60,10,77.92
LaLiga,Mallorca,Leo Román,0,0.0,1,1,0,72.62
LaLiga,Real Madrid,Eduardo Camavinga,1,1.18,13,65,0,91.8
LaLiga,Atlético Madrid,Pablo Barrios,1,1.79,33,30,1,88.97
LaLiga,Athletic Club,Yuri Berchiche,0,0.56,10,43,6,87.53
LaLiga,FC Barcelona,Dani Olmo,7,7.66,16,33,8,85.27
LaLiga,Sevilla,Kike Salas,2,1.55,8,59,0,80.2
LaLiga,Real Madrid,Álvaro Carreras,2,0.46,19,41,3,90.6
LaLiga,Villarreal,Adrià Altimira,0,0.0,0,1,0,100.0
LaLiga,Villarreal,Santiago Mouriño,1,1.08,14,102,2,84.06
LaLiga,Villarreal,Luiz Júnior,0,0.0,0,0,0,69.4
LaLiga,Osasuna,Sergio Herrera,0,0.0,0,0,0,69.39
LaLiga,Athletic Club,Iñigo Ruiz de Galarreta,1,0.71,34,60,2,82.5
LaLiga,Real Oviedo,Dani Calvo,0,0.3,1,27,0,90.86
LaLiga,Celta Vigo,Ionuț Radu,0,0.0,1,0,0,68.6
LaLiga,Deportivo Alavés,Toni Martínez,14,11.23,17,28,3,58.51
LaLiga,Getafe,Zaid Romero,1,0.9,16,31,0,69.18
LaLiga,Athletic Club,Nico Williams,6,5.37,67,15,3,77.43
LaLiga,Rayo Vallecano,Augusto Batalla,0,0.0,5,1,0,63.91
LaLiga,Sevilla,Andres Castrin,1,0.43,9,26,0,86.25
LaLiga,Valencia,Pepelu,2,3.57,8,60,0,86.17
LaLiga,Levante UD,Adrián de la Fuente,3,4.22,7,31,1,82.09
LaLiga,Real Betis,Giovani Lo Celso,2,2.47,16,19,3,87.98
LaLiga,Celta Vigo,Hugo Sotelo,0,0.09,2,30,2,92.26
LaLiga,Atlético Madrid,Alex Baena,2,2.0,14,18,3,81.04
LaLiga,Villarreal,Georges Mikautadze,13,11.42,32,6,6,75.5
LaLiga,Real Betis,Marc Bartra,1,0.78,6,45,0,86.52
LaLiga,Real Betis,Álvaro Valles,0,0.0,1,0,0,71.83
LaLiga,Mallorca,Samú Costa,7,3.98,14,65,2,79.89
LaLiga,Real Betis,Sergi Altimira,1,0.34,4,51,2,91.15
LaLiga,Real Oviedo,Eric Bailly,1,0.3,6,12,0,85.26
LaLiga,Sevilla,Odysseas Vlachodimos,0,0.0,1,0,0,63.74
LaLiga,Real Betis,Sofyan Amrabat,0,0.28,6,27,0,91.09
LaLiga,FC Barcelona,Wojciech Szczęsny,0,0.0,0,0,0,83.83
LaLiga,Elche,Gonzalo Villar,1,0.22,9,13,0,89.34
LaLiga,Atlético Madrid,Julián Alvarez,8,7.7,26,21,4,83.45
LaLiga,Girona FC,Daley Blind,0,0.26,12,55,0,89.37
LaLiga,Elche,Germán Valera,4,2.65,38,55,5,87.49
LaLiga,Atlético Madrid,Miguel Cubo,1,0.18,1,2,0,33.33
LaLiga,Mallorca,Javier Olaizola,0,0.0,0,2,0,84.0
LaLiga,Real Madrid,Thibaut Courtois,0,0.0,0,1,0,80.18
LaLiga,Deportivo Alavés,Antonio Sivera,0,0.0,0,2,0,50.24
LaLiga,Real Sociedad,Carlos Soler,4,2.72,13,38,3,86.44
LaLiga,FC Barcelona,Ronald Araújo,3,1.43,0,21,0,92.0
LaLiga,Deportivo Alavés,Carlos Vicente,5,3.56,11,27,0,80.08
LaLiga,Celta Vigo,Miguel Román,1,0.91,3,27,0,87.7
LaLiga,Mallorca,Antonio Raíllo,0,0.54,0,25,1,88.43
LaLiga,Real Madrid,Raúl Asencio,2,1.24,1,17,0,94.01
LaLiga,Real Sociedad,Álex Remiro,0,0.0,1,1,0,71.47
LaLiga,Real Oviedo,Federico Viñas,9,8.69,49,50,1,71.95
LaLiga,Levante UD,Kervin Arriaga,3,0.99,8,41,3,82.82
LaLiga,Atlético Madrid,Marcos Llorente,0,1.98,13,59,4,89.46
LaLiga,Osasuna,Iker Benito,1,0.6,1,1,0,81.33
LaLiga,Rayo Vallecano,Andrei Rațiu,0,2.25,63,70,4,82.2
LaLiga,Atlético Madrid,José María Giménez,0,1.74,2,25,1,90.15
LaLiga,Mallorca,Pablo Maffeo,1,0.41,34,68,2,76.5
LaLiga,Valencia,André Almeida,0,0.59,15,23,2,89.96
LaLiga,Celta Vigo,Óscar Mingueza,1,0.63,15,42,4,84.96
LaLiga,Rayo Vallecano,Jorge de Frutos,10,10.63,28,31,1,76.07
LaLiga,Elche,David Affengruber,1,0.86,12,74,1,87.46
LaLiga,Osasuna,Alejandro Catena,3,2.67,6,41,2,85.61
LaLiga,Mallorca,Sergi Darder,1,2.04,34,28,5,84.56
LaLiga,Real Madrid,Rodrygo,1,2.58,18,13,3,90.74
LaLiga,Valencia,Julen Agirrezabala,0,0.0,0,2,0,69.64
LaLiga,Real Sociedad,Brais Méndez,6,5.8,21,37,2,82.0
LaLiga,Elche,Álvaro Rodriguez,7,8.85,39,24,5,64.43
LaLiga,Celta Vigo,Alvaro Núñez,0,0.29,15,29,2,91.41
LaLiga,Osasuna,Moi Gómez,0,0.39,12,20,2,88.84
LaLiga,Elche,Pedro Bigas,1,0.67,4,36,3,88.75
LaLiga,Atlético Madrid,Giuliano Simeone,4,5.17,29,45,6,81.82
LaLiga,Celta Vigo,Ferran Jutglà,9,6.73,21,12,3,77.88
LaLiga,FC Barcelona,Jules Koundé,1,1.66,21,47,3,91.57
LaLiga,Girona FC,Viktor Tsygankov,6,6.83,27,31,5,82.44
LaLiga,Real Sociedad,Gonçalo Guedes,8,3.86,18,25,4,74.69
LaLiga,Real Madrid,Antonio Rüdiger,1,0.92,0,14,0,93.09
LaLiga,Atlético Madrid,Obed Vargas,0,0.18,10,26,1,82.28
LaLiga,Real Madrid,Dani Ceballos,0,0.04,3,18,0,92.89
LaLiga,Atlético Madrid,Nicolás González,5,4.21,24,24,0,76.03
LaLiga,Girona FC,Alejandro Francés,0,0.82,7,25,2,83.17
LaLiga,FC Barcelona,Marc Bernal,2,1.04,11,26,1,92.03
LaLiga,Real Sociedad,Orri Óskarsson,9,6.1,3,7,0,62.9
LaLiga,Villarreal,Dani Parejo,1,0.96,8,42,0,88.01
LaLiga,Levante UD,Iván Romero,7,8.63,37,33,1,73.22
LaLiga,Elche,Víctor Chust,1,0.48,8,63,0,90.18
LaLiga,Levante UD,Carlos Espí,11,7.58,12,13,0,65.88
LaLiga,Athletic Club,Aymeric Laporte,0,1.62,2,27,1,89.17
LaLiga,Rayo Vallecano,Óscar Valentín,1,1.01,5,72,0,88.64
LaLiga,Atlético Madrid,Antoine Griezmann,7,7.61,9,14,4,82.47
LaLiga,Athletic Club,Unai Simón,0,0.0,0,1,0,58.01
LaLiga,Deportivo Alavés,Ville Koski,0,0.02,0,6,0,81.54
LaLiga,Deportivo Alavés,Antonio Blanco,2,1.37,24,94,3,85.51
LaLiga,Getafe,Juan Iglesias,1,1.06,30,112,2,64.35
LaLiga,Villarreal,Arnau Tenas,0,0.0,0,1,0,63.03
LaLiga,Girona FC,Vitor Reis,1,1.58,8,50,1,90.96
LaLiga,Levante UD,Pablo Martínez,1,1.91,14,17,5,78.37
LaLiga,Real Betis,Cucho Hernández,11,11.08,28,28,3,71.8
LaLiga,Sevilla,César Azpilicueta,0,0.01,2,27,1,88.46
LaLiga,Atlético Madrid,Juan Musso,0,0.0,0,0,0,77.42
LaLiga,Villarreal,Alberto Moleiro,10,5.77,33,30,5,79.12
LaLiga,Celta Vigo,Bryan Zaragoza,1,2.01,27,10,1,77.54
LaLiga,Elche,Adam Boayar,1,0.3,1,4,0,87.18
LaLiga,Real Madrid,Trent Alexander-Arnold,0,0.32,5,14,4,85.26
LaLiga,Celta Vigo,Carl Starfelt,0,0.55,1,23,0,95.86
LaLiga,Girona FC,Iván Martín,0,0.87,30,61,1,89.37
LaLiga,Villarreal,Santi Comesaña,3,4.17,11,45,6,83.21
LaLiga,Real Sociedad,Ander Barrenetxea,3,2.62,55,30,5,80.3
LaLiga,Mallorca,Omar Mascarell,2,0.28,6,48,2,85.95
LaLiga,Atlético Madrid,Robin Le Normand,1,0.62,1,35,1,89.49
LaLiga,FC Barcelona,Ferran Torres,16,13.16,9,7,2,75.8
LaLiga,Osasuna,Jon Moncayola,0,2.0,13,55,4,80.12
LaLiga,Atlético Madrid,Johnny Cardoso,0,0.08,5,37,0,88.38
LaLiga,Espanyol,Fernando Calero,0,1.76,2,29,0,88.48
LaLiga,Celta Vigo,Iago Aspas,5,4.48,12,15,3,78.58
LaLiga,Osasuna,Víctor Muñoz,6,5.86,75,22,2,80.74
LaLiga,Osasuna,Ante Budimir,17,17.13,3,21,0,60.05
LaLiga,FC Barcelona,Marcus Rashford,8,7.51,30,8,7,84.73
LaLiga,Girona FC,Axel Witsel,1,2.39,10,37,2,91.2
LaLiga,Valencia,Baptiste Santamaria,1,0.37,6,12,1,81.98
LaLiga,Real Oviedo,Haissem Hassan,0,1.59,61,39,3,80.48
LaLiga,Real Sociedad,Sergio Gómez,0,1.09,13,88,6,86.62
LaLiga,Osasuna,Javi Galán,0,0.21,38,48,1,83.89
LaLiga,Real Betis,Aitor Ruibal,4,3.85,15,45,2,82.66
LaLiga,Levante UD,Ugo Raghouber,0,0.07,9,23,0,84.48
LaLiga,Villarreal,Alexander Freeman,0,0.02,3,13,0,90.6
LaLiga,Levante UD,Jon Ander Olasagasti,1,2.41,12,28,5,75.68
LaLiga,Real Sociedad,Jon Martin,2,1.99,8,31,0,91.22
LaLiga,Valencia,Luis Rioja,3,2.29,36,36,6,78.61
LaLiga,Sevilla,Chidera Ejuke,1,1.59,57,19,1,83.89
LaLiga,Girona FC,Fran Beltrán,1,0.73,7,34,0,91.47
LaLiga,FC Barcelona,Pablo Gavi,0,0.0,1,17,1,92.44
LaLiga,Villarreal,Manor Solomon,1,0.42,6,1,1,85.71
LaLiga,Elche,Marc Aguado,1,0.21,0,48,2,90.81
LaLiga,Valencia,Mouctar Diakhaby,1,0.53,1,8,0,87.5
LaLiga,Atlético Madrid,Dávid Hancko,0,1.33,8,43,2,87.65
LaLiga,Mallorca,Manu Morlanes,3,2.0,8,56,0,89.33
LaLiga,Real Betis,Isco,1,1.0,1,3,1,91.72
LaLiga,Celta Vigo,Fer López,1,1.57,22,20,1,86.15
LaLiga,Girona FC,Arnau Martínez,2,1.62,13,66,3,85.22
LaLiga,Real Sociedad,Duje Ćaleta-Car,1,1.16,0,24,0,90.57
LaLiga,Real Betis,Marc Roca,1,1.36,11,38,1,88.08
LaLiga,Levante UD,Carlos Álvarez,3,2.72,19,22,1,80.95
LaLiga,Elche,Lucas Cepeda,1,0.89,5,9,0,84.08
LaLiga,Valencia,Javier Guerra,4,3.35,26,29,6,81.53
LaLiga,Rayo Vallecano,Pacha,2,1.64,17,52,0,71.26
LaLiga,Elche,Josan,0,0.26,7,12,3,89.47
LaLiga,Elche,Martim Neto,2,0.84,21,21,5,87.87
LaLiga,Valencia,Largie Ramazani,6,6.94,22,14,1,74.29
LaLiga,Atlético Madrid,Thiago Almada,3,3.72,21,29,1,86.65
LaLiga,Valencia,Filip Ugrinić,0,0.96,18,25,3,83.82
LaLiga,Sevilla,Lucien Agoumé,1,0.89,11,70,3,81.04
LaLiga,Celta Vigo,Javier Rueda,2,1.3,21,20,6,76.5
LaLiga,Osasuna,Rubén García,2,2.43,18,50,5,79.47
LaLiga,Valencia,Eray Cömert,2,1.19,0,26,1,85.86
LaLiga,Osasuna,Aimar Oroz,0,1.68,30,37,2,79.74
LaLiga,Real Madrid,Daniel Yáñez,0,0.0,0,1,1,90.0
LaLiga,Villarreal,Logan Costa,0,0.0,0,1,0,96.15
LaLiga,Levante UD,Matias Moreno,0,0.96,4,33,0,85.83
LaLiga,Deportivo Alavés,Nahuel Tenaglia,2,1.59,10,66,0,86.42
LaLiga,Mallorca,Pablo Torre,4,1.73,16,22,4,85.06
LaLiga,Rayo Vallecano,Pep Chavarría,1,0.61,17,54,2,84.59
LaLiga,Sevilla,Peque Fernández,2,1.0,18,13,1,81.32
LaLiga,Getafe,Martín Satriano,6,4.34,25,23,1,64.67
LaLiga,Atlético Madrid,Alexander Sørloth,13,10.16,10,14,0,68.0
LaLiga,Villarreal,Tajon Buchanan,7,2.06,21,28,1,81.33
LaLiga,Real Oviedo,Santi Cazorla,0,0.36,13,17,1,86.56
LaLiga,Real Oviedo,David Costas,1,0.89,7,26,0,88.87
LaLiga,Sevilla,Djibril Sow,5,1.8,7,45,4,89.05
LaLiga,Celta Vigo,Sergio Carreira,2,1.58,26,32,1,85.36
LaLiga,Rayo Vallecano,Sergio Camello,5,3.06,17,11,1,81.65
LaLiga,Espanyol,Clemens Riedel,0,0.13,1,28,1,88.3
LaLiga,Celta Vigo,Hugo Álvarez,4,2.74,16,15,2,85.57
LaLiga,Rayo Vallecano,Unai López,0,0.89,13,31,4,86.65
LaLiga,Real Madrid,Dani Carvajal,0,0.36,2,14,1,92.06
LaLiga,Sevilla,Oso,2,1.3,17,27,3,75.51
LaLiga,Villarreal,Ayoze Pérez,5,5.38,13,22,4,75.78
LaLiga,Atlético Madrid,Ademola Lookman,4,4.17,7,5,0,83.06
LaLiga,Villarreal,Renato Veiga,0,0.28,0,19,0,88.41
LaLiga,Levante UD,Víctor García,2,1.96,13,22,1,76.19
LaLiga,Real Madrid,David Alaba,0,0.25,0,5,0,93.3
LaLiga,Elche,André Silva,10,10.55,14,14,0,78.43
LaLiga,Espanyol,Leandro Cabrera,3,2.78,6,36,0,80.41
LaLiga,Real Sociedad,Beñat Turrientes,0,0.79,20,40,3,86.37
LaLiga,Real Betis,Nelson Deossa,0,0.46,29,14,0,83.44
LaLiga,Valencia,Arnaut Danjuma,3,4.66,27,13,2,77.55
LaLiga,Celta Vigo,Javi Rodríguez,0,0.68,8,38,1,90.34
LaLiga,Deportivo Alavés,Jon Pacheco,0,0.3,3,36,0,86.47
LaLiga,Celta Vigo,Ilaix Moriba,2,1.39,13,87,3,88.42
LaLiga,Osasuna,Enzo Boyomo,1,1.03,3,58,2,86.38
LaLiga,Espanyol,Miguel Rubio,1,0.72,1,4,0,76.71
LaLiga,Atlético Madrid,Nahuel Molina,2,0.48,15,40,2,80.54
LaLiga,Real Betis,Álvaro Fidalgo,1,0.51,3,12,0,92.97
LaLiga,Celta Vigo,Borja Iglesias,14,10.45,12,8,2,73.03
LaLiga,Atlético Madrid,Matteo Ruggeri,0,0.14,5,36,3,86.76
LaLiga,FC Barcelona,Robert Lewandowski,14,14.14,9,5,2,80.48
LaLiga,Rayo Vallecano,Álvaro García,4,6.5,4,27,5,68.33
LaLiga,Real Oviedo,Leander Dendoncker,1,0.8,4,36,0,86.1
LaLiga,Real Oviedo,Santiago Colombatto,0,0.63,5,44,1,85.97
LaLiga,Real Oviedo,Nicolas Fonseca,0,0.35,2,41,0,85.26
LaLiga,Deportivo Alavés,Lucas Boyé,11,9.48,37,36,1,73.14
LaLiga,Rayo Vallecano,Óscar Trejo,0,0.17,1,6,1,87.74
LaLiga,Real Sociedad,Luka Sučić,3,1.98,14,19,1,79.48
LaLiga,Athletic Club,Mikel Jauregizar,2,1.79,10,68,0,80.43
LaLiga,Atlético Madrid,Javier Boñar,1,0.33,1,5,0,84.44
LaLiga,Mallorca,Jan Salas,0,0.0,1,0,0,60.0
LaLiga,Atlético Madrid,Clément Lenglet,0,0.42,3,21,1,87.77
LaLiga,Espanyol,Tyrhys Dolan,2,2.54,35,57,5,83.42
LaLiga,Girona FC,Joel Roca,3,3.7,37,23,1,83.25
LaLiga,Real Sociedad,Jon Gorrotxategi,1,0.79,10,45,3,86.94
LaLiga,Sevilla,Rubén Vargas,3,3.17,21,19,6,73.08
LaLiga,Espanyol,Pere Milla,7,7.07,11,37,1,71.54
LaLiga,Real Oviedo,David Carmo,1,0.91,2,34,0,82.4
LaLiga,Celta Vigo,Williot Swedberg,5,4.25,10,28,5,77.55
LaLiga,Osasuna,Raúl García de Haro,7,6.45,15,15,1,67.09
LaLiga,Celta Vigo,Yoel Lago,0,0.03,2,19,0,91.67
LaLiga,Girona FC,Thomas Lemar,3,1.93,20,27,1,88.15
LaLiga,Villarreal,Sergi Cardona,1,1.01,4,47,4,81.6
LaLiga,Athletic Club,Aitor Paredes,2,1.11,3,21,0,87.59
LaLiga,Real Betis,Angel Ortiz,0,0.04,7,27,0,83.2
LaLiga,Sevilla,Gabriel Suazo,0,0.47,15,86,1,83.33
LaLiga,Rayo Vallecano,Iván Balliu,0,0.35,7,15,0,82.26
LaLiga,Villarreal,Pau Navarro,0,0.07,7,65,0,88.39
LaLiga,Real Betis,Héctor Bellerín,2,0.42,7,31,3,88.23
LaLiga,Osasuna,Lucas Torró,0,1.6,9,39,1,74.6
LaLiga,Getafe,Mauro Arambarri,6,7.16,31,67,2,75.59
LaLiga,Villarreal,Alfonso Pedraza,1,1.13,20,41,3,78.94
LaLiga,Rayo Vallecano,Isi Palazón,3,5.3,23,29,3,82.45
LaLiga,Rayo Vallecano,Nobel Mendy,2,1.58,3,27,0,85.77
LaLiga,Deportivo Alavés,Abderrahman Rebbach,1,2.31,18,42,4,79.61
LaLiga,Getafe,Abdel Abqar,0,0.3,2,38,2,72.34
LaLiga,Real Madrid,Brahim Díaz,1,1.84,25,15,6,90.58
LaLiga,Girona FC,Yáser Asprilla,0,0.58,13,8,0,85.43
LaLiga,Espanyol,Rubén Sánchez,0,0.22,15,12,1,75.31
LaLiga,Deportivo Alavés,Ángel Pérez,1,0.98,20,15,3,74.84
LaLiga,Girona FC,Claudio Echeverri,1,2.16,16,6,1,86.28
LaLiga,Espanyol,Omar El Hilali,0,0.01,7,73,2,80.55
LaLiga,Osasuna,Abel Bretones,1,0.63,13,33,2,77.14
LaLiga,Deportivo Alavés,Pablo Ibáñez,1,4.39,31,57,1,85.76
LaLiga,FC Barcelona,Andreas Christensen,0,0.25,0,5,0,95.57
LaLiga,Valencia,Diego López,4,2.72,13,22,1,76.61
LaLiga,Rayo Vallecano,Randy Nteka,3,2.47,4,4,0,79.12
LaLiga,Real Betis,Valentín Gómez,1,0.8,13,46,0,85.91
LaLiga,Sevilla,Akor Adams,10,10.0,16,8,3,63.87
LaLiga,Girona FC,Hugo Rincón,1,0.86,9,47,1,82.56
LaLiga,Real Oviedo,Alberto Reina,4,3.54,15,44,1,85.38
LaLiga,Mallorca,Zito Luvumbo,0,0.62,9,1,2,70.69
LaLiga,FC Barcelona,Marc Casadó,0,0.96,2,18,1,90.98
LaLiga,Levante UD,Oriol Rey,0,0.47,1,20,1,87.48
LaLiga,Athletic Club,Jesús Areso,0,0.12,14,22,1,83.48
LaLiga,Real Madrid,Endrick,0,0.0,1,0,0,0.0
LaLiga,Real Madrid,Víctor Valdepeñas,0,0.0,1,5,0,94.12
LaLiga,Sevilla,Federico Gattoni,0,0.0,0,0,0,100.0
LaLiga,Real Oviedo,Omar Falah,0,0.0,0,0,0,85.71
LaLiga,Valencia,Rubén Iranzo,0,0.0,0,1,0,100.0
LaLiga,Celta Vigo,Hugo Burcio,0,0.0,0,1,0,100.0
LaLiga,Girona FC,Marc-André Ter Stegen,0,0.0,0,0,0,92.0
LaLiga,Rayo Vallecano,Samu Becerra,0,0.0,0,0,0,91.67
LaLiga,Sevilla,Adnan Januzaj,0,0.25,8,6,0,87.6
LaLiga,Real Madrid,David Jiménez,0,0.11,0,1,0,97.14
LaLiga,Celta Vigo,Matías Vecino,0,0.08,1,8,0,84.04
LaLiga,Athletic Club,Alejandro Rego Mora,1,0.58,9,42,1,82.19
LaLiga,FC Barcelona,Alejandro Balde,0,0.62,23,35,2,91.79
LaLiga,Levante UD,José Luis Morales,1,2.21,9,10,1,74.8
LaLiga,Osasuna,Iker Muñoz,0,0.35,4,12,0,84.86
LaLiga,FC Barcelona,Roony Bardghji,1,1.43,22,6,1,88.69
LaLiga,Levante UD,Unai Vencedor,0,0.0,4,22,0,81.49
LaLiga,Elche,Hector Fort,2,0.62,8,12,2,83.33
LaLiga,Real Sociedad,Yangel Herrera,0,0.4,5,12,0,78.93
LaLiga,Mallorca,Martin Valjent,0,0.81,4,50,0,87.16
LaLiga,Getafe,Allan Nyom,0,0.18,1,11,1,64.25
LaLiga,Espanyol,Kike García,8,8.8,9,12,1,64.78
LaLiga,Deportivo Alavés,Jonny Otto,0,0.55,25,66,0,86.62
LaLiga,Celta Vigo,Carlos Domínguez,0,0.52,0,13,0,91.4
LaLiga,Real Madrid,Franco Mastantuono,1,3.09,25,20,0,90.04
LaLiga,Mallorca,Johan Mojica,0,0.54,15,51,4,79.09
LaLiga,Valencia,Unai Núñez,0,0.42,0,25,0,85.06
LaLiga,Getafe,Coba Da Costa,0,0.31,10,10,0,68.18
LaLiga,Deportivo Alavés,Denis Suárez,1,0.98,25,23,2,85.82
LaLiga,Levante UD,Unai Elgezabal,1,0.67,0,8,0,85.09
LaLiga,Espanyol,Urko González,0,0.73,14,55,1,80.94
LaLiga,Sevilla,Batista Mendy,1,1.14,10,35,0,86.52
LaLiga,Rayo Vallecano,Luiz Felipe,0,0.38,0,12,0,90.94
LaLiga,Getafe,Sebastián Boselli,0,0.36,2,17,0,54.12
LaLiga,Deportivo Alavés,Calebe Gonçalves,0,0.13,16,25,0,87.86
LaLiga,Osasuna,Kike Barja,2,0.93,6,5,2,73.98
LaLiga,Osasuna,Jorge Herrando,0,0.29,3,32,1,86.04
LaLiga,Osasuna,Valentin Rosier,1,0.67,28,48,1,81.33
LaLiga,Sevilla,Nemanja Gudelj,2,1.33,5,35,0,88.34
LaLiga,Girona FC,Cristhian Stuani,5,5.38,2,5,0,65.63
LaLiga,Real Oviedo,Ovie Ejaria,0,0.14,4,4,0,87.96
LaLiga,Girona FC,Álex Moreno,0,1.49,35,43,3,83.68
LaLiga,Levante UD,Iker Losada,3,1.73,6,13,1,71.37
LaLiga,Sevilla,José Ángel Carmona,1,0.77,19,65,3,81.27
LaLiga,Athletic Club,Robert Navarro,6,3.94,23,16,1,80.77
LaLiga,Real Madrid,Gonzalo García,6,5.37,3,11,1,85.06
LaLiga,Mallorca,David López,0,0.31,2,11,0,83.22
LaLiga,Levante UD,Etta Eyong,7,8.73,11,27,4,68.9
LaLiga,Espanyol,Pol Lozano,2,0.78,3,38,1,86.89
LaLiga,Sevilla,Juanlu Sánchez,0,0.81,27,63,3,83.25
LaLiga,Real Betis,Natan,0,0.5,3,32,0,88.27
LaLiga,Real Oviedo,Lucas Ahijado,0,0.94,16,46,1,79.86
LaLiga,Elche,Rafa Mir,8,8.08,5,16,0,80.0
LaLiga,Real Betis,Ricardo Rodríguez,0,0.12,1,24,1,84.7
LaLiga,Mallorca,Mateo Joseph,2,5.09,18,29,3,81.46
LaLiga,Sevilla,Neal Maupay,2,1.75,4,4,1,81.91
LaLiga,Elche,Léo Pétrot,0,0.64,3,37,0,86.75
LaLiga,Athletic Club,Nico Serrano,1,0.67,7,6,0,80.49
LaLiga,Valencia,Jesús Vázquez,0,0.3,21,24,0,84.07
LaLiga,Elche,Tete Morente,1,0.52,9,22,1,75.0
LaLiga,Valencia,César Tárrega,0,0.61,10,42,0,86.3
LaLiga,Rayo Vallecano,Gerard Gumbau,0,0.85,6,29,3,83.3
LaLiga,Getafe,Borja Mayoral,4,3.05,6,5,1,81.06
LaLiga,Real Oviedo,Horațiu Moldovan,0,0.0,0,0,0,67.5
LaLiga,Levante UD,Nacho Pérez,0,0.0,0,4,0,81.25
LaLiga,Elche,Mourad El Ghezouani,0,0.07,0,4,0,73.33
LaLiga,Celta Vigo,Manu Fernández,0,0.05,1,13,0,90.08
LaLiga,Celta Vigo,Mihailo Ristić,0,0.02,6,1,0,83.56
LaLiga,Real Sociedad,Jon Aramburu,1,1.91,11,105,0,80.92
LaLiga,Athletic Club,Dani Vivian,1,1.23,5,55,0,85.54
LaLiga,Deportivo Alavés,Youssef Enriquez,0,0.79,8,17,1,79.25
LaLiga,Sevilla,Marcão,0,0.71,1,13,0,87.34
LaLiga,Rayo Vallecano,Ilias Akhomach,0,1.94,14,24,1,84.11
LaLiga,Girona FC,Vladyslav Vanat,9,8.52,9,5,1,78.02
LaLiga,Getafe,Domingos Duarte,1,0.86,0,31,1,76.53
LaLiga,Real Oviedo,Thiago Fernández,0,0.54,20,13,4,80.71
LaLiga,Osasuna,Raúl Moro,0,0.23,12,2,2,76.36
LaLiga,Atlético Madrid,Conor Gallagher,2,1.11,3,17,0,90.25
LaLiga,Getafe,Luis Vázquez,3,2.0,3,5,1,57.0
LaLiga,Valencia,Umar Sadiq,4,3.48,15,8,2,68.16
LaLiga,Valencia,Hugo Duro,10,8.84,3,16,0,70.41
LaLiga,Mallorca,Jan Virgili,2,2.33,49,15,4,75.68
LaLiga,Real Madrid,Fran García,1,0.83,3,19,1,88.96
LaLiga,Espanyol,Cyril Ngonge,0,0.47,5,7,2,74.59
LaLiga,Getafe,Ismael Bekhoucha,0,0.02,2,6,1,63.16
LaLiga,Osasuna,Juan Cruz,0,0.39,2,4,0,88.19
LaLiga,Getafe,Diego Rico,0,0.33,6,47,0,63.9
LaLiga,Valencia,José Luis Gayà,1,0.81,11,69,2,83.87
LaLiga,Real Betis,Cédric Bakambu,3,3.38,1,2,1,76.67
LaLiga,Celta Vigo,Jones El-Abdellaoui,2,2.59,11,6,0,83.22
LaLiga,Villarreal,Thomas Partey,0,0.7,8,18,0,86.47
LaLiga,Sevilla,Fábio Cardoso,0,0.0,0,5,0,92.91
LaLiga,Sevilla,Miguel Sierra,0,0.18,2,4,0,62.5
LaLiga,Mallorca,Marash Kumbulla,0,0.1,1,3,0,78.5
LaLiga,Deportivo Alavés,Ander Guevara,1,0.24,5,12,1,82.64
LaLiga,Real Sociedad,Igor Zubeldia,0,0.26,1,38,1,88.12
LaLiga,Valencia,José Copete,0,1.54,7,26,0,85.56
LaLiga,Real Oviedo,Abdel Rahim,0,0.05,8,34,0,80.0
LaLiga,Deportivo Alavés,Facundo Garcés,0,0.35,0,13,0,84.46
LaLiga,Athletic Club,Álex Berenguer,2,4.47,23,28,3,76.95
LaLiga,Espanyol,Roberto Fernández,7,9.31,9,12,3,69.78
LaLiga,Sevilla,Alexis Sánchez,4,3.81,8,22,2,74.55
LaLiga,Real Oviedo,Nacho Vidal,0,2.23,14,45,0,81.15
LaLiga,Levante UD,Paco Cortés,0,0.5,9,4,0,77.14
LaLiga,Deportivo Alavés,Carlos Benavídez,0,0.23,0,11,0,82.35
LaLiga,Real Oviedo,Salomón Rondón,2,3.03,9,3,0,71.84
LaLiga,Real Oviedo,Ilyas Chaira,6,6.82,34,49,2,83.26
LaLiga,Real Betis,Rodrigo Riquelme,1,2.16,11,16,1,83.17
LaLiga,Athletic Club,Iñaki Williams,3,6.39,12,12,6,69.35
LaLiga,Espanyol,Ramón Terrats,1,1.5,9,22,2,76.95
LaLiga,Elche,Alex Sanchez,0,0.0,0,1,1,66.67
LaLiga,Mallorca,Toni Lato,0,0.0,7,10,1,81.82
LaLiga,Getafe,Álex Sola,0,0.0,0,0,0,0.0
LaLiga,Elche,Jairo Izquierdo,0,0.0,0,0,0,84.62
LaLiga,Real Oviedo,Borja Sánchez,0,0.0,0,0,0,83.33
LaLiga,Real Madrid,Jorge Cestero,0,0.0,0,1,0,66.67
LaLiga,Real Oviedo,Josip Brekalo,0,0.29,4,12,0,72.73
LaLiga,Atlético Madrid,Javi Morcillo,0,0.25,0,5,0,91.43
LaLiga,Girona FC,Donny van de Beek,0,0.09,0,0,0,92.31
LaLiga,Elche,Federico Redondo,0,0.07,0,6,0,88.15
LaLiga,Villarreal,Carlos Maciá,0,0.06,1,5,0,82.05
LaLiga,Mallorca,Miguel Calatayud,0,0.05,1,1,0,90.32
LaLiga,Real Madrid,Manuel Ángel Morán,0,0.05,1,4,0,89.86
LaLiga,Espanyol,Luca Koleosho,0,0.04,4,1,0,95.83
LaLiga,Atlético Madrid,Jano Monserrate,0,0.02,1,2,0,92.86
LaLiga,Espanyol,Jofre Carreras,1,2.34,16,9,0,74.77
LaLiga,Athletic Club,Mikel Vesga,0,0.15,7,18,0,76.68
LaLiga,Real Betis,Chimy Ávila,1,1.61,0,4,0,71.03
LaLiga,Valencia,Lucas Beltrán,1,4.05,16,22,2,78.26
LaLiga,Real Oviedo,Kwasi Sibo,0,0.36,4,34,0,86.75
LaLiga,Athletic Club,Andoni Gorosabel,0,0.25,12,37,1,85.59
LaLiga,Espanyol,Javi Puado,2,3.47,5,4,0,83.92
LaLiga,Sevilla,Manu Bueno,0,0.05,1,3,0,85.19
LaLiga,Mallorca,Marc Domenech,0,0.11,1,3,1,59.38
LaLiga,Valencia,Dani Raba,0,0.41,3,7,1,80.33
LaLiga,Getafe,Djené,0,0.13,9,36,0,78.67
LaLiga,Celta Vigo,Pablo Durán,2,4.26,7,16,2,72.1
LaLiga,Athletic Club,Oihan Sancet,4,6.47,16,25,0,81.34
LaLiga,Getafe,Juanmi,1,0.15,1,2,0,66.67
LaLiga,Atlético Madrid,Julio Díaz,0,0.03,7,6,1,89.21
LaLiga,Athletic Club,Yeray Álvarez,0,0.12,0,1,0,83.16
LaLiga,Levante UD,Goduine Koyalipou,1,1.02,9,4,0,57.41
LaLiga,Getafe,Damián Cáceres,0,0.0,0,5,0,61.7
LaLiga,FC Barcelona,Dro Fernández,0,0.0,4,1,0,85.11
LaLiga,Getafe,Alejandro Mestanza,0,0.02,2,2,0,73.91
LaLiga,Mallorca,Antonio Sánchez,0,0.4,5,21,0,78.78
LaLiga,Atlético Madrid,Rodrigo Mendoza,1,1.62,20,16,1,85.38
LaLiga,Rayo Vallecano,Fran Pérez,2,2.24,14,15,1,82.24
LaLiga,Athletic Club,Gorka Guruzeta,10,10.46,7,19,3,67.24
LaLiga,Villarreal,Alfon González,2,1.75,6,3,0,81.82
LaLiga,Elche,John Donald,1,0.73,2,16,0,88.32
LaLiga,Sevilla,Ørjan Nyland,0,0.0,0,0,0,70.5
LaLiga,Deportivo Alavés,Carles Aleñá,0,2.71,13,37,4,85.29
LaLiga,Valencia,Thierry Correia,0,0.35,8,31,2,81.64
LaLiga,Levante UD,Manuel Sánchez,1,0.77,12,81,2,81.5
LaLiga,Getafe,Kiko Femenía,1,0.69,7,39,1,77.37
LaLiga,Osasuna,Asier Osambela,1,0.39,0,6,0,70.3
LaLiga,Osasuna,Sheraldo Becker,0,0.13,0,2,0,71.11
LaLiga,Real Madrid,Ferland Mendy,0,0.0,2,1,0,92.41
LaLiga,Real Sociedad,Job Ochieng,0,0.15,2,3,0,80.0
LaLiga,Athletic Club,Beñat Prados,0,0.03,1,3,0,75.51
LaLiga,Getafe,Adrian Liso,3,2.08,15,28,0,68.98
LaLiga,Rayo Vallecano,Pedro Díaz,0,1.73,15,38,1,84.9
LaLiga,Getafe,Javier Muñoz,0,0.36,4,8,0,68.98
LaLiga,Elche,Buba Sangaré,0,0.1,4,21,0,84.9
LaLiga,Deportivo Alavés,Ibrahim Diabaté,2,1.8,1,4,0,62.22
LaLiga,Elche,Grady Diangana,1,1.18,10,14,0,83.67
LaLiga,Espanyol,Charles Pickel,1,0.82,5,13,0,80.08
LaLiga,Real Oviedo,Javi López,0,0.48,18,43,1,79.65
LaLiga,Real Betis,Junior Firpo,0,0.46,4,24,1,84.6
LaLiga,Rayo Vallecano,Abdul Mumin,0,0.0,0,0,0,86.11
LaLiga,Girona FC,Bryan Gil,0,2.9,33,31,3,83.78
LaLiga,Mallorca,Takuma Asano,1,1.95,2,14,0,74.17
LaLiga,Levante UD,Jeremy Toljan,1,0.97,6,67,4,77.28
LaLiga,Elche,Adrià Pedrosa,1,0.56,5,34,1,83.85
LaLiga,Real Sociedad,Arsen Zakharyan,0,1.02,1,10,0,79.63
LaLiga,Rayo Vallecano,Alemão,4,3.66,7,5,0,68.65
LaLiga,Levante UD,Alan Matturro,1,0.62,0,21,1,82.49
LaLiga,Real Madrid,César Palacios,0,0.17,2,3,0,90.57
LaLiga,Athletic Club,Urko Izeta,1,1.26,1,2,0,71.67
LaLiga,Levante UD,Kareem Tunde,0,1.16,15,23,1,77.23
LaLiga,Real Sociedad,Aihen Muñoz,1,0.48,4,28,0,83.77
LaLiga,Mallorca,Javi Llabrés,0,0.49,1,5,0,78.69
LaLiga,Villarreal,Tani Oluwaseyi,2,3.38,9,7,2,63.39
LaLiga,Athletic Club,Unai Gómez,1,2.14,6,13,1,75.68
LaLiga,Mallorca,Mateu Morey,1,0.3,4,19,0,76.35
LaLiga,Real Madrid,Thiago Pitarch,0,0.41,7,12,2,90.17
LaLiga,Real Madrid,Diego Aguado,0,0.0,0,2,0,82.35
LaLiga,Celta Vigo,Hugo González,0,0.0,0,1,0,50.0
LaLiga,Real Betis,Ivan Corralejo,0,0.0,0,0,0,100.0
LaLiga,Real Sociedad,Ibai Aguirre,0,0.0,0,0,0,25.0
LaLiga,Real Oviedo,Marco Esteban,0,0.0,0,0,0,84.62
LaLiga,Getafe,Hugo Solozábal,0,0.0,0,0,0,100.0
LaLiga,FC Barcelona,Tomás Marqués,0,0.0,0,0,0,83.33
LaLiga,Villarreal,Willy Kambwala,0,0.0,0,0,0,88.37
LaLiga,Girona FC,Portu,0,1.36,0,4,0,71.79
LaLiga,Celta Vigo,Damián Rodríguez,0,0.06,0,0,0,92.98
LaLiga,Getafe,José Luis Pérez,0,0.04,0,0,0,25.0
LaLiga,Mallorca,Dani Rodríguez,0,0.02,1,2,0,66.67
LaLiga,Deportivo Alavés,Victor Parada,0,1.0,8,33,3,82.26
LaLiga,Deportivo Alavés,Jon Guridi,0,1.76,9,28,0,82.21
LaLiga,Real Betis,Pablo García,0,1.37,5,10,0,81.25
LaLiga,Espanyol,Antoniu Roca,0,0.22,10,7,0,69.64
LaLiga,Atlético Madrid,Giacomo Raspadori,0,0.69,1,2,1,79.12
LaLiga,Deportivo Alavés,Aitor Mañas,0,0.68,2,3,0,85.71
LaLiga,Athletic Club,Selton Sanchez,0,0.27,1,3,1,66.67
LaLiga,Levante UD,Tai Abed,0,0.23,2,1,0,80.0
LaLiga,Getafe,Mario Martín,2,2.63,14,56,1,73.11
LaLiga,Sevilla,Isaac Romero,4,5.26,10,16,0,72.32
LaLiga,Girona FC,Jhon Solís,0,0.16,3,3,0,88.41
LaLiga,Athletic Club,Maroan Sannadi,1,1.1,1,1,0,71.43
LaLiga,Real Sociedad,Aritz Elustondo,0,0.36,0,14,1,85.19
LaLiga,Girona FC,David López,0,0.57,1,4,0,87.61
LaLiga,Real Sociedad,Pablo Marín,0,1.25,17,19,1,79.14
LaLiga,Real Oviedo,Álex Forés,0,1.21,3,2,1,68.25
LaLiga,Sevilla,Tanguy Nianzou,0,0.48,2,14,0,88.4
LaLiga,Real Oviedo,Thiago Borbas,0,0.81,0,5,0,62.5
LaLiga,Mallorca,Justin-Noel Kalumba,0,0.09,1,1,0,74.07
LaLiga,Getafe,Álex Sancris,0,0.39,5,10,1,69.07
LaLiga,Elche,Yago Santiago,0,0.12,4,2,0,85.58
LaLiga,Rayo Vallecano,Jozhua Vertrouwd,0,0.05,0,7,0,90.91
LaLiga,Real Oviedo,Luka Ilić,1,0.69,4,11,0,79.57
LaLiga,Girona FC,Juan Arango,0,0.0,2,0,0,100.0
LaLiga,Real Sociedad,Luken Beitia,0,0.0,1,0,0,88.64
LaLiga,Osasuna,Iñigo Arguibide,0,0.0,0,3,0,63.16
LaLiga,Getafe,Veljko Birmančević,0,0.1,2,0,0,59.46
LaLiga,Athletic Club,Adama Boiro,0,0.04,8,18,0,87.06
LaLiga,Athletic Club,Eder Garcia,0,0.03,0,0,0,73.91
LaLiga,Mallorca,Abdón Prats,0,0.88,1,0,0,65.38
LaLiga,Valencia,Renzo Saravia,0,0.04,2,8,0,82.55
LaLiga,Getafe,Abu Kamara,0,0.48,2,4,0,68.42
LaLiga,Real Oviedo,Oier Luengo,0,0.04,0,6,1,88.64
LaLiga,Getafe,Yvan Neyou,0,0.0,0,0,0,83.33
LaLiga,Girona FC,Abel Ruíz,0,0.25,1,1,0,77.78
LaLiga,Real Sociedad,Jon Karrikaburu,0,0.91,0,2,0,58.82
LaLiga,Real Sociedad,Wesley,0,0.02,3,0,0,70.0
LaLiga,Levante UD,Roger Brugué,1,3.32,9,11,1,82.38
LaLiga,FC Barcelona,Toni Fernández,0,0.0,0,0,0,77.78
LaLiga,Girona FC,Bojan Miovski,0,0.0,0,0,0,66.67
LaLiga,Real Sociedad,Dani Díaz,0,0.0,0,0,0,75.0
LaLiga,Villarreal,Pau Cabanes,0,0.0,0,0,0,80.0
LaLiga,Atlético Madrid,Dani Martinez,0,0.0,0,1,0,89.53
LaLiga,Levante UD,Sergio Lozano,0,0.0,0,2,0,100.0
LaLiga,Espanyol,Lluc Castell,0,0.0,0,0,0,50.0
LaLiga,Getafe,Jorge Montes,0,0.0,2,3,0,88.89
LaLiga,FC Barcelona,Jofre Torrents ,0,0.0,0,2,0,88.24
LaLiga,Deportivo Alavés,Moussa Diarra,0,0.0,1,6,0,64.06
LaLiga,Real Sociedad,Gorka Carrera Zarranz,0,0.34,0,0,0,91.67
LaLiga,Girona FC,Dawda Camara,0,0.12,0,1,0,70.0
LaLiga,Athletic Club,Asier Hierro,0,0.07,0,0,0,66.67
LaLiga,Rayo Vallecano,Pelayo Fernández,0,0.04,0,1,0,85.71
LaLiga,Sevilla,Stanis Idumbo Muzambo,0,0.03,0,1,0,63.64
LaLiga,FC Barcelona,Xavi Espart,0,0.02,3,4,0,89.23
LaLiga,Getafe,Davinchi,0,0.24,10,26,0,58.02
LaLiga,Rayo Vallecano,Carlos Martín,0,1.3,4,11,0,82.73
LaLiga,Valencia,Dimitri Foulquier,0,0.57,10,15,0,84.75
LaLiga,Girona FC,Lass Kourouma,0,0.0,0,0,0,76.92
LaLiga,Levante UD,Jorge Cabello,0,0.0,2,7,0,86.18
LaLiga,Deportivo Alavés,Mariano Díaz,0,0.24,1,4,0,65.12
LaLiga,Sevilla,Ramón Martínez,0,0.0,0,0,0,89.06
LaLiga,Sevilla,Joan Jordán,0,0.0,0,0,0,77.78
LaLiga,Espanyol,Jose Salinas,0,0.16,3,2,0,83.93
LaLiga,Real Oviedo,Pablo Agudín,0,0.04,1,1,0,55.0
LaLiga,Levante UD,Diego Pampín,0,0.21,6,11,0,85.56
LaLiga,Celta Vigo,Joseph Aidoo,0,0.24,1,7,0,93.09
LaLiga,Atlético Madrid,Taufik Seidu,0,0.0,0,0,0,50.0
LaLiga,Real Madrid,Manuel Serrano Salazar,0,0.0,0,0,0,100.0
LaLiga,Villarreal,Hugo López,0,0.0,0,1,0,100.0
LaLiga,Elche,Bambo Diaby,0,0.0,0,0,0,95.16
LaLiga,Elche,Ali Houary,0,0.07,1,4,0,88.68
LaLiga,Athletic Club,Íñigo Lekue,0,0.13,6,15,0,76.98
LaLiga,Celta Vigo,Andrés Antañón,0,0.16,0,0,0,66.67
LaLiga,Deportivo Alavés,Carlos Ballestero,0,0.0,0,0,0,0.0
LaLiga,Atlético Madrid,Aleksa Purić,0,0.0,0,1,0,87.5
LaLiga,Atlético Madrid,Rayane Belaid,0,0.55,2,2,0,90.0
LaLiga,Deportivo Alavés,Diego Morcillo,0,0.45,0,0,0,50.0
LaLiga,Mallorca,Luis Orejuela,0,0.05,1,0,0,93.75
LaLiga,Real Sociedad,Mikel Goti,0,0.35,2,0,0,48.28
LaLiga,Girona FC,Ladislav Krejčí,0,0.12,0,2,0,88.46
LaLiga,Athletic Club,Alex Padilla,0,0.0,0,0,0,35.48
LaLiga,Real Madrid,Alvaro Leiva,0,0.0,0,0,0,50.0
LaLiga,Real Sociedad,Arkaitz Mariezkurrena,0,0.0,0,0,0,0.0
LaLiga,Real Betis,Dani Pérez,0,0.0,1,0,0,100.0
LaLiga,Real Sociedad,Iñaki Rupérez,0,0.0,0,0,0,100.0
LaLiga,Deportivo Alavés,Lander Pinillos,0,0.0,0,0,0,100.0
LaLiga,Real Sociedad,Lander Astiazaran,0,0.03,0,0,0,0.0
Bundesliga,1. FC Union Berlin,Matheo Raab,0,0.0,0,0,0,53.13
Bundesliga,Hamburger SV,Sander Tangvik,0,0.0,0,0,0,66.67
Bundesliga,FC Bayern München,Michael Olise,15,11.46,65,24,19,84.14
Bundesliga,FC Bayern München,Harry Kane,36,26.87,32,19,5,81.02
Bundesliga,1. FC Heidenheim,Frank Feller,0,0.0,0,1,0,71.55
Bundesliga,RB Leipzig,Yan Diomande,12,7.14,118,29,8,83.97
Bundesliga,FC Bayern München,Joshua Kimmich,2,2.65,11,32,8,92.38
Bundesliga,Borussia Dortmund,Nico Schlotterbeck,5,3.72,15,50,1,88.26
Bundesliga,FC Bayern München,Sven Ulreich,0,0.0,0,0,0,47.37
Bundesliga,SV Werder Bremen,Karl Hein,0,0.0,1,0,0,75.45
Bundesliga,VfB Stuttgart,Dan Zagadou,0,0.34,1,5,0,86.38
Bundesliga,SV Werder Bremen,Mick Schmetgens,0,0.0,0,1,0,90.0
Bundesliga,Bayer 04 Leverkusen,Aleix García,3,2.29,4,26,8,92.88
Bundesliga,1. FC Heidenheim,Leo Scienza,1,0.13,3,2,0,75.68
Bundesliga,1. FSV Mainz 05,Nadiem Amiri,12,10.4,25,31,2,81.28
Bundesliga,1. FSV Mainz 05,Daniel Batz,0,0.0,0,0,0,63.86
Bundesliga,Borussia Dortmund,Ramy Bensebaini,5,3.11,4,28,2,87.41
Bundesliga,Borussia M'gladbach,Moritz Nicolas,0,0.0,0,1,0,70.68
Bundesliga,RB Leipzig,David Raum,3,2.2,16,48,7,80.78
Bundesliga,Bayer 04 Leverkusen,Alejandro Grimaldo,8,6.65,25,49,8,87.4
Bundesliga,Hamburger SV,Luka Vušković,6,4.22,8,22,0,83.05
Bundesliga,FC Bayern München,Luis Díaz,15,15.1,61,21,14,85.81
Bundesliga,Bayer 04 Leverkusen,Janis Blaswich,0,0.0,0,0,0,74.19
Bundesliga,VfB Stuttgart,Angelo Stiller,2,3.08,14,49,5,88.12
Bundesliga,SV Werder Bremen,Maximilian Wöber,0,0.0,0,1,0,50.0
Bundesliga,Borussia Dortmund,Waldemar Anton,2,1.74,13,73,0,89.85
Bundesliga,FC Bayern München,Jonathan Tah,2,0.71,3,24,1,96.31
Bundesliga,Borussia Dortmund,Aarón Anselmino,1,0.07,1,9,0,87.32
Bundesliga,FC Bayern München,Kim Min-jae,1,0.62,1,22,1,94.94
Bundesliga,1. FC Union Berlin,Carl Klaus,0,0.0,0,0,0,61.47
Bundesliga,Borussia Dortmund,Emre Can,3,2.45,3,12,0,86.22
Bundesliga,SC Freiburg,Johan Manzambi,5,3.85,33,35,4,84.45
Bundesliga,RB Leipzig,Willi Orbán,2,2.38,6,47,0,89.66
Bundesliga,Bayer 04 Leverkusen,Loïc Badé,0,1.29,3,33,0,92.12
Bundesliga,VfL Wolfsburg,Kamil Grabara,0,0.04,1,1,0,66.0
Bundesliga,VfB Stuttgart,Maximilian Mittelstädt,6,4.4,14,67,4,86.17
Bundesliga,Bayer 04 Leverkusen,Edmond Tapsoba,5,2.5,8,31,3,90.95
Bundesliga,VfB Stuttgart,Alexander Nübel,0,0.0,0,0,1,69.77
Bundesliga,FC Bayern München,Jonas Urbig,0,0.0,0,0,0,83.41
Bundesliga,Eintracht Frankfurt,Can Uzun,8,3.93,16,15,4,81.62
Bundesliga,VfB Stuttgart,Deniz Undav,19,16.4,9,18,6,72.64
Bundesliga,FC Bayern München,Aleksandar Pavlović,3,1.6,4,26,1,94.55
Bundesliga,Hamburger SV,Daniel Fernandes,0,0.26,1,0,0,74.16
Bundesliga,RB Leipzig,Brajan Gruda,3,3.44,21,8,3,78.46
Bundesliga,Hamburger SV,Fábio Vieira,7,4.65,32,20,5,83.02
Bundesliga,VfB Stuttgart,Chris Führich,7,4.26,28,15,7,82.97
Bundesliga,FC Bayern München,Dayot Upamecano,1,1.03,4,44,1,92.6
Bundesliga,Borussia Dortmund,Gregor Kobel,0,0.0,0,0,0,72.13
Bundesliga,FC Bayern München,Leon Goretzka,5,4.8,11,29,3,91.41
Bundesliga,TSG Hoffenheim,Vladimír Coufal,1,0.88,31,60,8,78.21
Bundesliga,1. FC Köln,Marvin Schwäbe,0,0.0,0,1,0,69.64
Bundesliga,SV Werder Bremen,Mio Backhaus,0,0.0,0,0,0,78.9
Bundesliga,VfB Stuttgart,Jeff Chabot,0,1.13,4,34,0,88.82
Bundesliga,VfL Wolfsburg,Maximilian Arnold,1,0.43,5,22,4,84.74
Bundesliga,1. FC Köln,Jakub Kamiński,7,7.06,24,45,3,80.06
Bundesliga,Bayer 04 Leverkusen,Ibrahim Maza,3,5.34,48,41,4,83.05
Bundesliga,FC Bayern München,Serge Gnabry,8,6.26,16,18,6,89.83
Bundesliga,FC St. Pauli,Nikola Vasilj,0,0.0,0,1,0,69.4
Bundesliga,TSG Hoffenheim,Wouter Burger,4,3.46,4,72,5,77.52
Bundesliga,Borussia Dortmund,Julian Ryerson,0,0.93,24,34,15,82.58
Bundesliga,RB Leipzig,Antonio Nusa,4,4.41,68,26,3,79.05
Bundesliga,RB Leipzig,Castello Lukeba,1,1.16,22,31,0,90.17
Bundesliga,SC Freiburg,Noah Atubolu,0,0.0,0,0,0,67.01
Bundesliga,RB Leipzig,Maarten Vandevoordt,0,0.0,1,1,0,72.68
Bundesliga,Bayer 04 Leverkusen,Exequiel Palacios,0,0.6,4,21,1,90.67
Bundesliga,Bayer 04 Leverkusen,Nathan Tella,1,2.8,13,12,4,85.17
Bundesliga,TSG Hoffenheim,Andrej Kramarić,14,11.89,19,8,6,85.28
Bundesliga,VfB Stuttgart,Jamie Leweling,7,4.31,31,22,9,77.38
Bundesliga,TSG Hoffenheim,Leon Avdullahu,0,0.59,8,47,1,89.97
Bundesliga,Hamburger SV,Jean-Luc Dompé,3,2.08,21,5,0,80.84
Bundesliga,SV Werder Bremen,Amos Pieper,0,0.42,0,31,0,85.67
Bundesliga,1. FC Union Berlin,Christopher Trimmel,0,0.09,1,38,3,68.04
Bundesliga,1. FSV Mainz 05,Kaishu Sano,1,1.36,28,52,2,80.11
Bundesliga,Borussia M'gladbach,Nico Elvedi,0,0.45,1,43,2,91.98
Bundesliga,FC Augsburg,Finn Dahmen,0,0.32,0,3,0,68.72
Bundesliga,Eintracht Frankfurt,Timothy Chandler,0,0.0,0,0,0,80.0
Bundesliga,Borussia Dortmund,Julian Brandt,7,5.7,18,14,4,80.9
Bundesliga,SC Freiburg,Matthias Ginter,3,2.3,3,22,4,87.47
Bundesliga,TSG Hoffenheim,Albian Hajdari,1,1.73,2,58,2,82.8
Bundesliga,1. FC Union Berlin,Josip Juranović,1,0.69,0,7,1,74.81
Bundesliga,VfB Stuttgart,Bilal El Khannouss,4,3.17,18,28,5,79.34
Bundesliga,Borussia M'gladbach,Philipp Sander,2,1.56,5,65,0,86.11
Bundesliga,SV Werder Bremen,Jens Stage,10,6.08,13,41,2,75.34
Bundesliga,Hamburger SV,Albert Grønbæk,1,0.49,5,15,2,74.64
Bundesliga,1. FC Köln,Said El Mala,13,11.22,44,24,4,74.19
Bundesliga,Hamburger SV,Albert Sambi Lokonga,5,2.05,8,31,0,87.7
Bundesliga,1. FC Köln,Timo Hübers,0,0.0,1,14,0,87.19
Bundesliga,Eintracht Frankfurt,Robin Koch,3,1.38,2,42,1,91.77
Bundesliga,Eintracht Frankfurt,Jean-Mattéo Bahoya,3,2.04,41,31,4,80.45
Bundesliga,Eintracht Frankfurt,Rasmus Kristensen,2,0.68,14,46,0,79.41
Bundesliga,Eintracht Frankfurt,Michael Zetterer,0,0.0,0,0,0,71.86
Bundesliga,FC Augsburg,Keven Schlotterbeck,0,1.37,10,40,1,85.54
Bundesliga,Borussia M'gladbach,Kevin Diks,5,5.08,10,43,0,89.41
Bundesliga,FC St. Pauli,Manolis Saliakas,1,0.64,5,29,3,74.32
Bundesliga,1. FC Union Berlin,Marin Ljubičić,2,1.35,1,0,0,40.0
Bundesliga,RB Leipzig,Lukas Klostermann,0,0.09,0,3,1,91.07
Bundesliga,1. FSV Mainz 05,Stefan Posch,0,0.48,4,46,0,77.58
Bundesliga,VfB Stuttgart,Chema Andrés,3,1.4,2,30,0,84.87
Bundesliga,SC Freiburg,Philipp Lienhart,1,1.06,3,18,0,90.28
Bundesliga,Borussia Dortmund,Felix Nmecha,2,3.62,31,37,3,87.16
Bundesliga,Bayer 04 Leverkusen,Patrik Schick,16,17.18,10,9,3,80.54
Bundesliga,Eintracht Frankfurt,Jonathan Burkardt,13,12.0,6,8,1,73.3
Bundesliga,RB Leipzig,Xaver Schlager,3,2.11,22,37,1,86.89
Bundesliga,Bayer 04 Leverkusen,Lucas Vázquez,1,0.5,1,6,2,87.12
Bundesliga,1. FSV Mainz 05,Robin Zentner,0,0.0,1,0,0,54.22
Bundesliga,SC Freiburg,Vincenzo Grifo,7,5.74,10,10,4,82.11
Bundesliga,1. FC Heidenheim,Diant Ramaj,0,0.0,0,1,1,65.12
Bundesliga,Hamburger SV,Miro Muheim,0,1.19,21,62,4,75.63
Bundesliga,RB Leipzig,Christoph Baumgartner,13,15.1,13,54,8,75.71
Bundesliga,Bayer 04 Leverkusen,Malik Tillman,6,4.62,11,38,0,83.52
Bundesliga,Hamburger SV,Nicolai Remberg,0,1.03,14,60,2,89.04
Bundesliga,VfB Stuttgart,Nikolas Nartey,4,2.52,18,14,3,83.3
Bundesliga,FC Augsburg,Dimitrios Giannoulis,2,1.17,19,27,5,71.34
Bundesliga,VfB Stuttgart,Ermedin Demirović,12,7.55,7,14,3,73.2
Bundesliga,1. FSV Mainz 05,Anthony Caci,0,0.34,7,15,0,81.06
Bundesliga,FC Augsburg,Noahkai Banks,1,1.13,5,42,1,90.12
Bundesliga,1. FC Köln,Tom Krauß,0,0.37,9,72,2,86.21
Bundesliga,1. FSV Mainz 05,Sheraldo Becker,3,4.33,4,1,3,73.6
Bundesliga,Borussia Dortmund,Samuele Inacio,1,1.76,5,6,0,84.68
Bundesliga,TSG Hoffenheim,Bazoumana Touré,5,4.16,48,34,9,76.1
Bundesliga,VfL Wolfsburg,Christian Eriksen,3,5.96,10,38,9,77.69
Bundesliga,SV Werder Bremen,Romano Schmid,4,7.83,37,46,8,76.22
Bundesliga,FC Bayern München,Josip Stanišić,2,1.36,10,28,3,89.75
Bundesliga,Borussia Dortmund,Marcel Sabitzer,1,1.15,3,30,2,83.84
Bundesliga,RB Leipzig,Nicolas Seiwald,0,1.83,8,66,2,88.92
Bundesliga,FC Bayern München,Tom Bischof,3,1.83,7,26,3,92.6
Bundesliga,RB Leipzig,Assan Ouédraogo,4,2.39,14,8,3,83.16
Bundesliga,FC Bayern München,Manuel Neuer,0,0.0,0,0,0,81.28
Bundesliga,Bayer 04 Leverkusen,Mark Flekken,0,0.0,1,0,0,72.97
Bundesliga,FC Augsburg,Fabian Rieder,6,4.19,19,37,3,75.79
Bundesliga,1. FC Heidenheim,Niklas Dorsch,0,0.59,12,59,1,88.8
Bundesliga,RB Leipzig,Péter Gulácsi,0,0.0,0,0,0,82.81
Bundesliga,Bayer 04 Leverkusen,Jarell Quansah,4,2.84,14,28,0,90.29
Bundesliga,SV Werder Bremen,Marco Friedl,1,0.68,4,44,0,88.98
Bundesliga,1. FC Köln,Ragnar Ache,7,10.34,9,13,4,60.98
Bundesliga,VfL Wolfsburg,Vinícius Souza,0,0.91,8,55,0,80.96
Bundesliga,Borussia Dortmund,Niklas Süle,0,0.03,1,8,1,93.65
Bundesliga,VfL Wolfsburg,Patrick Wimmer,4,3.12,38,47,3,65.18
Bundesliga,TSG Hoffenheim,Ozan Kabak,4,4.33,6,20,0,84.72
Bundesliga,1. FC Heidenheim,Hennes Behrens,1,0.32,15,28,2,72.55
Bundesliga,RB Leipzig,El Chadaille Bitshiabu,0,0.16,0,8,0,92.86
Bundesliga,Borussia M'gladbach,Franck Honorat,2,0.91,17,22,6,74.39
Bundesliga,FC Augsburg,Alexis Claude-Maurice,5,6.88,44,41,4,84.4
Bundesliga,SV Werder Bremen,Olivier Deman,1,0.51,6,39,2,79.53
Bundesliga,1. FC Union Berlin,Leopold Querfeld,3,3.69,4,52,0,79.95
Bundesliga,TSG Hoffenheim,Valentin Gendrey,1,0.28,0,1,1,96.15
Bundesliga,RB Leipzig,Ridle Baku,2,2.56,13,60,3,86.07
Bundesliga,Borussia Dortmund,Karim Adeyemi,7,4.87,27,5,4,71.67
Bundesliga,TSG Hoffenheim,Grischa Prömel,7,5.09,6,36,2,82.0
Bundesliga,TSG Hoffenheim,Bernardo,0,0.52,6,68,0,79.36
Bundesliga,Borussia M'gladbach,Rocco Reitz,0,2.57,24,68,4,77.89
Bundesliga,FC St. Pauli,Eric Smith,2,0.58,9,34,2,84.74
Bundesliga,Eintracht Frankfurt,Ritsu Doan,5,3.36,34,43,5,77.65
Bundesliga,SC Freiburg,Maximilian Eggestein,3,3.8,15,64,1,82.66
Bundesliga,1. FC Heidenheim,Patrick Mainka,2,3.49,4,45,2,87.08
Bundesliga,1. FC Köln,Marius Bülter,5,4.37,6,7,4,73.13
Bundesliga,FC Augsburg,Anton Kade,6,6.35,24,31,0,73.21
Bundesliga,Bayer 04 Leverkusen,Ernest Poku,5,3.05,28,13,5,83.15
Bundesliga,1. FC Köln,Eric Martel,2,2.5,2,46,2,86.32
Bundesliga,SV Werder Bremen,Samuel Mbangula,3,1.68,30,16,2,86.9
Bundesliga,Eintracht Frankfurt,Farès Chaïbi,2,2.83,11,31,9,78.88
Bundesliga,FC Bayern München,Lennart Karl,5,7.59,22,25,5,85.91
Bundesliga,Borussia Dortmund,Yan Couto,2,1.01,13,20,2,81.7
Bundesliga,Borussia Dortmund,Serhou Guirassy,17,17.56,12,2,1,75.57
Bundesliga,1. FSV Mainz 05,Danny da Costa,2,1.6,15,43,3,75.72
Bundesliga,Bayer 04 Leverkusen,Robert Andrich,2,0.72,1,43,0,90.1
Bundesliga,FC Bayern München,Alphonso Davies,1,0.35,13,9,3,93.61
Bundesliga,VfB Stuttgart,Luca Jaquez,0,0.12,2,8,1,90.78
Bundesliga,1. FSV Mainz 05,Silvan Widmer,2,2.49,2,40,1,74.73
Bundesliga,FC Bayern München,Hiroki Itō,1,0.85,4,4,2,91.09
Bundesliga,VfL Wolfsburg,Andreas Skov Olsen,1,0.32,3,2,0,87.3
Bundesliga,Bayer 04 Leverkusen,Martin Terrier,4,2.55,5,11,1,85.02
Bundesliga,1. FC Köln,Dominique Heintz,0,0.0,3,3,0,84.81
Bundesliga,1. FSV Mainz 05,Phillipp Mwene,1,1.96,8,29,2,75.34
Bundesliga,TSG Hoffenheim,Alexander Prass,3,1.19,16,32,2,76.25
Bundesliga,Borussia Dortmund,Pascal Groß,0,0.59,4,8,1,87.28
Bundesliga,VfB Stuttgart,Atakan Karazor,0,0.73,8,42,1,85.01
Bundesliga,1. FC Köln,Alessio Castro-Montes,1,1.36,1,18,3,75.32
Bundesliga,FC Bayern München,Konrad Laimer,3,2.42,14,46,9,90.06
Bundesliga,FC Augsburg,Chrislain Matsima,1,0.42,1,19,1,85.09
Bundesliga,SC Freiburg,Jan-Niklas Beste,2,3.44,15,40,2,75.46
Bundesliga,1. FC Heidenheim,Arijon Ibrahimović,2,6.31,23,34,4,72.08
Bundesliga,SC Freiburg,Igor Matanović,11,9.24,12,23,2,62.58
Bundesliga,Borussia Dortmund,Maximilian Beier,9,7.35,18,26,6,70.41
Bundesliga,FC Augsburg,Han-Noah Massengo,2,1.29,26,41,1,85.84
Bundesliga,FC Augsburg,Arthur Chaves,2,1.07,2,26,0,82.04
Bundesliga,Borussia Dortmund,Luca Reggiani,1,0.43,4,14,0,88.1
Bundesliga,Borussia M'gladbach,Charles Herrmann,0,0.0,0,0,1,66.67
Bundesliga,Borussia Dortmund,Almugera Kabar,0,0.1,0,1,0,50.0
Bundesliga,FC Augsburg,Robin Fellhauer,3,2.79,15,57,2,75.64
Bundesliga,FC Augsburg,Kristijan Jakić,2,1.52,6,34,1,80.28
Bundesliga,Bayer 04 Leverkusen,Ezequiel Fernández,0,0.68,9,31,1,89.47
Bundesliga,Eintracht Frankfurt,Arnaud Kalimuendo,6,4.04,21,11,1,85.71
Bundesliga,Eintracht Frankfurt,Nathaniel Brown,4,2.52,17,81,4,84.74
Bundesliga,SV Werder Bremen,Senne Lynen,0,1.11,6,63,0,86.62
Bundesliga,1. FSV Mainz 05,Dominik Kohr,2,1.57,5,48,0,83.64
Bundesliga,Bayer 04 Leverkusen,Montrell Culbreath,1,1.83,5,27,0,84.58
Bundesliga,1. FC Heidenheim,Eren Dinkçi,3,3.97,11,25,1,70.62
Bundesliga,1. FC Heidenheim,Marnon Busch,1,1.11,3,36,5,80.12
Bundesliga,TSG Hoffenheim,Oliver Baumann,0,0.0,2,0,0,71.11
Bundesliga,1. FC Köln,Luca Waldschmidt,5,5.54,7,8,4,75.89
Bundesliga,1. FSV Mainz 05,Kacper Potulski,1,1.91,2,15,0,82.27
Bundesliga,Bayer 04 Leverkusen,Eliesse Ben Seghir,0,0.14,9,4,0,85.82
Bundesliga,Borussia Dortmund,Daniel Svensson,2,1.79,12,38,2,83.45
Bundesliga,Eintracht Frankfurt,Arthur Theate,1,1.1,4,35,0,89.92
Bundesliga,Hamburger SV,Jordan Torunarigha,0,0.37,6,37,0,85.4
Bundesliga,1. FC Heidenheim,Adrian Beck,1,0.86,18,18,1,84.02
Bundesliga,1. FC Union Berlin,Diogo Leite,0,1.21,6,33,0,76.49
Bundesliga,Borussia M'gladbach,Kevin Stöger,1,2.46,3,37,1,82.67
Bundesliga,FC Bayern München,Raphaël Guerreiro,5,3.43,3,7,2,89.52
Bundesliga,FC Augsburg,Michael Gregoritsch,6,5.27,2,5,2,55.62
Bundesliga,SC Freiburg,Yuito Suzuki,4,3.86,18,20,2,77.53
Bundesliga,Eintracht Frankfurt,Hugo Larsson,2,1.47,4,19,2,86.78
Bundesliga,SV Werder Bremen,Marco Grüll,3,3.6,21,38,1,77.11
Bundesliga,1. FC Köln,Florian Kainz,1,0.76,3,4,1,82.32
Bundesliga,Bayer 04 Leverkusen,Jonas Hofmann,2,1.63,7,13,2,83.55
Bundesliga,Borussia M'gladbach,Luca Netz,0,0.05,9,16,2,76.84
Bundesliga,FC St. Pauli,Hauke Wahl,2,0.61,2,43,1,86.34
Bundesliga,1. FC Union Berlin,Aljoscha Kemlein,0,1.18,17,40,2,76.79
Bundesliga,Borussia M'gladbach,Yannick Engelhardt,2,2.12,6,43,2,86.06
Bundesliga,Borussia M'gladbach,Giovanni Reyna,1,0.67,10,9,0,84.41
Bundesliga,1. FC Union Berlin,Oliver Burke,6,5.18,11,12,2,72.13
Bundesliga,1. FC Union Berlin,Danilho Doekhi,5,4.25,3,44,0,77.34
Bundesliga,1. FC Köln,Jan Uwe Thielmann,3,2.3,8,18,1,75.12
Bundesliga,Hamburger SV,Nicolás Capaldo,1,1.93,10,68,3,77.73
Bundesliga,1. FC Köln,Ísak Bergmann Jóhannesson,1,1.43,6,27,2,83.76
Bundesliga,SV Werder Bremen,Skelly Alvero,0,0.0,0,0,0,95.83
Bundesliga,FC Bayern München,Nicolas Jackson,8,7.26,11,8,1,81.56
Bundesliga,VfB Stuttgart,Ramon Hendriks,0,0.31,8,35,3,90.42
Bundesliga,FC St. Pauli,James Sands,1,1.0,2,42,0,75.48
Bundesliga,Borussia Dortmund,Jobe Bellingham,0,1.08,15,44,1,87.4
Bundesliga,VfL Wolfsburg,Mohamed Amoura,8,8.6,16,38,3,69.64
Bundesliga,FC St. Pauli,Adam Dźwigała,1,0.14,3,46,1,80.96
Bundesliga,1. FC Heidenheim,Julian Niehues,3,1.26,5,17,0,82.0
Bundesliga,1. FC Union Berlin,Frederik Rønnow,0,0.0,0,1,0,55.82
Bundesliga,1. FC Union Berlin,Woo-Yeong Jeong,4,2.63,7,18,1,75.68
Bundesliga,VfB Stuttgart,Tiago Tomás,5,5.97,13,15,3,79.07
Bundesliga,VfB Stuttgart,Finn Jeltsch,0,0.15,5,24,1,90.8
Bundesliga,VfL Wolfsburg,Konstantinos Koulierakis,4,3.22,3,39,1,84.3
Bundesliga,TSG Hoffenheim,Fisnik Asllani,10,8.28,17,17,7,68.56
Bundesliga,Borussia M'gladbach,Robin Hack,1,1.15,3,2,0,83.61
Bundesliga,1. FC Union Berlin,Livan Burcu,1,1.61,15,12,1,79.81
Bundesliga,Borussia M'gladbach,Oscar Fraulo,1,0.29,0,1,0,100.0
Bundesliga,1. FC Union Berlin,Derrick Köhn,1,2.15,11,34,2,76.3
Bundesliga,TSG Hoffenheim,Robin Hranáč,1,2.14,2,25,0,86.32
Bundesliga,1. FC Union Berlin,Rani Khedira,5,2.04,3,59,1,66.62
Bundesliga,FC St. Pauli,Danel Sinani,5,5.06,12,25,3,74.21
Bundesliga,1. FC Köln,Linton Maina,2,1.35,9,9,0,84.64
Bundesliga,VfL Wolfsburg,Jonas Wind,1,1.17,2,0,0,63.45
Bundesliga,1. FSV Mainz 05,Jae-sung Lee,4,3.25,5,38,2,77.27
Bundesliga,VfL Wolfsburg,Kevin Paredes,0,0.06,2,4,0,78.57
Bundesliga,RB Leipzig,Johan Bakayoko,2,2.08,15,5,0,82.58
Bundesliga,VfL Wolfsburg,Adam Daghim,2,2.48,17,26,3,66.75
Bundesliga,Bayer 04 Leverkusen,Christian Kofane,5,6.8,7,13,4,82.76
Bundesliga,1. FC Heidenheim,Marvin Pieringer,4,5.84,16,20,1,67.89
Bundesliga,1. FSV Mainz 05,Arnaud Nordin,0,0.79,4,10,0,82.5
Bundesliga,FC St. Pauli,Jackson Irvine,0,1.44,10,34,1,71.91
Bundesliga,FC Bayern München,Jamal Musiala,3,4.81,21,11,4,84.93
Bundesliga,Borussia M'gladbach,Haris Tabaković,13,13.0,6,10,2,67.63
Bundesliga,FC St. Pauli,Joel Chima Fujita,1,1.15,47,68,3,76.7
Bundesliga,VfL Wolfsburg,Denis Vavro,1,0.92,2,8,0,85.33
Bundesliga,1. FC Union Berlin,Andrej Ilić,5,11.26,7,4,9,54.76
Bundesliga,Borussia M'gladbach,Wael Mohya,2,0.91,3,8,1,82.76
Bundesliga,Borussia M'gladbach,Hugo Bolin,1,0.82,3,4,1,81.75
Bundesliga,Borussia M'gladbach,Florian Neuhaus,0,1.06,6,12,1,79.88
Bundesliga,VfL Wolfsburg,Bence Dárdai,0,0.0,0,1,0,100.0
Bundesliga,FC Augsburg,Arne Maier,0,0.0,0,1,0,80.0
Bundesliga,1. FSV Mainz 05,Ben Bobzien,0,0.0,0,2,0,90.0
Bundesliga,TSG Hoffenheim,Luka Duric,0,0.0,0,0,0,100.0
Bundesliga,FC St. Pauli,Fin Stevens,0,0.0,0,0,0,53.85
Bundesliga,FC Bayern München,Bara Sapoko Ndiaye,0,0.0,8,6,0,93.55
Bundesliga,FC St. Pauli,Mathias Rasmussen,0,0.76,5,15,0,77.1
Bundesliga,Bayer 04 Leverkusen,Piero Hincapié,0,0.38,0,0,0,85.56
Bundesliga,RB Leipzig,Loïs Openda,0,0.12,1,0,0,86.67
Bundesliga,VfL Wolfsburg,Václav Černý,0,0.03,1,0,0,71.43
Bundesliga,Eintracht Frankfurt,Ayoube Amaimouni Echghouyab,2,0.52,20,6,3,76.98
Bundesliga,SC Freiburg,Derry Scherhant,5,2.58,30,20,1,75.66
Bundesliga,FC St. Pauli,Tomoya Ando,0,0.39,5,33,1,85.76
Bundesliga,FC Augsburg,Cedric Zesiger,0,0.8,3,34,0,81.65
Bundesliga,Borussia M'gladbach,Jens Castrop,3,3.73,25,58,1,75.3
Bundesliga,Borussia Dortmund,Carney Chukwuemeka,2,1.93,22,21,0,85.12
Bundesliga,Eintracht Frankfurt,Ellyes Skhiri,0,0.64,7,20,0,88.02
Bundesliga,1. FSV Mainz 05,Silas,1,1.68,8,3,0,74.14
Bundesliga,Eintracht Frankfurt,Nnamdi Collins,1,0.45,11,49,2,87.64
Bundesliga,VfL Wolfsburg,Joakim Mæhle,1,0.81,8,35,2,82.36
Bundesliga,1. FC Union Berlin,Janik Haberer,0,0.58,6,35,1,76.28
Bundesliga,1. FC Union Berlin,András Schäfer,2,1.97,9,41,1,76.32
Bundesliga,1. FSV Mainz 05,Sota Kawasaki,0,0.08,0,11,0,68.92
Bundesliga,Borussia M'gladbach,Shuto Machino,3,2.94,3,8,1,72.73
Bundesliga,SV Werder Bremen,Justin Njinmah,5,6.71,21,23,0,76.71
Bundesliga,Hamburger SV,Robert Glatzel,3,2.68,5,1,2,72.93
Bundesliga,1. FSV Mainz 05,Stefan Bell,2,1.73,1,12,1,70.26
Bundesliga,VfL Wolfsburg,Jenson Seelt,0,0.2,2,13,0,86.02
Bundesliga,1. FC Köln,Denis Huseinbašić,0,0.42,1,17,0,90.47
Bundesliga,SV Werder Bremen,Victor Okoh Boniface,0,1.08,5,2,2,68.81
Bundesliga,Eintracht Frankfurt,Aurèle Amenda,0,0.77,2,15,0,87.73
Bundesliga,SC Freiburg,Lucas Höler,3,4.5,10,25,1,68.93
Bundesliga,FC Augsburg,Marius Wolf,1,1.08,7,19,1,65.85
Bundesliga,FC St. Pauli,Ricky-Jade Jones,2,1.62,4,3,0,50.88
Bundesliga,1. FC Köln,Felipe Chávez,0,0.34,0,3,0,87.06
Bundesliga,1. FSV Mainz 05,Maxim Leitsch,0,0.02,0,3,0,80.0
Bundesliga,SC Freiburg,Philipp Treu,1,1.19,15,45,2,85.63
Bundesliga,1. FC Köln,Kristoffer Lund,0,0.71,19,38,2,76.91
Bundesliga,SV Werder Bremen,Felix Agu,0,0.06,4,20,0,79.31
Bundesliga,SV Werder Bremen,Jovan Milošević,3,2.01,5,4,1,74.53
Bundesliga,SV Werder Bremen,Cameron Puertas,1,1.82,15,60,2,85.23
Bundesliga,Bayer 04 Leverkusen,Arthur,1,0.92,14,20,3,83.7
Bundesliga,SC Freiburg,Cyriaque Irié,0,0.73,12,9,0,83.64
Bundesliga,SC Freiburg,Lukas Kübler,2,3.18,2,40,2,81.26
Bundesliga,RB Leipzig,Max Finkgräfe,1,0.19,5,16,1,90.43
Bundesliga,Hamburger SV,Warmed Omari,0,0.12,6,22,1,85.77
Bundesliga,Hamburger SV,Giorgi Gocholeishvili,0,0.76,18,25,1,74.69
Bundesliga,Hamburger SV,Philip Otele,1,1.11,7,2,1,68.14
Bundesliga,SC Freiburg,Patrick Osterhage,1,0.95,6,14,0,86.65
Bundesliga,Hamburger SV,Jonas Meffert,0,0.0,0,4,0,76.54
Bundesliga,FC Augsburg,Elias Saad,0,0.53,15,15,0,79.61
Bundesliga,FC St. Pauli,Arkadiusz Pyrka,0,1.07,16,39,1,73.36
Bundesliga,VfL Wolfsburg,Dženan Pejčinović,8,7.87,4,10,0,67.8
Bundesliga,RB Leipzig,Rômulo,9,14.36,11,30,4,74.91
Bundesliga,Hamburger SV,Fabio Baldé,1,0.91,10,14,1,73.58
Bundesliga,1. FSV Mainz 05,Andreas Hanche Olsen,0,0.35,0,8,1,81.28
Bundesliga,1. FC Heidenheim,Budu Zivzivadze,6,5.32,13,14,0,72.15
Bundesliga,FC Augsburg,Mert Kömür,2,3.42,17,15,4,80.39
Bundesliga,SV Werder Bremen,Isaac Schmidt,1,1.01,10,16,0,77.3
Bundesliga,SV Werder Bremen,Leonardo Bittencourt,0,0.28,3,16,1,85.35
Bundesliga,RB Leipzig,Ezechiel Banzuzi,0,1.4,2,15,1,84.91
Bundesliga,1. FSV Mainz 05,William Bøving,0,0.02,1,6,1,74.19
Bundesliga,SC Freiburg,Bruno Ogbus,0,0.37,3,23,0,91.6
Bundesliga,1. FC Union Berlin,Ilyas Ansah,5,3.25,25,17,1,74.92
Bundesliga,Borussia Dortmund,Salih Özcan,0,0.1,0,2,0,90.32
Bundesliga,VfL Wolfsburg,Yannick Gerhardt,1,0.97,1,14,0,81.94
Bundesliga,VfL Wolfsburg,Mattias Svanberg,3,2.93,3,10,1,70.8
Bundesliga,FC Augsburg,Mads Pedersen,0,0.16,0,5,0,77.05
Bundesliga,VfL Wolfsburg,Lovro Majer,2,3.09,12,26,3,82.02
Bundesliga,FC Augsburg,Elvis Rexhbeçaj,2,0.53,5,18,0,77.34
Bundesliga,Hamburger SV,Bakery Jatta,1,0.84,3,15,1,81.61
Bundesliga,Borussia M'gladbach,Joe Scally,2,1.27,24,48,3,80.26
Bundesliga,1. FC Heidenheim,Christian Conteh,0,0.22,5,2,0,79.75
Bundesliga,1. FC Heidenheim,Yannik Wagner,0,0.02,0,1,0,70.0
Bundesliga,Hamburger SV,Ransford Yeboah Königsdörffer,5,7.69,15,6,0,70.56
Bundesliga,1. FC Heidenheim,Sirlord Conteh,2,2.8,3,7,1,66.92
Bundesliga,Hamburger SV,Yussuf Poulsen,1,0.76,3,4,0,58.56
Bundesliga,1. FC Köln,Cenk Özkaçar,0,0.97,6,33,0,86.76
Bundesliga,1. FC Heidenheim,Leonidas Stergiou,0,0.09,1,8,0,77.63
Bundesliga,1. FC Heidenheim,Stefan Schimmer,5,5.37,1,11,1,64.1
Bundesliga,FC St. Pauli,Abdoulie Ceesay,3,1.26,6,3,0,67.12
Bundesliga,FC Augsburg,Yannik Keitel,0,0.0,0,6,0,80.9
Bundesliga,Eintracht Frankfurt,Kauã Santos,0,0.0,1,1,0,63.0
Bundesliga,1. FC Heidenheim,Jan Schöppner,3,2.15,11,32,3,68.01
Bundesliga,VfL Wolfsburg,Moritz Jenz,1,0.54,0,32,0,89.03
Bundesliga,SV Werder Bremen,Salim Musah,1,0.86,1,3,0,75.0
Bundesliga,1. FC Köln,Rav van den Berg,0,0.0,0,14,1,93.34
Bundesliga,1. FSV Mainz 05,Paul Nebel,5,5.26,20,50,2,78.44
Bundesliga,Eintracht Frankfurt,Mahmoud Dahoud,2,0.84,5,11,3,81.32
Bundesliga,1. FC Heidenheim,Luca Kerber,2,1.69,0,17,0,72.17
Bundesliga,VfL Wolfsburg,Jeanuël Belocian,0,0.47,7,35,1,89.46
Bundesliga,1. FSV Mainz 05,Nikolas Veratschnig,0,0.1,6,19,1,67.46
Bundesliga,RB Leipzig,Conrad Harder,3,4.08,5,10,3,70.77
Bundesliga,SC Freiburg,Junior Adamu,1,1.67,5,11,1,58.54
Bundesliga,SV Werder Bremen,Patrice Čović,1,1.32,0,13,0,79.5
Bundesliga,FC Bayern München,Jonah Kusi-Asare,0,0.0,0,0,0,0.0
Bundesliga,Eintracht Frankfurt,Elias Baum,0,0.0,0,1,0,90.77
Bundesliga,TSG Hoffenheim,Muhammed Damar,0,1.24,2,5,0,81.6
Bundesliga,Bayer 04 Leverkusen,Claudio Echeverri,0,0.1,1,1,0,93.15
Bundesliga,RB Leipzig,Andrija Maksimović,0,0.08,0,0,0,94.12
Bundesliga,VfB Stuttgart,Ameen Al-Dakhil,0,0.06,2,8,0,88.58
Bundesliga,FC Bayern München,David Daiber,0,0.06,2,0,0,96.0
Bundesliga,1. FC Heidenheim,Jonas Föhrenbach,1,0.55,2,46,1,79.81
Bundesliga,Borussia Dortmund,Fábio Silva,2,2.64,12,7,6,72.39
Bundesliga,1. FC Union Berlin,Stanley Nsoki,1,0.16,4,13,2,69.97
Bundesliga,RB Leipzig,Benjamin Henrichs,1,0.22,1,7,0,81.25
Bundesliga,SC Freiburg,Anthony Jung,0,0.03,1,4,0,82.72
Bundesliga,SC Freiburg,Jordy Makengo,0,0.0,7,22,1,84.04
Bundesliga,FC St. Pauli,Lars Ritzka,0,0.43,0,40,0,72.51
Bundesliga,FC St. Pauli,Karol Mets,1,0.77,1,25,0,85.75
Bundesliga,Hamburger SV,Rayan Philippe,5,5.2,12,20,0,69.61
Bundesliga,VfL Wolfsburg,Aaron Zehnter,2,1.28,7,15,0,76.85
Bundesliga,1. FC Köln,Fynn Schenten,0,0.03,0,0,0,68.75
Bundesliga,Eintracht Frankfurt,Ansgar Knauff,4,3.78,11,13,1,70.62
Bundesliga,1. FC Union Berlin,Tim Skarke,1,0.89,5,7,1,70.13
Bundesliga,1. FSV Mainz 05,Lasse Riess,0,0.0,1,0,0,61.62
Bundesliga,1. FC Union Berlin,Alex Král,0,0.31,9,9,0,78.99
Bundesliga,1. FC Heidenheim,Thomas Keller,0,0.05,1,1,0,83.19
Bundesliga,FC St. Pauli,Connor Metcalfe,0,0.62,6,15,2,73.85
Bundesliga,FC Augsburg,Jeffrey Gouweleeuw,0,0.33,2,19,1,79.25
Bundesliga,1. FC Köln,Jahmai Simpson-Pusey,0,0.41,3,9,0,86.62
Bundesliga,FC St. Pauli,Mathias Pereira Lage,2,4.33,15,38,2,66.46
Bundesliga,SC Freiburg,Christian Günter,0,0.38,2,19,3,78.79
Bundesliga,Hamburger SV,Otto Stange,0,0.96,5,3,0,71.43
Bundesliga,1. FC Heidenheim,Tim Siersleben,0,0.47,0,23,0,81.47
Bundesliga,1. FC Union Berlin,Robert Skov,0,0.02,3,6,0,67.74
Bundesliga,FC St. Pauli,Louis Oppie,1,0.92,3,24,0,78.4
Bundesliga,1. FC Heidenheim,Mathias Honsak,2,3.17,15,21,1,74.0
Bundesliga,Hamburger SV,Daniel Elfadli,0,0.41,3,22,0,93.39
Bundesliga,VfB Stuttgart,Lorenz Assignon,0,0.57,11,22,0,83.75
Bundesliga,VfB Stuttgart,Badredine Bouanani,0,0.97,4,4,0,77.72
Bundesliga,Borussia M'gladbach,Fabio Chiarodia,0,0.58,1,15,0,85.94
Bundesliga,SC Freiburg,Nicolas Höfler,0,0.15,1,7,0,85.12
Bundesliga,1. FC Heidenheim,Mikkel Kaufmann,1,1.42,0,3,1,64.65
Bundesliga,Hamburger SV,William Mikelbrencis,0,1.14,13,34,4,71.15
Bundesliga,TSG Hoffenheim,Tim Lemperle,8,8.4,15,21,2,70.23
Bundesliga,Borussia M'gladbach,Grant-Leon Ranos,1,0.53,1,1,0,83.72
Bundesliga,Borussia M'gladbach,Tim Kleindienst,0,0.0,0,2,0,60.0
Bundesliga,Eintracht Frankfurt,Love Arrhov,0,0.0,1,2,0,73.91
Bundesliga,1. FC Union Berlin,Tom Alexander Rothe,2,1.15,7,20,0,72.82
Bundesliga,Eintracht Frankfurt,Oscar Højlund,1,0.54,5,29,1,89.72
Bundesliga,TSG Hoffenheim,Umut Tohumcu,0,0.09,1,3,0,84.78
Bundesliga,SV Werder Bremen,Niklas Stark,0,0.41,0,16,0,87.94
Bundesliga,Eintracht Frankfurt,Mario Götze,0,0.57,5,14,0,83.2
Bundesliga,Hamburger SV,Alexander Røssing-Lelesiit,0,0.08,6,9,1,80.88
Bundesliga,TSG Hoffenheim,Max Moerstedt,2,0.83,4,7,0,73.33
Bundesliga,RB Leipzig,Tidiam Gomis,1,0.49,10,4,0,84.76
Bundesliga,VfB Stuttgart,Lazar Jovanović,0,0.07,1,0,0,61.54
Bundesliga,VfL Wolfsburg,Pharell Hensel,0,0.02,1,1,0,80.77
Bundesliga,SC Freiburg,Maximilian Rosenfelder,0,0.02,2,8,0,89.12
Bundesliga,1. FSV Mainz 05,Benedict Hollerbach,1,2.02,12,13,2,72.28
Bundesliga,Hamburger SV,Guilherme Ramos,0,0.23,1,0,0,68.89
Bundesliga,Borussia M'gladbach,Kota Takai,0,0.16,0,11,0,88.03
Bundesliga,Borussia M'gladbach,Marvin Friedrich,0,0.0,0,6,0,82.35
Bundesliga,1. FSV Mainz 05,Lennard Maloney,0,0.36,0,10,0,72.25
Bundesliga,FC Augsburg,Rodrigo Ribeiro,2,3.51,8,6,0,68.38
Bundesliga,VfB Stuttgart,Jeremy Arevalo,0,0.13,1,0,1,73.68
Bundesliga,SV Werder Bremen,Yukinari Sugawara,0,1.85,11,36,6,79.87
Bundesliga,VfL Wolfsburg,Kento Shiogai,1,1.52,3,7,0,71.43
Bundesliga,VfL Wolfsburg,Saël Kumbedi,0,0.39,16,45,5,77.4
Bundesliga,Borussia M'gladbach,Lukas Ullrich,0,0.58,9,28,0,77.82
Bundesliga,SC Freiburg,Rouven Tarnutzer,0,0.0,0,0,0,100.0
Bundesliga,FC Augsburg,Tim Schnitzer,0,0.0,0,0,0,80.0
Bundesliga,FC Bayern München,Maycon Cardozo,0,0.0,0,0,0,93.75
Bundesliga,RB Leipzig,Timo Werner,0,0.0,0,0,0,87.5
Bundesliga,Borussia M'gladbach,Jan Urbich,0,0.0,1,0,0,44.44
Bundesliga,1. FSV Mainz 05,Nelson Weiper,0,2.78,7,3,0,62.59
Bundesliga,FC St. Pauli,Oladapo Afolayan,0,0.62,2,4,0,76.56
Bundesliga,TSG Hoffenheim,Ihlas Bebou,0,0.54,3,1,0,82.61
Bundesliga,1. FC Köln,Youssoupha Niang,0,0.33,0,3,0,69.57
Bundesliga,FC Bayern München,Sacha Boey,0,0.28,1,6,0,86.35
Bundesliga,FC Augsburg,Ismael Gharbi,0,0.23,1,1,0,76.74
Bundesliga,RB Leipzig,Samba Konaté,0,0.02,0,0,0,0.0
Bundesliga,FC St. Pauli,Martijn Kaars,3,3.55,5,7,1,78.85
Bundesliga,VfL Wolfsburg,Jan Bürger,0,0.07,1,3,0,68.75
Bundesliga,FC Augsburg,Samuel Essende,1,1.72,5,4,0,68.48
Bundesliga,1. FSV Mainz 05,Armindo Sieb,2,2.22,6,7,0,69.39
Bundesliga,SV Werder Bremen,Karim Coulibaly,1,0.66,8,27,0,86.71
Bundesliga,1. FSV Mainz 05,Phillip Tietz,6,8.87,12,8,3,58.38
Bundesliga,Hamburger SV,Emir Sahiti,0,0.0,4,0,0,70.97
Bundesliga,VfB Stuttgart,Pascal Stenzel,0,0.31,0,0,0,85.71
Bundesliga,Borussia M'gladbach,Alejo Sarco,0,0.29,1,1,0,69.57
Bundesliga,SV Werder Bremen,Julián Malatini,0,0.03,1,15,0,83.48
Bundesliga,VfB Stuttgart,Josha Vagnoman,1,2.89,6,30,3,81.8
Bundesliga,Eintracht Frankfurt,Jessic Ngankam,0,0.0,1,0,0,88.24
Bundesliga,TSG Hoffenheim,Cole Campbell,0,0.15,1,0,0,84.38
Bundesliga,FC Bayern München,Wisdom Mike,0,0.09,0,0,0,82.35
Bundesliga,1. FC Heidenheim,Benedikt Gimber,0,0.25,5,35,0,83.86
Bundesliga,FC St. Pauli,Andreas Hountondji,4,4.27,9,7,0,66.0
Bundesliga,Eintracht Frankfurt,Younes Ebnoutalib,1,0.65,1,0,0,76.19
Bundesliga,1. FC Heidenheim,Omar Haktab Traore,0,0.43,13,24,2,77.03
Bundesliga,1. FC Köln,Sebastian Sebulonsen,0,1.55,18,44,0,77.09
Bundesliga,VfL Wolfsburg,Jesper Lindstrøm,0,0.97,8,8,0,78.07
Bundesliga,SV Werder Bremen,Keke Topp,1,2.04,5,9,1,75.13
Bundesliga,Hamburger SV,Damion Downs,0,0.59,2,6,0,78.57
Bundesliga,Eintracht Frankfurt,Michy Batshuayi,1,1.13,1,1,0,73.68
Bundesliga,Eintracht Frankfurt,Elye Wahi,0,0.8,1,2,1,83.54
Bundesliga,1. FC Köln,Jusuf Gazibegović,0,0.0,0,0,0,83.33
Bundesliga,FC Augsburg,Uchenna Ogundu,0,0.23,0,0,0,55.56
Bundesliga,FC St. Pauli,Taichi Hara,0,0.14,0,0,0,42.86
Bundesliga,FC Augsburg,Aiman Dardari,0,0.06,0,0,0,60.0
Bundesliga,1. FC Heidenheim,Adam Kölle,1,0.65,0,1,0,67.74
Bundesliga,SC Freiburg,Maximilian Philipp,0,0.0,0,1,0,50.0
Bundesliga,TSG Hoffenheim,Adam Hložek,0,0.46,0,0,0,81.82
Bundesliga,Bayer 04 Leverkusen,Axel Tape,0,0.22,7,1,0,96.05
Bundesliga,1. FC Köln,Joel Schmied,0,0.23,1,11,0,87.7
Bundesliga,TSG Hoffenheim,Koki Machida,0,0.0,0,1,0,88.89
Bundesliga,FC Bayern München,Deniz Ofli,0,0.0,0,0,0,100.0
Bundesliga,1. FC Union Berlin,Linus Guther,0,0.0,0,0,0,0.0
Bundesliga,SC Freiburg,Merlin Röhl,0,0.0,0,1,0,89.29
Bundesliga,Bayer 04 Leverkusen,Tim Oermann,0,0.0,0,1,0,55.56
Bundesliga,Hamburger SV,Shafiq Nandja,0,0.0,0,0,0,80.0
Bundesliga,RB Leipzig,Kosta Nedeljković,0,0.0,0,1,0,87.1
Bundesliga,VfL Wolfsburg,Kilian Fischer,0,0.11,1,20,0,80.55
Bundesliga,1. FC Köln,Cenny Neumann,0,0.0,0,2,0,71.43
Bundesliga,VfB Stuttgart,Nick Woltemade,0,0.0,1,1,0,55.56
Bundesliga,RB Leipzig,Xavi Simons,0,0.0,2,0,0,89.19
Bundesliga,Hamburger SV,Aboubaka Soumahoro,0,0.0,0,1,0,90.0
Bundesliga,VfL Wolfsburg,Jonas Adjei Adjetey,0,0.08,1,2,0,72.22
Bundesliga,1. FSV Mainz 05,Fabio Moreno Fell,0,0.07,1,0,0,52.17
Bundesliga,Eintracht Frankfurt,Aurélio Buta,0,0.02,1,6,0,77.94
Bundesliga,Hamburger SV,Immanuel Pherai,0,0.05,1,2,0,78.26
Bundesliga,Borussia Dortmund,Filippo Mané,0,0.0,0,1,0,86.27
Bundesliga,TSG Hoffenheim,Kevin Akpoguma,0,0.0,0,4,0,82.5
Bundesliga,FC Bayern München,Cassiano Kiala,0,0.0,0,0,0,100.0
Bundesliga,Borussia Dortmund,Mathis Albert,0,0.0,0,1,0,66.67
Bundesliga,SV Werder Bremen,Isak Hansen Aarøen,0,0.0,0,2,0,60.0
Bundesliga,FC Bayern München,Erblin Osmani,0,0.0,0,0,0,83.33
Bundesliga,TSG Hoffenheim,Yannick Eduardo,0,0.0,0,0,0,0.0
Bundesliga,1. FC Heidenheim,Leart Paqarada,0,0.0,0,0,0,100.0
Bundesliga,Hamburger SV,Louis Lemke,0,0.0,0,0,0,0.0
Bundesliga,1. FC Heidenheim,Tobias Weigel,0,0.0,0,0,0,100.0
Bundesliga,RB Leipzig,Kevin Kampl,0,0.0,0,0,0,50.0
Bundesliga,1. FC Union Berlin,Dmytro Bogdanov,0,0.97,0,0,0,100.0
Ligue 1,RC Lens,Mathieu Gorgelin,0,0.0,0,0,0,70.59
Ligue 1,Le Havre,Lionel Mpasi Nzau,0,0.0,0,0,0,69.13
Ligue 1,RC Lens,Mezian Mesloub,1,0.16,0,0,0,75.0
Ligue 1,Olympique Lyonnais,Rémy Descamps,0,0.0,1,0,0,74.07
Ligue 1,Paris Saint-Germain,Vitinha,1,1.06,13,24,7,93.77
Ligue 1,RC Strasbourg,Dilane Bakwa,1,0.15,5,1,2,88.1
Ligue 1,Paris Saint-Germain,Ousmane Dembélé,10,6.6,24,6,7,83.09
Ligue 1,Paris FC,Ilan Kebbal,9,6.55,32,32,4,86.08
Ligue 1,Olympique de Marseille,Mason Greenwood,16,14.39,54,15,7,81.69
Ligue 1,Nantes,Patrik Carlgren,0,0.0,0,0,0,45.9
Ligue 1,Angers,Hervé Koffi,0,0.0,0,2,0,70.14
Ligue 1,RC Lens,Allan Saint-Maximin,3,1.57,14,3,3,86.83
Ligue 1,RC Strasbourg,Karl-Johan Johnsson,0,0.0,0,0,0,78.13
Ligue 1,Paris Saint-Germain,Marquinhos,0,0.14,2,15,0,95.1
Ligue 1,Paris Saint-Germain,Lucas Beraldo,2,1.66,0,31,1,93.5
Ligue 1,Lille,Aïssa Mandi,1,1.19,4,33,0,91.9
Ligue 1,Paris Saint-Germain,Nuno Mendes,4,4.33,25,25,5,89.45
Ligue 1,RC Lens,Florian Thauvin,11,10.9,50,25,6,78.99
Ligue 1,Lille,Berke Özer,0,0.0,0,3,1,79.73
Ligue 1,Paris Saint-Germain,Bradley Barcola,11,10.83,36,30,1,83.5
Ligue 1,Stade Rennais,Valentin Rongier,2,1.0,19,74,5,89.13
Ligue 1,Paris Saint-Germain,Matvey Safonov,0,0.0,0,0,0,81.82
Ligue 1,RC Lens,Malang Sarr,0,1.44,6,65,1,88.52
Ligue 1,Olympique de Marseille,Pierre-Emile Højbjerg,4,3.26,17,38,5,89.78
Ligue 1,RC Lens,Andy Diouf,0,0.22,3,1,0,82.5
Ligue 1,Toulouse,Aron Dønnum,4,4.79,25,46,4,78.95
Ligue 1,Olympique Lyonnais,Moussa Niakhaté,0,0.3,5,36,2,89.88
Ligue 1,Paris Saint-Germain,Khvicha Kvaratskhelia,8,7.91,44,24,4,87.89
Ligue 1,AS Monaco,Lamine Camara,3,2.06,16,55,4,85.87
Ligue 1,Olympique Lyonnais,Tyler Morton,2,1.73,14,48,2,87.8
Ligue 1,RC Lens,Samson Baidoo,2,1.64,7,34,1,92.63
Ligue 1,Stade Brestois,Grégoire Coudert,0,0.0,1,0,0,59.24
Ligue 1,Olympique Lyonnais,Corentin Tolisso,11,10.97,6,32,4,84.25
Ligue 1,Paris Saint-Germain,Renato Marin,0,0.0,0,0,0,81.08
Ligue 1,Toulouse,Jaydee Canvot,0,0.14,2,2,0,91.51
Ligue 1,Toulouse,Cristian Cásseres Jr.,2,1.74,16,78,3,85.19
Ligue 1,Paris Saint-Germain,Désiré Doué,7,7.92,32,32,4,85.87
Ligue 1,Olympique de Marseille,Nayef Aguerd,1,0.63,1,22,0,92.86
Ligue 1,Lille,Benjamin André,2,3.24,14,66,2,83.41
Ligue 1,Olympique Lyonnais,Endrick,5,6.56,36,13,7,74.83
Ligue 1,RC Strasbourg,Valentín Barco,2,3.27,24,54,4,86.34
Ligue 1,Paris Saint-Germain,João Neves,5,2.8,8,27,1,91.43
Ligue 1,RC Lens,Wesley Saïd,12,9.91,26,21,2,82.5
Ligue 1,Paris Saint-Germain,Ilya Zabarnyi,1,0.5,3,32,0,94.53
Ligue 1,RC Lens,Mamadou Sangare,3,3.34,32,86,4,86.23
Ligue 1,Nantes,Anthony Lopes,0,0.12,1,1,0,73.28
Ligue 1,Olympique Lyonnais,Georges Mikautadze,1,1.06,5,0,0,84.38
Ligue 1,Toulouse,Yann Gboho,8,5.9,77,26,3,82.08
Ligue 1,Paris Saint-Germain,Fabián Ruiz,1,1.37,2,17,4,92.57
Ligue 1,Olympique de Marseille,Gerónimo Rulli,0,0.04,1,2,0,80.11
Ligue 1,Lorient,Pablo Pagis,10,7.71,23,27,5,77.83
Ligue 1,Le Havre,Issa Soumaré,8,14.72,26,36,5,69.07
Ligue 1,Auxerre,Bryan Okoh,3,0.68,0,13,0,84.63
Ligue 1,RC Lens,Ismaelo Ganiou,3,2.14,10,39,0,86.79
Ligue 1,RC Strasbourg,Julio Enciso,3,7.6,54,21,6,83.81
Ligue 1,RC Lens,Robin Risser,0,0.0,0,0,1,77.56
Ligue 1,Olympique Lyonnais,Afonso Moreira,4,2.69,24,33,7,80.85
Ligue 1,AS Monaco,Maghnes Akliouche,6,7.23,26,39,6,85.16
Ligue 1,Olympique Lyonnais,Malick Fofana,2,2.73,7,11,1,80.63
Ligue 1,Stade Rennais,Esteban Lepaul,21,15.68,9,7,5,77.46
Ligue 1,Paris Saint-Germain,Lucas Hernández,0,0.52,3,25,3,91.81
Ligue 1,Angers,Branco Van den Boomen,0,1.15,4,27,1,89.09
Ligue 1,Nantes,Frédéric Guilbert,0,0.4,5,16,0,76.54
Ligue 1,RC Lens,Matthieu Udol,1,4.53,15,51,7,83.46
Ligue 1,Nice,Yehvann Diouf,0,0.0,1,0,0,70.29
Ligue 1,Stade Rennais,Anthony Rouault,1,1.51,3,25,0,88.24
Ligue 1,AS Monaco,Mohammed Salisu,1,0.77,2,25,0,87.5
Ligue 1,Auxerre,Donovan Léon,0,0.0,1,3,0,51.1
Ligue 1,Le Havre,Mory Diaw,0,0.0,0,2,1,72.18
Ligue 1,Paris Saint-Germain,Kang-in Lee,3,2.66,28,17,4,91.09
Ligue 1,Auxerre,Kévin Danois,3,2.01,35,78,1,85.35
Ligue 1,Lille,Matías Fernández-Pardo,8,8.82,36,20,5,81.8
Ligue 1,Le Havre,Gautier Lloris,1,0.92,1,41,1,91.36
Ligue 1,Lorient,Arthur Avom Ebong,2,1.08,21,55,1,83.95
Ligue 1,Le Havre,Rassoul Ndiaye,4,3.05,22,68,4,83.89
Ligue 1,Olympique Lyonnais,Dominik Greif,0,0.0,0,2,1,78.59
Ligue 1,Paris Saint-Germain,Warren Zaïre-Emery,3,1.22,30,48,4,93.69
Ligue 1,RC Strasbourg,Diego Moreira,4,2.02,36,44,6,81.35
Ligue 1,AS Monaco,Eric Dier,1,0.49,0,7,0,93.75
Ligue 1,RC Lens,Kyllian Antonio,0,0.06,2,6,1,86.05
Ligue 1,Nice,Brad-Hamilton Mantsounga,0,0.0,0,6,0,98.84
Ligue 1,Metz,Pape Sy,0,0.0,0,1,0,66.67
Ligue 1,Nantes,Rémy Cabella,2,3.1,4,16,0,83.98
Ligue 1,Lorient,Yvon Mvogo,0,0.0,1,1,0,77.9
Ligue 1,Stade Rennais,Jérémy Jacquet,0,1.04,4,27,0,90.43
Ligue 1,Auxerre,Lassine Sinayoko,12,11.86,32,42,4,75.96
Ligue 1,Stade Rennais,Przemysław Frankowski,1,0.5,4,40,2,82.06
Ligue 1,RC Strasbourg,Samir El Mourabet,1,0.33,18,79,2,89.92
Ligue 1,Metz,Jonathan Fischer,0,0.0,0,0,0,78.95
Ligue 1,Saint-Étienne,Julien Le Cardinal,1,0.82,0,5,0,81.94
Ligue 1,Metz,Gauthier Hein,8,8.07,9,18,7,89.83
Ligue 1,Paris Saint-Germain,Willian Pacho,0,1.0,1,40,0,95.04
Ligue 1,Lille,Nabil Bentaleb,2,1.33,5,18,2,86.83
Ligue 1,Toulouse,Charlie Cresswell,3,3.42,1,26,2,85.66
Ligue 1,Nantes,Matthis Abline,6,7.95,51,20,4,70.63
Ligue 1,Stade Brestois,Michel Diaz,0,0.93,3,27,0,85.83
Ligue 1,Olympique de Marseille,Amine Gouiri,8,6.23,19,12,3,83.25
Ligue 1,RC Lens,Ruben Aguilar,2,0.92,7,38,2,84.38
Ligue 1,Nice,Jonathan Clauss,1,1.29,27,65,6,80.38
Ligue 1,Paris Saint-Germain,Lucas Chevalier,0,0.0,0,0,0,87.72
Ligue 1,AS Monaco,Jordan Teze,1,0.65,3,61,2,83.33
Ligue 1,Olympique de Marseille,Geoffrey Kondogbia,0,0.27,6,14,0,87.27
Ligue 1,Lille,Hakon Arnar Haraldsson,8,7.86,20,25,1,86.72
Ligue 1,Stade Rennais,Brice Samba,0,0.0,0,2,0,77.45
Ligue 1,Toulouse,Pape Diop,1,1.37,4,32,2,87.28
Ligue 1,Nantes,Chidozie Awaziem,1,0.6,4,28,2,84.65
Ligue 1,Paris FC,Kevin Trapp,0,0.0,0,0,0,69.37
Ligue 1,RC Lens,Saud Abdulhamid,2,0.83,4,34,4,88.87
Ligue 1,Metz,Sadibou Sané,2,0.33,3,46,1,89.42
Ligue 1,Lille,Hamza Igamane,5,3.57,13,7,1,74.8
Ligue 1,Stade Brestois,Brendan Chardonnet,1,0.72,1,36,3,84.0
Ligue 1,Auxerre,Théo De Percin,0,0.0,0,0,0,53.88
Ligue 1,Paris FC,Pierre Lees Melou,1,1.27,10,65,3,82.73
Ligue 1,Lorient,Laurent Abergel,1,0.8,9,35,0,88.12
Ligue 1,AS Monaco,Philipp Köhn,0,0.0,0,0,0,75.65
Ligue 1,Paris FC,Luca Koleosho,3,1.96,7,24,1,76.06
Ligue 1,Olympique de Marseille,Emerson,0,0.58,8,47,3,88.73
Ligue 1,Olympique Lyonnais,Clinton Mata,0,0.15,8,39,0,90.66
Ligue 1,Stade Brestois,Joris Chotard,2,1.33,4,66,1,80.92
Ligue 1,Olympique de Marseille,Pierre-Emerick Aubameyang,10,13.21,11,8,5,81.49
Ligue 1,RC Strasbourg,Emmanuel Emegha,4,3.9,3,0,2,82.69
Ligue 1,Lorient,Arsène Kouassi,2,0.64,37,26,6,86.84
Ligue 1,Olympique de Marseille,Igor Paixão,6,6.45,27,29,5,82.69
Ligue 1,Stade Brestois,Ludovic Ajorque,8,9.34,12,28,9,69.64
Ligue 1,RC Strasbourg,Mike Penders,0,0.0,0,0,0,86.07
Ligue 1,RC Strasbourg,Martial Godo,10,7.89,24,16,1,82.99
Ligue 1,Stade Rennais,Quentin Merlin,1,1.29,16,56,5,78.44
Ligue 1,Lorient,Noah Cadiou,3,1.8,13,24,1,87.71
Ligue 1,Lorient,Montassar Talbi,0,0.72,3,22,1,89.2
Ligue 1,RC Lens,Adrien Thomasson,3,7.03,19,99,9,83.23
Ligue 1,Paris FC,Otávio,1,0.58,6,50,0,88.45
Ligue 1,AS Monaco,Krépin Diatta,0,1.2,6,31,1,78.38
Ligue 1,Olympique de Marseille,Hilan Hamzaoui Slimani,0,0.0,0,2,0,100.0
Ligue 1,Lille,André Gomes,0,0.0,3,0,0,100.0
Ligue 1,Lorient,Formose Mendy,0,0.0,0,3,0,86.05
Ligue 1,Angers,Melvin Zinga,0,0.0,0,1,0,64.06
Ligue 1,Olympique de Marseille,Ange Lago,0,0.15,0,5,0,80.0
Ligue 1,AS Monaco,Thilo Kehrer,0,1.64,4,65,0,87.1
Ligue 1,RC Strasbourg,Guéla Doué,2,2.11,18,50,6,87.1
Ligue 1,Auxerre,Sinaly Diomandé,2,1.8,5,33,2,86.25
Ligue 1,RC Lens,Odsonne Édouard,12,11.51,16,10,3,80.21
Ligue 1,Paris FC,Diego Coppola,0,0.28,2,12,2,86.17
Ligue 1,Stade Rennais,Mousa Tamari,6,5.22,33,27,6,81.22
Ligue 1,RC Strasbourg,Joaquin Panichelli,16,14.21,11,26,1,72.53
Ligue 1,Nice,Sofiane Diop,8,7.18,32,22,2,77.99
Ligue 1,Olympique Lyonnais,Pavel Šulc,11,9.1,15,24,3,74.47
Ligue 1,Lille,Romain Perraud,3,2.22,14,44,4,85.75
Ligue 1,Auxerre,Oussama El Azzouzi,1,0.52,6,19,0,90.67
Ligue 1,Olympique de Marseille,Leonardo Balerdi,0,2.26,10,49,1,92.05
Ligue 1,Stade Rennais,Abdelhamid Ait Boudlal,2,1.73,10,22,1,88.66
Ligue 1,Le Havre,Abdoulaye Touré,2,1.5,3,12,0,87.21
Ligue 1,RC Lens,Amadou Haidara,1,0.14,0,0,1,88.8
Ligue 1,Lille,Félix Correia,4,5.28,17,29,5,78.73
Ligue 1,Paris FC,Moustapha Mbow,0,0.64,6,52,1,91.7
Ligue 1,AS Monaco,Ansu Fati,11,9.57,14,15,0,82.67
Ligue 1,Lille,Thomas Meunier,1,1.34,12,31,2,82.77
Ligue 1,Lille,Nathan Ngoy,1,1.28,7,33,2,91.44
Ligue 1,Stade Rennais,Seko Fofana,1,1.04,12,3,0,91.11
Ligue 1,RC Strasbourg,Sebastian Nanasi,7,4.11,8,12,2,83.05
Ligue 1,Metz,Koffi Kouao,2,1.75,30,72,1,86.44
Ligue 1,AS Monaco,Aladji Bamba,0,0.12,14,33,2,81.94
Ligue 1,Stade Rennais,Alidu Seidu,0,0.14,7,35,1,91.81
Ligue 1,Nantes,Ignatius Ganago,3,3.4,7,5,1,65.1
Ligue 1,Olympique de Marseille,Angel Gomes,3,1.42,6,10,0,90.89
Ligue 1,Auxerre,Romain Faivre,0,0.62,12,7,2,82.02
Ligue 1,RC Lens,Fode Sylla,0,0.0,0,9,0,83.93
Ligue 1,Le Havre,Étienne Youte Kinkoue,0,0.0,0,6,0,84.08
Ligue 1,AS Monaco,Aleksandr Golovin,5,3.72,19,26,5,82.56
Ligue 1,Le Havre,Fodé Doucouré,3,2.1,7,36,1,81.02
Ligue 1,Angers,Ousmane Camara,1,0.63,3,47,0,90.6
Ligue 1,Le Havre,Sofiane Boufal,1,1.5,25,25,4,75.79
Ligue 1,Nantes,Johann Lepenant,0,0.93,10,79,1,80.19
Ligue 1,Paris FC,Maxime López,0,1.35,9,23,3,89.33
Ligue 1,Lille,Ethan Mbappé,3,1.51,6,14,1,82.7
Ligue 1,Lorient,Théo Le Bris,2,1.74,11,40,2,86.26
Ligue 1,Lorient,Jean Victor Makengo,4,3.11,24,28,2,82.83
Ligue 1,AS Monaco,Denis Zakaria,2,1.71,8,38,1,93.25
Ligue 1,Stade Rennais,Ludovic Blas,5,5.1,27,21,4,83.02
Ligue 1,Olympique de Marseille,Himad Abdelli,2,2.13,15,24,0,87.59
Ligue 1,RC Strasbourg,Gessime Yassine,0,0.82,10,23,1,82.68
Ligue 1,Stade Rennais,Lilian Brassier,0,0.78,7,30,1,85.96
Ligue 1,Olympique Lyonnais,Tanner Tessmann,1,2.26,9,29,0,85.98
Ligue 1,Olympique Lyonnais,Abner Vinícius,3,1.56,9,34,2,84.52
Ligue 1,Le Havre,Lucas Gourna-Douath,0,0.22,8,26,0,86.96
Ligue 1,Stade Rennais,Sebastian Szymański,1,0.68,3,23,3,78.84
Ligue 1,Olympique de Marseille,Facundo Medina,0,0.3,4,19,1,91.37
Ligue 1,Auxerre,Marvin Senaya,1,1.38,3,57,0,76.32
Ligue 1,Le Havre,Noam Obougou,1,0.13,2,0,0,46.15
Ligue 1,Stade Brestois,Romain Del Castillo,9,8.15,29,59,3,74.95
Ligue 1,RC Strasbourg,Andrew Omobamidele,1,0.51,0,7,0,96.36
Ligue 1,Angers,Lilian Raolisoa,2,0.91,17,52,4,73.85
Ligue 1,Angers,Jordan Lefort,0,0.54,10,51,2,86.59
Ligue 1,Lorient,Panos Katseris,1,0.85,10,12,2,79.76
Ligue 1,Le Havre,Arouna Sangante,1,0.43,4,41,1,85.67
Ligue 1,Auxerre,Gideon Mensah,0,0.0,16,51,2,82.34
Ligue 1,Stade Brestois,Hugo Magnetti,1,0.73,17,70,1,84.21
Ligue 1,Paris FC,Jonathan Ikoné,3,3.09,18,17,1,83.84
Ligue 1,Nice,Hicham Boudaoui,1,1.59,15,27,2,83.83
Ligue 1,Nice,Antoine Mendy,1,2.21,6,54,0,85.12
Ligue 1,Paris FC,Marshall Munetsi,4,3.66,5,13,1,71.43
Ligue 1,Nantes,Fabien Centonze,3,1.35,4,31,0,75.88
Ligue 1,Stade Brestois,Kamory Doumbia,5,4.78,17,61,4,82.45
Ligue 1,Paris Saint-Germain,Senny Mayulu,4,4.09,16,48,4,89.18
Ligue 1,Olympique Lyonnais,Noah Nartey,2,1.05,14,11,0,87.28
Ligue 1,Auxerre,Francisco Sierralta,1,1.03,2,14,0,89.63
Ligue 1,Nantes,Mohamed Kaba,0,1.01,6,28,2,79.11
Ligue 1,Lorient,Isaak Touré,0,0.0,0,0,0,78.95
Ligue 1,Nantes,Sékou Doucouré,0,0.0,0,0,0,86.67
Ligue 1,Olympique de Marseille,Derek Cornelius,0,0.0,0,0,0,85.71
Ligue 1,Le Havre,Ayumu Seko,0,1.04,2,42,0,84.66
Ligue 1,Olympique Lyonnais,Mathys de Carvalho,0,0.44,1,8,0,93.75
Ligue 1,Metz,Benjamin Stambouli,0,0.34,10,23,0,82.0
Ligue 1,Nice,Pablo Rosario,0,0.09,2,1,0,93.75
Ligue 1,Olympique de Marseille,Benjamin Pavard,1,0.82,0,28,2,91.2
Ligue 1,Nice,Charles Vanhoutte,0,0.21,8,47,2,84.48
Ligue 1,Lorient,Ahmadou Bamba Dieng,10,8.81,6,7,1,76.44
Ligue 1,AS Monaco,Lukáš Hrádecký,0,0.0,0,1,0,66.89
Ligue 1,Nice,Kojo Peprah Oppong,1,1.59,12,48,0,92.69
Ligue 1,Toulouse,Mark McKenzie,0,0.32,6,44,2,86.38
Ligue 1,Nice,Jérémie Boga,2,1.57,13,4,2,83.33
Ligue 1,AS Monaco,Wout Faes,0,0.4,1,15,0,92.97
Ligue 1,Toulouse,Rafik Messali,0,0.0,4,10,0,75.71
Ligue 1,Paris Saint-Germain,Ibrahim Mbaye,3,3.28,21,14,2,86.49
Ligue 1,Nice,Tom Louchet,3,2.98,12,35,2,78.84
Ligue 1,RC Lens,Andrija Bulatovic,0,0.67,6,33,4,82.44
Ligue 1,Olympique de Marseille,Ethan Nwaneri,2,0.71,5,3,1,87.79
Ligue 1,Le Havre,Loic Négo,0,0.75,13,52,0,77.81
Ligue 1,RC Strasbourg,Mamadou Sarr,0,0.07,5,15,0,95.01
Ligue 1,Toulouse,Guillaume Restes,0,0.0,0,0,0,66.02
Ligue 1,Nantes,Hyeok-kyu Kwon,0,0.08,0,15,0,86.88
Ligue 1,Auxerre,Elisha Owusu,0,0.16,10,69,0,81.04
Ligue 1,RC Strasbourg,Lucas Høgsberg,0,0.25,1,21,0,92.75
Ligue 1,Nice,Mohamed Ali Cho,4,3.53,18,15,3,78.95
Ligue 1,Metz,Nathan Mbala,2,0.82,6,9,2,73.81
Ligue 1,RC Lens,Morgan Guilavogui,1,1.24,8,14,0,79.33
Ligue 1,Olympique Lyonnais,Rémi Himbert,1,1.05,4,3,0,60.87
Ligue 1,Olympique Lyonnais,Roman Yaremchuk,4,2.23,2,4,1,76.7
Ligue 1,Angers,Haris Belkebla,0,0.28,18,72,0,87.27
Ligue 1,Paris FC,Moses Simon,3,2.73,29,14,3,84.54
Ligue 1,Paris Saint-Germain,Achraf Hakimi,2,2.42,8,18,2,91.05
Ligue 1,Stade Brestois,Kenny Lala,0,0.25,8,39,3,77.82
Ligue 1,AS Monaco,Vanderson,0,0.11,8,24,2,79.95
Ligue 1,RC Strasbourg,Samuel Amo-Ameyaw,2,0.92,28,21,2,88.89
Ligue 1,Nice,Abdulay Juma Bah,0,0.95,9,35,0,91.54
Ligue 1,Angers,Jim Allevinah,1,1.02,1,1,0,89.47
Ligue 1,Auxerre,Naouirou Ahamada,0,0.4,8,10,1,86.04
Ligue 1,Lille,Chancel Mbemba,0,0.52,1,14,0,91.84
Ligue 1,Metz,Urie-Michel Mboula,0,0.11,7,11,0,91.49
Ligue 1,Angers,Yassin Belkhdim,2,2.35,5,59,2,84.12
Ligue 1,Le Havre,Stephan Zagadou,1,0.07,2,11,0,89.05
Ligue 1,Paris FC,Adama Camara,1,1.98,9,58,0,85.96
Ligue 1,Olympique de Marseille,Robinio Vaz,4,2.3,1,5,2,77.14
Ligue 1,AS Monaco,Mamadou Coulibaly,3,1.6,15,37,3,85.07
Ligue 1,Olympique de Marseille,Hamed Junior Traorè,2,2.23,10,9,1,83.04
Ligue 1,RC Strasbourg,Maxi Oyedele,1,0.11,4,13,0,89.73
Ligue 1,Toulouse,Djibril Sidibé,3,2.83,9,48,4,79.84
Ligue 1,AS Monaco,Caio Henrique,0,0.25,6,23,2,80.59
Ligue 1,Nantes,Ali Youssef,0,0.4,2,11,0,83.09
Ligue 1,Metz,Giorgi Tsitaishvili,3,1.49,42,19,2,78.83
Ligue 1,Olympique de Marseille,Matt O'Riley,1,0.83,2,18,2,88.29
Ligue 1,Paris Saint-Germain,Dimitri Lucea,0,0.0,0,4,0,90.38
Ligue 1,Olympique Lyonnais,Steeve Kango,0,0.0,1,2,0,92.73
Ligue 1,AS Monaco,Paul Pogba,0,0.06,0,4,0,83.02
Ligue 1,AS Monaco,Folarin Balogun,13,13.39,14,5,4,73.15
Ligue 1,Olympique Lyonnais,Ainsley Maitland-Niles,1,2.39,14,57,4,85.14
Ligue 1,RC Lens,Rayan Fofana,5,5.61,13,11,0,75.86
Ligue 1,Olympique de Marseille,Timothy Weah,2,1.71,15,48,2,85.97
Ligue 1,Metz,Giorgi Kvilitaia,2,1.03,4,7,0,69.92
Ligue 1,Angers,Abdoulaye Bamba,0,0.02,0,6,0,77.33
Ligue 1,AS Monaco,Stanis Idumbo Muzambo,1,0.56,1,3,1,90.2
Ligue 1,Lorient,Igor Silva,1,0.46,3,21,0,86.9
Ligue 1,Lille,Ayyoub Bouaddi,0,1.65,34,59,1,84.73
Ligue 1,RC Strasbourg,Junior Mwanga,1,1.2,18,39,1,86.28
Ligue 1,Lille,Arnaud Bodart,0,0.0,0,0,0,73.63
Ligue 1,Nice,Gabin Bernardeau,0,0.08,0,4,0,67.44
Ligue 1,Metz,Ibou Sane,1,0.36,2,7,1,82.44
Ligue 1,Stade Rennais,Mohamed Kader Meite,3,3.5,6,3,2,65.06
Ligue 1,Toulouse,Rasmus Nicolaisen,1,0.85,3,25,0,86.42
Ligue 1,Nice,Dante,0,0.28,1,8,1,90.0
Ligue 1,Le Havre,Reda Khadra,0,0.21,5,7,0,70.91
Ligue 1,Stade Brestois,Remy Labeau Lascary,5,5.65,20,16,1,80.09
Ligue 1,Metz,Habibou Diallo,4,6.73,13,9,1,66.67
Ligue 1,Stade Rennais,Arnaud Nordin,1,1.0,6,9,2,78.48
Ligue 1,Le Havre,Thomas Delaine,0,0.07,2,2,0,73.77
Ligue 1,Lille,Gaëtan Perrin,1,0.53,10,12,0,78.69
Ligue 1,Toulouse,Julian Vignolo,2,1.44,3,3,0,60.98
Ligue 1,Lorient,Karim Dermane,1,1.17,20,25,2,84.93
Ligue 1,Lille,Osame Sahraoui,1,0.9,15,6,2,80.83
Ligue 1,Paris Saint-Germain,Dro Fernández,1,1.01,6,13,0,91.07
Ligue 1,Lorient,Aiyegun Tosin,5,6.17,13,5,0,77.66
Ligue 1,Nice,Tanguy Ndombélé,0,0.54,1,3,1,90.91
Ligue 1,Angers,Amine Sbai,3,3.91,37,20,1,72.15
Ligue 1,Olympique de Marseille,Amir Murillo,2,1.03,8,21,1,86.01
Ligue 1,Toulouse,Frank Magri,5,4.48,10,8,1,73.89
Ligue 1,Olympique Lyonnais,Adam Karabec,1,1.65,11,4,0,80.73
Ligue 1,Stade Brestois,Mama Baldé,2,2.9,10,13,2,71.6
Ligue 1,Olympique Lyonnais,Martín Satriano,2,1.79,5,5,1,83.44
Ligue 1,Stade Brestois,Bradley Locko,0,0.12,12,53,2,77.66
Ligue 1,Stade Rennais,Mikayil Faye,0,0.0,0,0,0,77.78
Ligue 1,Nice,Billal Brahimi,0,0.0,0,0,0,100.0
Ligue 1,RC Lens,Erawan Garnier,0,0.0,0,1,0,88.89
Ligue 1,Le Havre,Paul Argney,0,0.0,0,0,0,80.0
Ligue 1,Lille,Maxima Goffi,0,0.0,1,1,0,86.36
Ligue 1,Angers,Bané Diatta,0,0.0,0,1,0,100.0
Ligue 1,Auxerre,Clement Akpa,0,0.21,11,31,0,80.52
Ligue 1,Toulouse,Abu Francis,0,0.13,3,19,0,82.77
Ligue 1,RC Lens,Jonathan Gradit,0,0.11,3,17,0,91.54
Ligue 1,Metz,Jessy Deminguet,2,0.98,10,44,0,89.12
Ligue 1,Metz,Boubacar Traoré,1,0.99,18,47,0,86.66
Ligue 1,Lille,Calvin Verdonk,0,0.08,0,15,0,82.5
Ligue 1,Olympique Lyonnais,Nicolás Tagliafico,0,1.51,3,29,3,85.46
Ligue 1,AS Monaco,Christian Mawissa,0,0.34,18,30,0,89.99
Ligue 1,Toulouse,Santiago Hidalgo,4,2.68,11,38,6,74.91
Ligue 1,Le Havre,Godson Kyeremeh,1,1.08,5,7,1,80.6
Ligue 1,Angers,Carlens Arcus,0,0.29,2,37,3,87.53
Ligue 1,Angers,Harouna Djibirin,2,1.05,3,7,1,69.74
Ligue 1,Metz,Jahyann Pandore,1,0.25,0,4,0,71.79
Ligue 1,Lille,Alexsandro Ribeiro,0,0.37,2,11,0,90.07
Ligue 1,Toulouse,Waren Kamanzi,1,0.88,13,19,1,87.33
Ligue 1,Nice,Melvin Bard,2,1.07,16,52,1,80.53
Ligue 1,Lorient,Bamo Meïté,0,0.76,7,28,3,84.8
Ligue 1,AS Monaco,Simon Adingra,3,2.47,23,11,2,76.81
Ligue 1,Paris FC,Nouha Dicko,1,0.4,0,1,1,76.92
Ligue 1,Stade Rennais,Breel Embolo,8,8.95,15,19,3,70.44
Ligue 1,Olympique de Marseille,Conrad Jaden Egan-Riley,0,0.0,1,10,0,92.73
Ligue 1,RC Lens,Anthony Bermont,0,0.21,2,1,0,86.21
Ligue 1,Paris FC,Rudy Matondo,2,1.01,14,28,0,87.08
Ligue 1,Auxerre,Danny Namaso,3,5.49,33,35,3,84.07
Ligue 1,RC Strasbourg,Tyrese Noubissie,0,0.0,0,0,0,91.11
Ligue 1,Lille,Tiago Santos,0,0.44,3,14,0,83.85
Ligue 1,RC Lens,Abdallah Sima,2,2.97,4,7,2,76.35
Ligue 1,Auxerre,Sékou Mara,3,3.08,17,13,2,72.8
Ligue 1,Nantes,Francis Coquelin,0,0.15,5,17,1,87.97
Ligue 1,Stade Rennais,Djaoui Cissé,0,0.79,9,33,0,80.7
Ligue 1,Le Havre,Yanis Zouaoui,1,1.37,20,48,1,77.67
Ligue 1,Paris FC,Vincent Marchetti,2,2.18,10,18,1,87.53
Ligue 1,Paris FC,Alimami Gory,5,3.62,4,19,1,82.35
Ligue 1,Angers,Florent Hanin,0,0.04,3,15,0,77.75
Ligue 1,Stade Brestois,Lucas Tousart,1,0.64,3,29,0,81.04
Ligue 1,Nice,Elye Wahi,5,3.61,6,5,1,68.09
Ligue 1,Auxerre,Gabriel Osho,0,0.0,0,3,0,93.24
Ligue 1,Stade Brestois,Radosław Majecki,0,0.0,0,0,0,67.79
Ligue 1,Auxerre,Lasso Coulibaly,0,0.24,15,6,0,77.78
Ligue 1,Stade Rennais,Mahdi Camara,3,3.19,25,62,1,88.58
Ligue 1,Stade Brestois,Hamidou Makalou,0,0.18,4,6,0,83.42
Ligue 1,Auxerre,Lamine Sy,0,1.06,13,42,0,83.2
Ligue 1,RC Strasbourg,Abdoul Ouattara,2,2.51,8,23,0,90.02
Ligue 1,Metz,Morgan Bokele Mputu,0,0.34,3,5,0,79.0
Ligue 1,Angers,Marius Louër,0,0.0,4,20,0,86.34
Ligue 1,Olympique de Marseille,Quinten Timber,0,1.0,16,31,0,85.98
Ligue 1,Stade Rennais,Mahamadou Nagida,0,0.55,12,20,0,83.66
Ligue 1,Paris FC,Tuomas Ollila,0,0.14,2,2,0,72.8
Ligue 1,Le Havre,Timothee Pembele,0,0.39,5,11,0,82.76
Ligue 1,RC Strasbourg,Mathis Amougou,0,0.21,4,17,0,89.08
Ligue 1,Nantes,Mostafa Mohamed,4,2.88,3,10,0,61.58
Ligue 1,Olympique Lyonnais,Khalis Merah,0,0.99,10,27,1,85.43
Ligue 1,Paris FC,Ciro Immobile,2,1.92,3,0,2,69.23
Ligue 1,Auxerre,Assane Dioussé,0,0.12,1,5,0,92.05
Ligue 1,Lille,Olivier Giroud,7,8.72,3,11,1,68.24
Ligue 1,Metz,Giorgi Abuashvili,2,1.02,9,13,0,90.16
Ligue 1,Olympique Lyonnais,Orel Mangala,0,0.21,5,6,0,90.99
Ligue 1,Nantes,Louis Leroux,1,1.66,11,37,1,74.4
Ligue 1,Nantes,Bahereba Guirassy,2,1.79,9,21,1,66.67
Ligue 1,Lille,Soriba Diaoune,1,1.25,5,3,1,79.37
Ligue 1,Olympique de Marseille,Jeffrey De Lange,0,0.0,0,0,0,81.75
Ligue 1,Le Havre,Daren Mosengo,0,0.0,0,2,0,78.85
Ligue 1,Nantes,Yassine Benhattab,0,0.15,8,10,0,72.34
Ligue 1,Nantes,Dehmaine Tabibou,1,1.95,20,30,0,73.82
Ligue 1,RC Strasbourg,Rafael Luis,0,0.18,4,18,1,88.05
Ligue 1,Stade Brestois,Raphaël Le Guen,0,0.2,1,6,0,87.64
Ligue 1,Nantes,Kelvin Amian,0,0.39,5,28,1,80.92
Ligue 1,AS Monaco,Takumi Minamino,3,3.18,4,3,2,73.38
Ligue 1,Toulouse,Seny Koumbassa,1,0.25,0,9,0,85.09
Ligue 1,RC Lens,Nidal Čelik,0,0.03,1,20,0,91.61
Ligue 1,Paris FC,Hamari Traoré,0,0.18,1,30,1,83.06
Ligue 1,Nantes,Nicolas Cozza,0,1.93,8,44,1,76.91
Ligue 1,RC Strasbourg,Ben Chilwell,0,0.32,10,25,2,87.75
Ligue 1,Lille,Ngal'ayel Mukau,1,2.14,13,29,0,87.24
Ligue 1,Nice,Ali Abdi,3,2.4,19,22,0,74.88
Ligue 1,Le Havre,Simon Ebonog,1,1.82,17,39,0,78.89
Ligue 1,Nice,Moise Bombito,0,0.0,0,2,0,84.38
Ligue 1,Nice,Djibril Coulibaly,0,0.0,0,0,0,88.89
Ligue 1,Auxerre,Tidiane Devernois,0,0.0,0,0,0,60.0
Ligue 1,RC Strasbourg,Aarón Anselmino,0,0.0,0,0,0,100.0
Ligue 1,Stade Rennais,Glen Kamara,0,0.0,0,0,0,91.23
Ligue 1,AS Monaco,Pape Cabral,0,0.53,1,2,0,86.54
Ligue 1,Nantes,Hong Hyun-seok,0,0.47,2,9,0,77.03
Ligue 1,Metz,Malick Mbaye,0,0.13,3,10,0,82.29
Ligue 1,Toulouse,Ilyas Azizi,0,0.09,1,1,0,100.0
Ligue 1,Nice,Badredine Bouanani,0,0.07,1,0,0,78.72
Ligue 1,Stade Rennais,Ibrahim Salah,0,0.02,0,1,0,100.0
Ligue 1,Angers,Justin-Noel Kalumba,0,0.02,4,6,0,76.0
Ligue 1,Paris FC,Nhoa Sangui,0,0.26,10,26,0,86.39
Ligue 1,Angers,Sidiki Cherif,4,2.96,11,8,0,74.67
Ligue 1,Nantes,Deiver Machado,0,0.78,7,21,1,82.74
Ligue 1,Le Havre,Younes Namli,0,0.15,5,9,1,70.8
Ligue 1,RC Strasbourg,Félix Lemaréchal,0,0.89,12,17,2,77.35
Ligue 1,Paris FC,Jean-Philippe Krasso,2,3.43,18,13,2,71.48
Ligue 1,Angers,Marius Courcoul,0,0.07,1,15,0,79.62
Ligue 1,Metz,Jean-Philippe Gbamin,1,2.01,26,51,1,88.13
Ligue 1,Stade Brestois,Eric Ebimbe,5,3.6,3,25,0,76.81
Ligue 1,Angers,Goduine Koyalipou,2,2.66,6,3,1,75.0
Ligue 1,Nantes,Ibrahima Sissoko,0,0.21,7,13,0,80.31
Ligue 1,Toulouse,Mario Sauer,1,1.79,3,11,0,77.92
Ligue 1,Lorient,Nathaniel Adjei,0,0.38,1,11,0,91.52
Ligue 1,Lille,Marius Broholm,1,0.98,3,10,1,78.63
Ligue 1,Auxerre,Josué Casimir,1,2.85,10,31,0,78.87
Ligue 1,Nantes,Youssef El Arabi,3,2.53,6,12,0,63.26
Ligue 1,Olympique de Marseille,Bilal Nadir,0,0.49,4,17,4,90.3
Ligue 1,Nice,Morgan Sanson,0,2.52,23,31,2,81.9
Ligue 1,Paris Saint-Germain,Gonçalo Ramos,6,9.0,17,13,1,83.24
Ligue 1,Nantes,Mayckel Lahdo,1,0.36,6,5,1,86.0
Ligue 1,Paris FC,Lohann Doucet,1,0.3,2,1,0,91.07
Ligue 1,Metz,Bouna Sarr,0,1.64,11,23,0,89.55
Ligue 1,Paris FC,Mathieu Cafaro,0,0.4,1,0,0,81.13
Ligue 1,Metz,Brian Madjo,0,0.35,0,0,0,55.56
Ligue 1,Stade Brestois,Soumaila Coulibaly,0,0.35,3,14,0,90.2
Ligue 1,AS Monaco,Kassoum Ouattara,0,0.92,9,27,3,74.27
Ligue 1,Le Havre,Yassine Kechta,2,1.69,7,32,1,79.67
Ligue 1,Stade Rennais,Nordan Mukiele,1,0.12,2,1,0,85.11
Ligue 1,Metz,Cheick Tidiane Sabaly,0,1.62,14,18,2,76.42
Ligue 1,Auxerre,Ibrahim Osman,0,1.86,6,11,2,79.88
Ligue 1,Lorient,Joel Mugisha Mvuka,0,0.52,6,22,0,79.05
Ligue 1,Angers,Pierrick Capelle,0,0.69,3,19,1,80.97
Ligue 1,Olympique Lyonnais,Ernest Nuamah,0,0.19,3,1,0,94.44
Ligue 1,Olympique de Marseille,Nouhoum Kamissoko,0,0.04,0,1,0,83.33
Ligue 1,Angers,Louis Mouton,2,2.96,12,40,1,75.53
Ligue 1,Lorient,Sambou Soumano,4,5.37,5,5,2,73.89
Ligue 1,Nice,Isak Jansson,1,1.75,4,12,0,70.67
Ligue 1,Nice,Kaïl Boudache,1,2.61,6,13,0,74.42
Ligue 1,Paris FC,Willem Geubbels,5,5.68,1,3,0,69.86
Ligue 1,Paris Saint-Germain,Quentin Ndjantou,1,1.49,6,2,1,84.34
Ligue 1,RC Strasbourg,Ismael Doukouré,0,0.43,12,20,2,91.62
Ligue 1,Lorient,Abdoulaye Faye,0,0.59,7,32,0,87.65
Ligue 1,Angers,Prosper Peter,5,5.45,6,7,0,70.92
Ligue 1,Angers,Jacques Ekomié,0,1.12,14,60,0,81.0
Ligue 1,RC Lens,Florian Sotoca,1,0.73,2,6,0,79.68
Ligue 1,Lille,Noah Edjouma,0,0.77,10,11,0,70.33
Ligue 1,Auxerre,Theo Bair,0,0.0,0,0,0,75.0
Ligue 1,Angers,Oumar Pona,0,0.0,0,0,0,78.72
Ligue 1,Stade Brestois,Serigne Diop,0,0.13,1,0,0,50.0
Ligue 1,Lorient,Darlin Yongwa,0,0.47,13,32,1,82.45
Ligue 1,Auxerre,Fredrik Oppegård,0,0.5,9,26,0,79.64
Ligue 1,Toulouse,Emersonn,6,7.37,10,20,2,75.2
Ligue 1,AS Monaco,George Ilenikhena,2,1.44,1,1,0,73.58
Ligue 1,Nantes,Uroš Radaković,0,0.0,0,2,0,62.5
Ligue 1,Toulouse,Dayann Methalie,2,0.94,28,54,1,79.23
Ligue 1,Metz,Maxime Colin,0,0.4,7,40,0,89.3
Ligue 1,Metz,Believe Munongo,0,0.27,3,11,0,84.0
Ligue 1,Nice,Bernard Nguene,0,0.21,1,4,0,75.76
Ligue 1,Olympique Lyonnais,Adil Hamdani,0,0.06,1,1,0,84.62
Ligue 1,Stade Brestois,Luc Zogbé,0,0.04,2,5,0,76.52
Ligue 1,Nice,Terem Moffi,2,3.28,3,1,0,71.62
Ligue 1,Le Havre,Enzo Koffi,0,0.14,8,15,0,72.19
Ligue 1,Auxerre,Telli Siwe,0,0.09,1,6,0,86.42
Ligue 1,Metz,Alpha Touré,0,1.09,15,40,1,86.8
Ligue 1,Le Havre,Ally Samatta,2,3.89,12,11,1,72.35
Ligue 1,Le Havre,Kenny Quetant,1,0.75,2,0,0,63.49
Ligue 1,Olympique Lyonnais,Ruben Kluivert,1,0.53,3,17,2,84.5
Ligue 1,Nantes,Amady Camara,0,0.43,1,4,0,76.0
Ligue 1,Olympique de Marseille,Arthur Vermeeren,0,0.19,5,28,1,88.46
Ligue 1,AS Monaco,Mika Biereth,2,3.31,4,11,2,61.17
Ligue 1,RC Strasbourg,Kendry Páez,1,0.83,6,6,0,77.36
Ligue 1,Paris Saint-Germain,Noah Nsoki,0,0.0,0,1,0,75.0
Ligue 1,Paris Saint-Germain,Mathis Jangeal,0,0.0,0,0,0,100.0
Ligue 1,Lille,Ugo Raghouber,0,0.0,0,0,0,66.67
Ligue 1,RC Strasbourg,Amadou Cissé,0,0.0,1,3,0,84.91
Ligue 1,Rodez AF,Mathis Saka,0,0.0,0,0,0,40.0
Ligue 1,RC Strasbourg,Jean-Baptiste Bosey,0,0.0,0,0,0,0.0
Ligue 1,Paris FC,Mohamed Benoit-Dao,0,0.0,0,0,0,100.0
Ligue 1,Stade Brestois,Ibrahim Yayiya Kante,0,0.0,1,0,0,100.0
Ligue 1,Nice,Zoumana Diallo,0,0.0,0,0,0,0.0
Ligue 1,Nice,Maxime Dupé,0,0.0,0,0,0,65.99
Ligue 1,Stade Rennais,Yassir Zabiri,0,0.73,2,3,0,92.31
Ligue 1,Metz,Idrissa Gueye,0,0.1,0,2,0,50.0
Ligue 1,Olympique de Marseille,Darryl Bakola,0,0.08,1,2,0,84.09
Ligue 1,Olympique de Marseille,Adrien Rabiot,0,0.04,0,0,0,95.12
Ligue 1,Lorient,Mohamed Bamba,1,2.38,4,4,2,75.19
Ligue 1,Le Havre,Felix Mambimbi,1,0.66,4,12,0,72.27
Ligue 1,Stade Brestois,Pathé Mboup,1,3.12,32,20,0,79.1
Ligue 1,Nice,Tiago Gouveia,0,0.85,7,8,0,76.54
Ligue 1,Olympique de Marseille,Tochukwu Nnadi,0,0.62,2,7,1,88.82
Ligue 1,Nice,Salis Abdul Samed,0,0.03,2,11,0,91.84
Ligue 1,Toulouse,Alexis Vossah,1,0.59,4,11,1,80.75
Ligue 1,Paris FC,Timothée Kolodziejczak,0,0.12,1,9,0,90.32
Ligue 1,Paris FC,Samir Sophian Chergui,1,1.73,3,18,0,90.02
Ligue 1,Metz,Fodé Ballo-Touré,0,0.22,13,21,0,90.38
Ligue 1,Paris FC,Julien López,0,0.0,0,0,0,86.67
Ligue 1,Olympique Lyonnais,Rachid Ghezzal,0,0.29,1,7,0,81.31
Ligue 1,Nantes,Bahmed Deuff,0,0.21,2,5,0,83.58
Ligue 1,Stade Brestois,Daouda Guindo,1,1.19,4,37,1,78.07
Ligue 1,Metz,Ismaël Guerti,0,0.0,1,2,0,86.36
Ligue 1,Angers,Lanroy Machine,1,1.75,5,8,0,79.31
Ligue 1,Metz,Terry Yegbe,0,1.05,2,15,1,88.12
Ligue 1,Paris FC,Thibault De Smet,0,0.19,3,23,1,84.57
Ligue 1,Le Havre,Damián Pizarro,0,0.0,0,0,0,66.67
Ligue 1,Toulouse,Jacen Russell Rowe,1,1.44,2,5,0,72.0
Ligue 1,Auxerre,Ryan Rodin,0,0.0,0,0,0,100.0
Ligue 1,Paris FC,Obed Nkambadio,0,0.0,0,0,0,79.58
Ligue 1,Stade Rennais,Elias Legendre Quiñonez Zae,0,0.15,1,2,0,83.33
Ligue 1,RC Strasbourg,David Datro Fofana,0,0.96,2,2,0,84.85
Ligue 1,Nantes,Tylel Tati,0,0.27,8,19,0,88.0
Ligue 1,Metz,Joseph N'Duquidi,0,0.0,0,0,0,66.67
Ligue 1,Stade Brestois,Axel Camblan,0,0.0,0,0,0,100.0
Ligue 1,Lorient,Daniel Semedo,0,0.0,0,0,0,100.0
Ligue 1,Stade Rennais,Mathys Silistrie,0,0.0,0,0,0,87.72
Ligue 1,Olympique de Marseille,Pol Lirola,0,0.0,0,0,0,83.33
Ligue 1,Nice,Kevin Carlos Omoruyi,0,1.84,2,2,0,69.51
Ligue 1,Olympique de Marseille,Ugo Lamare El Kadmiri,0,0.26,0,0,0,60.0
Ligue 1,Angers,Dan Sinaté,0,0.12,2,0,0,88.24
Ligue 1,AS Monaco,Eliesse Ben Seghir,0,0.06,1,2,0,76.0
Ligue 1,RC Lens,Arthur Masuaku,0,0.03,3,5,0,87.12
Ligue 1,Olympique Lyonnais,Saël Kumbedi,0,0.01,0,1,0,53.85
Ligue 1,Stade Rennais,Fabian Rieder,0,0.01,0,3,0,82.35
Ligue 1,Nantes,Mathieu Acapandié,0,0.0,2,5,0,68.57
Ligue 1,AS Monaco,Paris Brunner,0,0.28,2,2,0,68.75
Ligue 1,RC Strasbourg,Yaya Diémé,0,0.19,0,0,0,82.35
Ligue 1,Angers,Emmanuel Biumla,0,0.06,0,7,0,86.83
Ligue 1,Metz,Joel Asoro,0,0.72,1,0,0,56.76
Ligue 1,Metz,Lucas Michal,0,0.77,3,0,0,85.71
Ligue 1,Olympique Lyonnais,Enzo Molebe,0,0.0,0,0,0,60.0
Ligue 1,Olympique Lyonnais,Noham Kamara,0,0.0,0,0,0,100.0
Ligue 1,Olympique de Marseille,Jonathan Rowe,0,0.24,0,0,0,79.17
Ligue 1,Olympique de Marseille,Tadjidine Mmadi,0,0.06,1,1,0,82.61
Ligue 1,RC Strasbourg,Rabby Nzingoula,0,0.03,1,2,0,80.0
Ligue 1,AS Monaco,Ilane Touré,0,0.0,0,0,0,78.26
Ligue 1,Paris FC,Pierre-Yves Hamel,0,0.0,0,0,0,66.67
Ligue 1,Olympique de Marseille,Ulisses Garcia,0,0.08,1,3,0,91.67
Ligue 1,Olympique Lyonnais,Hans Hateboer,0,0.71,1,12,0,86.38
Ligue 1,Lille,Vincent Burlet,0,0.0,0,0,0,92.86
Ligue 1,Toulouse,Kjetil Haug,0,0.0,0,0,0,54.55
Ligue 1,Nice,Youssouf Ndayishimiye,0,0.0,0,0,0,73.68
Ligue 1,Lorient,Bingourou Kamara,0,0.0,0,0,0,79.1
Ligue 1,Lille,Ousmane Touré,0,0.0,0,1,0,85.71
Ligue 1,Nice,Everton Pereira,0,0.16,0,0,0,81.54
Ligue 1,Stade Brestois,Justin Bourgault,0,0.04,1,0,0,100.0
Ligue 1,RC Strasbourg,Idrissa Sabaly,0,0.03,1,1,0,66.67
Ligue 1,Nantes,Abakar Sylla,0,0.28,0,0,0,85.42
Ligue 1,Paris Saint-Germain,Pierre Mounguengue,0,0.41,0,0,0,50.0
Ligue 1,Metz,Cléo Mélières,0,0.0,0,0,0,91.67
Ligue 1,Stade Rennais,Christopher Wooh,0,0.0,1,0,0,94.74
Ligue 1,Olympique de Marseille,Neal Maupay,0,0.0,0,0,0,100.0
Ligue 1,Stade Rennais,Bertuğ Yıldırım,0,0.0,0,0,0,50.0
Ligue 1,Nice,Hamza Koutoune,0,0.0,0,0,0,100.0
Ligue 1,AS Monaco,Samuel Nibombe,0,0.0,0,0,0,0.0
Ligue 1,Lorient,Martin Bley,0,0.0,0,0,0,0.0
Ligue 1,Stade Rennais,Henrick Do Marcolino,0,0.0,0,1,0,33.33
Ligue 1,Le Havre,Georges Gomis,0,0.0,0,0,0,0.0
Ligue 1,Auxerre,Yvan Zaddy,0,0.0,0,0,0,100.0
Ligue 1,Stade Rennais,Lucas Rosier,0,0.0,0,0,0,0.0
Ligue 1,Auxerre,Mamoudou Cissokho,0,0.0,0,0,0,0.0
